config_id,P_ij,B_ij,Dbar_plus_ij,revenue_share_mean,stale_block_rate_mean,n_rounds,n_success,n_status_success,system_config_id,validator_count,node_degree,bandwidth,block_creation_interval,max_block_size,attacker_config_id,attack_strategy,attacker_hash_power,tie_breaking_parameter
10111,0.475,1.9827586206896552,2.0105263157894737,0.266757992007992,0.0057299392274392244,200,58,95,102,104,4,7.1,637257,4082743,11,lead_stubborn,0.3777435584279705,0.3053722478730439
100891,0.57,1.76,2.0,0.3328715728715729,0.0051961590696884795,200,75,114,1009,720,4,87.4,218275,4426223,91,lead_stubborn,0.3969614753991711,0.3291381696463736
100574,0.655,1.8453608247422681,2.015267175572519,0.4417828144078144,0.005671799450549448,200,97,131,1006,720,4,29.9,218275,4426223,74,lead_stubborn,0.4831039344913304,0.9827660363748432
100404,0.325,1.8222222222222222,2.0,0.15380133755133754,0.004641533952158951,200,45,65,1005,720,4,20.9,218275,4426223,4,lead_stubborn,0.2627648343443758,0.7190241322679278
101522,0.285,1.627906976744186,2.0,0.13581429198820508,0.0041536109649089195,200,43,57,1016,887,5,29.9,554442,3210555,22,lead_stubborn,0.24260325729568,0.2220357375157741
102061,0.41,1.7333333333333334,2.0,0.22944642857142855,0.005815416666666661,200,60,82,1021,741,5,5.0,427985,6135317,61,lead_stubborn,0.3070497535774244,0.9179940122389904
101737,0.55,1.935897435897436,2.018181818181818,0.35154549617049613,0.005412818570318571,200,78,110,1018,887,5,61.0,554442,3210555,37,lead_stubborn,0.469568977189866,0.9743873423433428
101955,0.47,1.8181818181818181,2.0,0.27412047674547674,0.0045120777833277835,200,66,94,1020,887,5,125.0,554442,3210555,55,lead_stubborn,0.3277016708096898,0.5663965080474668
102310,0.64,1.946236559139785,2.015625,0.43088690476190483,0.0056548809523809486,200,93,128,1024,741,5,14.6,427985,6135317,10,lead_stubborn,0.4737946714611262,0.5224738795684104
103093,0.295,1.7272727272727273,2.0,0.1597936507936508,0.005287720612720611,200,44,59,1031,429,4,5.0,543574,3645522,93,lead_stubborn,0.2779592827386458,0.3345825728904498
103198,0.275,1.7045454545454546,2.0,0.13545976684134578,0.00442147915895594,200,44,55,1032,429,4,7.1,543574,3645522,98,lead_stubborn,0.21729239263723,0.8840829656528192
10375,0.295,1.625,2.0,0.14579254955570742,0.004731105904254883,200,40,59,104,104,4,14.6,637257,4082743,75,lead_stubborn,0.2525545317138812,0.4401811270174162
103703,0.545,1.9154929577464788,2.0,0.3054087301587301,0.005131051587301587,200,71,109,1038,429,4,61.0,543574,3645522,3,lead_stubborn,0.405342196225377,0.1209354681890304
103433,0.355,1.6511627906976745,2.0,0.16605739603533723,0.004554935244494069,200,43,71,1035,429,4,20.9,543574,3645522,33,lead_stubborn,0.2594311744995365,0.5379384620687854
102822,0.29,1.7560975609756098,2.0172413793103448,0.1504467893217893,0.004297145916175325,200,41,58,1029,741,5,87.4,427985,6135317,22,lead_stubborn,0.24260325729568,0.2220357375157741
104082,0.45,1.859375,2.0,0.2497186147186147,0.004647540792540792,200,64,90,1041,900,6,5.0,1105037,4657678,82,lead_stubborn,0.3128186843462212,0.0598593952629424
104128,0.55,1.8181818181818181,2.0,0.30041504329004326,0.005392523448773446,200,66,110,1042,900,6,7.1,1105037,4657678,28,lead_stubborn,0.4304538627565802,0.2618674911675315
104320,0.325,1.5813953488372092,2.0,0.14307153957153956,0.004028586413586413,200,43,65,1044,900,6,14.6,1105037,4657678,20,lead_stubborn,0.2461140406262255,0.1374999707243197
104560,0.41,1.7,2.0,0.23547188849162531,0.004699691923573502,200,60,82,1046,900,6,29.9,1105037,4657678,60,lead_stubborn,0.2892063661005389,0.2123889347471068
105010,0.695,1.8383838383838385,2.0071942446043165,0.436,0.005422640692640693,200,99,139,1051,423,3,5.0,956458,1985502,10,lead_stubborn,0.4737946714611262,0.5224738795684104
105258,0.46,1.736842105263158,2.0,0.2515398629148629,0.005196370851370852,200,57,92,1053,423,3,10.2,956458,1985502,58,lead_stubborn,0.3409275648695138,0.932574439505853
105328,0.6,1.8529411764705883,2.0,0.3066666666666667,0.0049621626984127,200,68,120,1054,423,3,14.6,956458,1985502,28,lead_stubborn,0.4304538627565802,0.2618674911675315
105689,0.29,1.6578947368421053,2.0172413793103448,0.12118390381548277,0.0035188414107821986,200,38,58,1057,423,3,42.7,956458,1985502,89,lead_stubborn,0.2129379249701362,0.6944582199785999
104739,0.64,1.7816091954022988,2.0,0.3843869047619048,0.0054619101731601775,200,87,128,1048,900,6,61.0,1105037,4657678,39,lead_stubborn,0.4790241755215713,0.6177321915239017
104638,0.46,1.847457627118644,2.0,0.2645809190809191,0.004860001803751804,200,59,92,1047,900,6,42.7,1105037,4657678,38,lead_stubborn,0.3509947337216052,0.8424701912520188
10657,0.325,1.55,2.0,0.13647985347985345,0.003755750005713241,200,40,65,107,104,4,42.7,637257,4082743,57,lead_stubborn,0.2281547978409189,0.2464978385902064
106061,0.42,1.9655172413793103,2.0,0.22494462481962482,0.004985775613275613,200,58,84,1061,869,3,5.0,1071557,2325030,61,lead_stubborn,0.3070497535774244,0.9179940122389904
106394,0.415,1.8653846153846154,2.0,0.1836068376068376,0.0041352350427350405,200,52,83,1064,869,3,14.6,1071557,2325030,94,lead_stubborn,0.2857700497959219,0.1163714164083326
106401,0.555,1.7462686567164178,2.0,0.31698484848484854,0.005193715728715729,200,67,111,1065,869,3,20.9,1071557,2325030,1,lead_stubborn,0.3857676334163057,0.2047082508361712
106907,0.61,1.7303370786516854,2.0081967213114753,0.3827424242424242,0.0056735768398268405,200,89,122,1070,869,3,125.0,1071557,2325030,7,lead_stubborn,0.4657787213448116,0.0151426399118454
107299,0.48,1.8636363636363635,2.0104166666666665,0.26168162393162403,0.004772780136530135,200,66,96,1073,914,7,10.2,459582,798328,99,lead_stubborn,0.3227365905845993,0.0746241892293311
107403,0.56,2.123456790123457,2.0089285714285716,0.3744226190476191,0.004944473622782447,200,81,112,1075,914,7,20.9,459582,798328,3,lead_stubborn,0.405342196225377,0.1209354681890304
107569,0.29,1.7297297297297298,2.0,0.11994388944388941,0.0035937313816357917,200,37,58,1076,914,7,29.9,459582,798328,69,lead_stubborn,0.2070972729458678,0.2979198700199214
107630,0.26,1.7027027027027026,2.0,0.10974168886668885,0.003698721903096903,200,37,52,1077,914,7,42.7,459582,798328,30,lead_stubborn,0.2039812783100412,0.857228363045134
108044,0.475,1.8088235294117647,2.0,0.2708181818181819,0.006386161616161611,200,68,95,1081,776,4,5.0,356555,4899302,44,lead_stubborn,0.3297294244236074,0.1851245903607699
108200,0.615,1.6790123456790123,2.0,0.3602539682539684,0.005917642496392495,200,81,123,1082,776,4,7.1,356555,4899302,100,lead_stubborn,0.4158727914731683,0.6511808318464773
109168,0.49,1.7272727272727273,2.020408163265306,0.2502991522366522,0.004815975829725829,200,55,98,1092,170,3,7.1,1079442,4649627,68,lead_stubborn,0.3706046305857265,0.4761663270697934
107969,0.255,1.7297297297297298,2.0,0.11057137021475258,0.0034067911704308775,200,37,51,1080,914,7,125.0,459582,798328,69,lead_stubborn,0.2070972729458678,0.2979198700199214
109461,0.415,1.7169811320754718,2.0,0.1977970085470085,0.004611380286380286,200,53,83,1095,170,3,20.9,1079442,4649627,61,lead_stubborn,0.3070497535774244,0.9179940122389904
108340,0.365,1.9056603773584906,2.0,0.18559181096681093,0.004553631507381507,200,53,73,1084,776,4,14.6,356555,4899302,40,lead_stubborn,0.2501126952506121,0.6454895199876196
109809,0.345,1.872340425531915,2.028985507246377,0.14005336257309944,0.003705494454376031,200,47,69,1099,170,3,87.4,1079442,4649627,9,lead_stubborn,0.2331676534838964,0.9471927912224244
109712,0.59,1.84,2.0,0.3122164502164503,0.0051442261904761895,200,75,118,1098,170,3,61.0,1079442,4649627,12,lead_stubborn,0.3985108847427614,0.9637929216712549
110261,0.38,1.8103448275862069,2.0,0.2117738095238095,0.00554230339105339,200,58,76,1103,199,6,10.2,330337,6019297,61,lead_stubborn,0.3070497535774244,0.9179940122389904
108958,0.455,1.8275862068965518,2.0,0.24222298534798536,0.004869287518037516,200,58,91,1090,776,4,125.0,356555,4899302,58,lead_stubborn,0.3409275648695138,0.932574439505853
110014,0.625,1.9382716049382716,2.0,0.3784563492063493,0.006164001831501826,200,81,125,1101,199,6,5.0,330337,6019297,14,lead_stubborn,0.4312459512484686,0.5424263205795637
110115,0.345,1.8653846153846154,2.0144927536231885,0.18868055555555557,0.005075711233211232,200,52,69,1102,199,6,7.1,330337,6019297,15,lead_stubborn,0.28091147618982,0.9551352008768642
110511,0.555,2.049382716049383,2.0,0.3564166666666666,0.005358849206349204,200,81,111,1106,199,6,29.9,330337,6019297,11,lead_stubborn,0.3777435584279705,0.3053722478730439
110802,0.4,2.0,2.0125,0.19504177766677763,0.004246928210678211,200,52,80,1109,199,6,87.4,330337,6019297,2,lead_stubborn,0.2959114945914544,0.9228509849216918
110942,0.305,1.6818181818181819,2.0,0.15346248196248194,0.004092391032170441,200,44,61,1110,199,6,125.0,330337,6019297,42,lead_stubborn,0.2544637386172081,0.3417299389831262
110336,0.505,1.9491525423728813,2.0,0.27572041847041856,0.004907058399117224,200,59,101,1104,199,6,14.6,330337,6019297,36,lead_stubborn,0.3461077870164497,0.600169191961039
112002,0.335,1.8085106382978724,2.0,0.18871527777777775,0.0054721224323062536,200,47,67,1121,297,4,5.0,510042,7802290,2,lead_stubborn,0.2959114945914544,0.9228509849216918
112106,0.675,1.8877551020408163,2.022222222222222,0.4460833333333334,0.006047896825396819,200,98,135,1122,297,4,7.1,510042,7802290,6,lead_stubborn,0.4911132375299709,0.252577974178488
111955,0.44,1.6545454545454545,2.0113636363636362,0.22141437728937727,0.004763840048840049,200,55,88,1120,569,6,125.0,132204,7633868,55,lead_stubborn,0.3277016708096898,0.5663965080474668
111760,0.375,1.8421052631578947,2.013333333333333,0.1927920274170274,0.004402126623376623,200,57,75,1118,569,6,61.0,132204,7633868,60,lead_stubborn,0.2892063661005389,0.2123889347471068
111188,0.59,1.8705882352941177,2.0,0.35687698412698426,0.006870714285714285,200,85,118,1112,569,6,7.1,132204,7633868,88,lead_stubborn,0.4229568538429628,0.8766829270547112
112214,0.595,1.7160493827160495,2.0,0.369754329004329,0.0059533928571428515,200,81,119,1123,297,4,10.2,510042,7802290,14,lead_stubborn,0.4312459512484686,0.5424263205795637
112601,0.525,1.8793103448275863,2.019047619047619,0.2717123015873016,0.004944464285714285,200,58,105,1127,297,4,42.7,510042,7802290,1,lead_stubborn,0.3857676334163057,0.2047082508361712
112469,0.25,1.7333333333333334,2.0,0.09641107503607504,0.0041419283698327794,200,30,50,1125,297,4,20.9,510042,7802290,69,lead_stubborn,0.2070972729458678,0.2979198700199214
112839,0.655,1.8476190476190477,2.0076335877862594,0.47298489010989014,0.005720192307692306,200,105,131,1129,297,4,87.4,510042,7802290,39,lead_stubborn,0.4790241755215713,0.6177321915239017
113040,0.28,1.85,2.0,0.14540728715728718,0.00514239538239538,200,40,56,1131,236,3,5.0,233308,2755253,40,lead_stubborn,0.2501126952506121,0.6454895199876196
113502,0.415,1.6166666666666667,2.0120481927710845,0.2160515873015873,0.004749900793650792,200,60,83,1136,236,3,29.9,233308,2755253,2,lead_stubborn,0.2959114945914544,0.9228509849216918
113637,0.655,1.5913978494623655,2.0,0.4009166666666667,0.005704325396825396,200,93,131,1137,236,3,42.7,233308,2755253,37,lead_stubborn,0.469568977189866,0.9743873423433428
113702,0.36,1.803921568627451,2.0,0.1716111111111111,0.004308421370296367,200,51,72,1138,236,3,61.0,233308,2755253,2,lead_stubborn,0.2959114945914544,0.9228509849216918
113984,0.555,1.7611940298507462,2.0,0.31265476190476205,0.005401352813852813,200,67,111,1140,236,3,125.0,233308,2755253,84,lead_stubborn,0.4277086989642705,0.7484720574557526
114268,0.52,1.875,2.0,0.28967063492063494,0.004976726190476188,200,64,104,1143,693,6,10.2,313310,3455741,68,lead_stubborn,0.3706046305857265,0.4761663270697934
114488,0.61,1.6,2.0,0.38126562326562335,0.005178411449661449,200,85,122,1145,693,6,20.9,313310,3455741,88,lead_stubborn,0.4229568538429628,0.8766829270547112
114147,0.55,1.986842105263158,2.0,0.31844810744810753,0.0055440842490842475,200,76,110,1142,693,6,7.1,313310,3455741,47,lead_stubborn,0.4071129309119736,0.103198652756049
114762,0.455,1.8518518518518519,2.0,0.24570057720057714,0.00467452380952381,200,54,91,1148,693,6,61.0,313310,3455741,62,lead_stubborn,0.3350709844137344,0.6247506884808997
115317,0.68,1.7,2.0,0.31945256132756134,0.005767670454545454,200,70,136,1154,669,2,14.6,923356,530268,17,lead_stubborn,0.4372556438030128,0.9067257327686692
115179,0.565,1.5076923076923077,2.017699115044248,0.2963650793650794,0.00622339285714285,200,65,113,1152,669,2,7.1,923356,530268,79,lead_stubborn,0.3642632456563252,0.6890479996878222
115577,0.445,1.510204081632653,2.0,0.16890743736939384,0.004008640750934802,200,49,89,1156,669,2,29.9,923356,530268,77,lead_stubborn,0.2375482709814891,0.0892183280233827
11532,0.6,1.7160493827160495,2.0,0.3563333333333334,0.005318515512265511,200,81,120,116,642,5,29.9,1074544,2702765,32,lead_stubborn,0.4495856593533723,0.6338235473212548
116185,0.67,1.9540229885057472,2.0223880597014925,0.3503333333333334,0.00795446428571428,200,87,134,1162,448,3,7.1,111694,7118183,85,lead_stubborn,0.4024582743628092,0.7244830604083918
117002,0.41,1.9827586206896552,2.0,0.22015674603174604,0.004819487734487732,200,58,82,1171,267,3,5.0,727643,6078227,2,lead_stubborn,0.2959114945914544,0.9228509849216918
116891,0.595,1.7654320987654322,2.0,0.35764880952380956,0.005534507575757575,200,81,119,1169,448,3,87.4,111694,7118183,91,lead_stubborn,0.3969614753991711,0.3291381696463736
116955,0.36,1.6071428571428572,2.0,0.20086901913875593,0.005365170454545452,200,56,72,1170,448,3,125.0,111694,7118183,55,lead_stubborn,0.3277016708096898,0.5663965080474668
117360,0.36,1.6304347826086956,2.013888888888889,0.16950216450216446,0.004697362914862915,200,46,72,1174,267,3,14.6,727643,6078227,60,lead_stubborn,0.2892063661005389,0.2123889347471068
117496,0.625,1.6666666666666667,2.0,0.36373214285714284,0.00577109126984127,200,78,125,1175,267,3,20.9,727643,6078227,96,lead_stubborn,0.4626922801013836,0.4528896718855326
117238,0.485,1.6415094339622642,2.0,0.2318809523809524,0.005055438311688312,200,53,97,1173,267,3,10.2,727643,6078227,38,lead_stubborn,0.3509947337216052,0.8424701912520188
117550,0.475,1.74,2.0105263157894737,0.23257738095238095,0.004919077494143285,200,50,95,1176,267,3,29.9,727643,6078227,50,lead_stubborn,0.3349244931377773,0.5073741801149648
117663,0.62,1.8072289156626506,2.0080645161290325,0.355754329004329,0.005461271645021638,200,83,124,1177,267,3,42.7,727643,6078227,63,lead_stubborn,0.4714045721788255,0.7667985672256883
117814,0.605,1.644736842105263,2.0,0.35883333333333334,0.0055303571428571415,200,76,121,1179,267,3,87.4,727643,6078227,14,lead_stubborn,0.4312459512484686,0.5424263205795637
118772,0.46,2.036363636363636,2.0,0.2234491064491064,0.00446784652847153,200,55,92,1188,928,4,61.0,604298,3884319,72,lead_stubborn,0.3156406422303758,0.3774553900605352
119047,0.605,1.9204545454545454,2.0,0.4014702380952381,0.005555892857142855,200,88,121,1191,766,7,5.0,798663,7949417,47,lead_stubborn,0.4071129309119736,0.103198652756049
119232,0.61,1.881578947368421,2.0,0.3455373931623932,0.005542023809523808,200,76,122,1193,766,7,10.2,798663,7949417,32,lead_stubborn,0.4495856593533723,0.6338235473212548
119178,0.495,1.8208955223880596,2.0,0.29997619047619045,0.00528569805194805,200,67,99,1192,766,7,7.1,798663,7949417,78,lead_stubborn,0.3815618301396259,0.7050527606912402
119380,0.33,1.7291666666666667,2.015151515151515,0.18936165223665224,0.004701098484848484,200,48,66,1194,766,7,14.6,798663,7949417,80,lead_stubborn,0.2816906079992455,0.4111680330999803
119479,0.435,1.7796610169491525,2.0114942528735633,0.27485714285714286,0.005444873598623595,200,59,87,1195,766,7,20.9,798663,7949417,79,lead_stubborn,0.3642632456563252,0.6890479996878222
120030,0.315,1.380952380952381,2.0317460317460316,0.12309740259740261,0.005324523809523808,200,42,63,1201,86,2,5.0,300907,2913285,30,lead_stubborn,0.2039812783100412,0.857228363045134
120256,0.755,1.5824175824175823,2.013245033112583,0.40056746031746043,0.00677769841269841,200,91,151,1203,86,2,10.2,300907,2913285,56,lead_stubborn,0.4768512858671266,0.1447302436856452
120332,0.685,1.7011494252873562,2.0072992700729926,0.39325595238095223,0.006341984126984125,200,87,137,1204,86,2,14.6,300907,2913285,32,lead_stubborn,0.4495856593533723,0.6338235473212548
119513,0.255,1.7857142857142858,2.0,0.14107738095238095,0.004670446983571984,200,42,51,1196,766,7,29.9,798663,7949417,13,lead_stubborn,0.2238256630629619,0.7912632295125752
120467,0.63,1.4556962025316456,2.0238095238095237,0.31872023809523803,0.005140402236652235,200,79,126,1205,86,2,20.9,300907,2913285,67,lead_stubborn,0.3604525200861999,0.8954386061007626
119696,0.64,1.989247311827957,2.0,0.42457237207237214,0.00526569014319014,200,93,128,1197,766,7,42.7,798663,7949417,96,lead_stubborn,0.4626922801013836,0.4528896718855326
120789,0.44,1.4285714285714286,2.0,0.15471650571650572,0.0040304307212395436,200,49,88,1208,86,2,61.0,300907,2913285,89,lead_stubborn,0.2129379249701362,0.6944582199785999
120815,0.59,1.6527777777777777,2.0084745762711864,0.2603705259609671,0.004509818060562625,200,72,118,1209,86,2,87.4,300907,2913285,15,lead_stubborn,0.28091147618982,0.9551352008768642
120604,0.46,1.5238095238095237,2.010869565217391,0.21717038517038517,0.004889247696747696,200,63,92,1207,86,2,42.7,300907,2913285,4,lead_stubborn,0.2627648343443758,0.7190241322679278
120936,0.53,1.3846153846153846,2.0,0.25504819690113806,0.005058795461074873,200,52,106,1210,86,2,125.0,300907,2913285,36,lead_stubborn,0.3461077870164497,0.600169191961039
121977,0.31,1.6136363636363635,2.0,0.1271837003576134,0.004195359037098165,200,44,62,1220,338,3,125.0,742603,5594567,77,lead_stubborn,0.2375482709814891,0.0892183280233827
119858,0.515,1.849056603773585,2.0194174757281553,0.26118439893439893,0.004673307387057386,200,53,103,1199,766,7,87.4,798663,7949417,58,lead_stubborn,0.3409275648695138,0.932574439505853
122256,0.645,1.8255813953488371,2.007751937984496,0.3789583333333333,0.005796686507936504,200,86,129,1223,956,3,10.2,1118010,1467651,56,lead_stubborn,0.4768512858671266,0.1447302436856452
122351,0.34,1.6595744680851063,2.0,0.16772294372294372,0.004381097048376463,200,47,68,1224,956,3,14.6,1118010,1467651,51,lead_stubborn,0.2182850515748211,0.1730815279492411
122584,0.575,1.5789473684210527,2.008695652173913,0.3433656204906205,0.005287007575757575,200,76,115,1226,956,3,29.9,1118010,1467651,84,lead_stubborn,0.4277086989642705,0.7484720574557526
122669,0.28,1.5227272727272727,2.0,0.1382032861789054,0.004073114560591341,200,44,56,1227,956,3,42.7,1118010,1467651,69,lead_stubborn,0.2070972729458678,0.2979198700199214
123673,0.31,1.6904761904761905,2.0,0.1550515873015873,0.004401348781937017,200,42,62,1237,759,4,42.7,288973,5169495,73,lead_stubborn,0.2631399047202775,0.494072025933513
122749,0.41,1.7166666666666666,2.0,0.2144024725274725,0.004534897047397048,200,60,82,1228,956,3,61.0,1118010,1467651,49,lead_stubborn,0.3008118292997498,0.7565167136190543
124238,0.54,1.9253731343283582,2.009259259259259,0.28755860805860806,0.004684461233211236,200,67,108,1243,544,6,10.2,732235,1872344,38,lead_stubborn,0.3509947337216052,0.8424701912520188
124095,0.55,1.8356164383561644,2.0090909090909093,0.3197366522366522,0.004977539682539682,200,73,110,1241,544,6,5.0,732235,1872344,95,lead_stubborn,0.3751229337419657,0.1974510188067169
124521,0.27,1.8888888888888888,2.0,0.11407982295482295,0.003929626435655848,200,36,54,1246,544,6,29.9,732235,1872344,21,lead_stubborn,0.2397567210258474,0.5887702959721403
124868,0.595,1.8311688311688312,2.0,0.3497747432306256,0.004875242763772172,200,77,119,1249,544,6,87.4,732235,1872344,68,lead_stubborn,0.3706046305857265,0.4761663270697934
124669,0.31,1.7317073170731707,2.0,0.13621732916206597,0.003498342408236758,200,41,62,1247,544,6,42.7,732235,1872344,69,lead_stubborn,0.2070972729458678,0.2979198700199214
12451,0.26,1.6451612903225807,2.0,0.10910416666666664,0.0037975056193806206,200,31,52,125,621,7,20.9,424702,2860996,51,lead_stubborn,0.2182850515748211,0.1730815279492411
125515,0.355,1.8636363636363635,2.0,0.15749657287157284,0.004293519119769118,200,44,71,1256,716,4,29.9,1135398,5288526,15,lead_stubborn,0.28091147618982,0.9551352008768642
125861,0.415,1.7674418604651163,2.0,0.17602265300059414,0.0044847907647907635,200,43,83,1259,716,4,87.4,1135398,5288526,61,lead_stubborn,0.3070497535774244,0.9179940122389904
125299,0.5,1.894736842105263,2.01,0.2851920995670996,0.004549085914085916,200,76,100,1253,716,4,10.2,1135398,5288526,99,lead_stubborn,0.3227365905845993,0.0746241892293311
125617,0.645,1.6470588235294117,2.0,0.3905281385281386,0.005179285714285714,200,85,129,1257,716,4,42.7,1135398,5288526,17,lead_stubborn,0.4372556438030128,0.9067257327686692
125963,0.62,1.7349397590361446,2.0080645161290325,0.3985954184704184,0.005643199855699855,200,83,124,1260,716,4,125.0,1135398,5288526,63,lead_stubborn,0.4714045721788255,0.7667985672256883
12612,0.62,1.7777777777777777,2.0080645161290325,0.3477160755910756,0.0048418475968475955,200,81,124,127,621,7,42.7,424702,2860996,12,lead_stubborn,0.3985108847427614,0.9637929216712549
126363,0.665,1.7934782608695652,2.0,0.40830357142857154,0.005726547619047617,200,92,133,1264,671,6,14.6,267508,2498978,63,lead_stubborn,0.4714045721788255,0.7667985672256883
126071,0.47,1.8767123287671232,2.0106382978723403,0.28545503464543714,0.00509924339033859,200,73,94,1261,671,6,5.0,267508,2498978,71,lead_stubborn,0.3239323376009491,0.868936778850477
128134,0.59,1.7333333333333334,2.0084745762711864,0.32474819624819623,0.005312875735375735,200,75,118,1282,32,6,7.1,586809,1200154,34,lead_stubborn,0.4113840234518945,0.152863497296565
128245,0.47,1.7301587301587302,2.0106382978723403,0.22216453889248006,0.004242616961212163,200,63,94,1283,32,6,10.2,586809,1200154,45,lead_stubborn,0.2747520561924723,0.7307587255425585
127057,0.215,1.6285714285714286,2.0,0.10354688367188367,0.004726896575646578,200,35,43,1271,434,6,5.0,709298,6394202,57,lead_stubborn,0.2281547978409189,0.2464978385902064
128567,0.5,1.631578947368421,2.01,0.26093055555555555,0.004855079365079367,200,57,100,1286,32,6,29.9,586809,1200154,67,lead_stubborn,0.3604525200861999,0.8954386061007626
127236,0.425,1.7636363636363637,2.011764705882353,0.2431123598623598,0.004962481268731265,200,55,85,1273,434,6,10.2,709298,6394202,36,lead_stubborn,0.3461077870164497,0.600169191961039
128825,0.67,1.8695652173913044,2.0074626865671643,0.41265476190476186,0.005048297258297256,200,92,134,1289,32,6,87.4,586809,1200154,25,lead_stubborn,0.454095890072901,0.6742162468199493
128925,0.59,1.8902439024390243,2.016949152542373,0.36640476190476184,0.005309583333333331,200,82,118,1290,32,6,125.0,586809,1200154,25,lead_stubborn,0.454095890072901,0.6742162468199493
127440,0.3,2.0277777777777777,2.0,0.1252541486291486,0.004268314602064601,200,36,60,1275,434,6,20.9,709298,6394202,40,lead_stubborn,0.2501126952506121,0.6454895199876196
129147,0.585,1.7532467532467533,2.0,0.35050847763347776,0.005059844877344876,200,77,117,1292,73,8,7.1,1137670,5324555,47,lead_stubborn,0.4071129309119736,0.103198652756049
129349,0.425,1.7666666666666666,2.0,0.2200218253968253,0.004367670772854596,200,60,85,1294,73,8,14.6,1137670,5324555,49,lead_stubborn,0.3008118292997498,0.7565167136190543
129466,0.585,1.7191011235955056,2.0085470085470085,0.3801111111111112,0.00550037698412698,200,89,117,1295,73,8,20.9,1137670,5324555,66,lead_stubborn,0.4409284566649496,0.3941260031346912
129821,0.32,1.7446808510638299,2.0,0.1540261356290768,0.0038283923846191645,200,47,64,1299,73,8,87.4,1137670,5324555,21,lead_stubborn,0.2397567210258474,0.5887702959721403
129598,0.295,1.8,2.0,0.10610875235875238,0.0034000809950283637,200,40,59,1296,73,8,29.9,1137670,5324555,98,lead_stubborn,0.21729239263723,0.8840829656528192
129997,0.66,1.8842105263157896,2.007575757575758,0.4375416666666667,0.005500615079365077,200,95,132,1300,73,8,125.0,1137670,5324555,97,lead_stubborn,0.4855618445578609,0.1689982716058866
12839,0.62,2.065934065934066,2.0161290322580645,0.42322222222222217,0.005232956349206349,200,91,124,129,621,7,87.4,424702,2860996,39,lead_stubborn,0.4790241755215713,0.6177321915239017
12951,0.26,1.6470588235294117,2.0,0.09487686333274567,0.003586138570035627,200,34,52,130,621,7,125.0,424702,2860996,51,lead_stubborn,0.2182850515748211,0.1730815279492411
130526,0.4,1.6785714285714286,2.0,0.18722398353280706,0.004352773491773108,200,56,80,1306,979,6,29.9,304275,4165351,26,lead_stubborn,0.2702561230694959,0.837478784452857
130658,0.51,1.835820895522388,2.0,0.27568253968253964,0.004727204184704184,200,67,102,1307,979,6,42.7,304275,4165351,58,lead_stubborn,0.3409275648695138,0.932574439505853
130772,0.46,2.0625,2.0,0.24808966727716733,0.004628456196581196,200,64,92,1308,979,6,61.0,304275,4165351,72,lead_stubborn,0.3156406422303758,0.3774553900605352
13111,0.535,1.8421052631578947,2.0093457943925235,0.3219404761904762,0.006116785714285715,200,76,107,132,582,3,7.1,208567,3850795,11,lead_stubborn,0.3777435584279705,0.3053722478730439
130889,0.305,1.9090909090909092,2.0,0.1585130790262369,0.003981278898689888,200,44,61,1309,979,6,87.4,304275,4165351,89,lead_stubborn,0.2129379249701362,0.6944582199785999
132043,0.455,1.8360655737704918,2.0,0.26457638888888885,0.0049031385281385256,200,61,91,1321,206,4,5.0,1093404,5572130,43,lead_stubborn,0.3733963553970497,0.8234180661786772
132135,0.6,1.7887323943661972,2.0,0.3253492063492064,0.00513327380952381,200,71,120,1322,206,4,7.1,1093404,5572130,35,lead_stubborn,0.444752781116749,0.3583252290098091
132216,0.56,1.8933333333333333,2.0,0.3428809523809523,0.005389920634920633,200,75,112,1323,206,4,10.2,1093404,5572130,16,lead_stubborn,0.4208942434349683,0.0948525522924531
132329,0.38,1.7142857142857142,2.0,0.18324621212121212,0.00471118235930736,200,49,76,1324,206,4,14.6,1093404,5572130,29,lead_stubborn,0.2901917465581629,0.3137113417077046
132681,0.36,1.7254901960784315,2.013888888888889,0.1782520604395604,0.004496274579178992,200,51,72,1327,206,4,42.7,1093404,5572130,81,lead_stubborn,0.2269416996374781,0.4804242585572029
132736,0.515,1.8253968253968254,2.0194174757281553,0.28533043345543346,0.005036991758241755,200,63,103,1328,206,4,61.0,1093404,5572130,36,lead_stubborn,0.3461077870164497,0.600169191961039
131078,0.515,1.8305084745762712,2.0,0.298172619047619,0.005506626984126982,200,59,103,1311,935,6,5.0,987351,6964607,78,lead_stubborn,0.3815618301396259,0.7050527606912402
132875,0.355,1.7777777777777777,2.0,0.1557130730317229,0.0037166453385160452,200,45,71,1329,206,4,87.4,1093404,5572130,75,lead_stubborn,0.2525545317138812,0.4401811270174162
131228,0.645,1.829268292682927,2.0,0.3723214285714285,0.005423253968253966,200,82,129,1313,935,6,10.2,987351,6964607,28,lead_stubborn,0.4304538627565802,0.2618674911675315
133218,0.26,1.7297297297297298,2.0,0.1253545482295482,0.004025985607884585,200,37,52,1333,851,6,10.2,1020414,460080,18,lead_stubborn,0.2312345941585266,0.3847746110331581
133452,0.565,1.7027027027027026,2.0,0.3310781024531025,0.005105381146631144,200,74,113,1335,851,6,20.9,1020414,460080,52,lead_stubborn,0.3898718220747056,0.4295434601453535
133856,0.585,1.6385542168674698,2.0,0.36081060606060605,0.005454949494949492,200,83,117,1339,851,6,87.4,1020414,460080,56,lead_stubborn,0.4768512858671266,0.1447302436856452
133959,0.41,1.8,2.0,0.2062020618270618,0.0044944078837828826,200,55,82,1340,851,6,125.0,1020414,460080,59,lead_stubborn,0.2977847312437251,0.2895622807306851
134013,0.285,1.8181818181818181,2.0,0.13716964285714284,0.004479986333111333,200,44,57,1341,923,7,5.0,804969,6362730,13,lead_stubborn,0.2238256630629619,0.7912632295125752
134228,0.595,2.0,2.0,0.3495178571428571,0.0050234343434343446,200,75,119,1343,923,7,10.2,804969,6362730,28,lead_stubborn,0.4304538627565802,0.2618674911675315
134329,0.34,1.8235294117647058,2.0,0.18400582750582753,0.0045903348040848045,200,51,68,1344,923,7,14.6,804969,6362730,29,lead_stubborn,0.2901917465581629,0.3137113417077046
134690,0.375,1.7358490566037736,2.0,0.18493589743589745,0.004613704767454766,200,53,75,1347,923,7,42.7,804969,6362730,90,lead_stubborn,0.3196298037016608,0.990883980492858
135185,0.585,1.8354430379746836,2.0,0.34490674603174604,0.005186626984126981,200,79,117,1352,242,7,7.1,793672,2274167,85,lead_stubborn,0.4024582743628092,0.7244830604083918
135579,0.45,1.7037037037037037,2.0,0.2330376984126984,0.004887920274170271,200,54,90,1356,242,7,29.9,793672,2274167,79,lead_stubborn,0.3642632456563252,0.6890479996878222
136100,0.74,1.5393258426966292,2.0675675675675675,0.38844047619047617,0.007886904761904755,200,89,148,1361,344,2,5.0,1046106,3685562,100,lead_stubborn,0.4158727914731683,0.6511808318464773
13576,0.385,1.6603773584905661,2.012987012987013,0.2014880952380953,0.004850324675324675,200,53,77,136,582,3,29.9,208567,3850795,76,lead_stubborn,0.3027820674966874,0.514144872517883
135760,0.39,1.88,2.0,0.19312337662337659,0.004327861305361305,200,50,78,1358,242,7,61.0,793672,2274167,60,lead_stubborn,0.2892063661005389,0.2123889347471068
134974,0.705,1.8541666666666667,2.0,0.45550487012987007,0.00481898865023865,200,96,141,1350,923,7,125.0,804969,6362730,74,lead_stubborn,0.4831039344913304,0.9827660363748432
136138,0.61,1.7205882352941178,2.0491803278688523,0.275561507936508,0.006709801587301584,200,68,122,1362,344,2,7.1,1046106,3685562,38,lead_stubborn,0.3509947337216052,0.8424701912520188
136281,0.395,1.3214285714285714,2.0126582278481013,0.1860238095238095,0.005886206016206014,200,56,79,1363,344,2,10.2,1046106,3685562,81,lead_stubborn,0.2269416996374781,0.4804242585572029
136320,0.44,1.537313432835821,2.022727272727273,0.23804779942279938,0.006394250194250193,200,67,88,1364,344,2,14.6,1046106,3685562,20,lead_stubborn,0.2461140406262255,0.1374999707243197
136809,0.44,1.5925925925925926,2.0113636363636362,0.15583847402597403,0.00411419859960301,200,54,88,1369,344,2,87.4,1046106,3685562,9,lead_stubborn,0.2331676534838964,0.9471927912224244
136901,0.65,1.7272727272727273,2.0,0.33849999999999997,0.005517981601731602,200,77,130,1370,344,2,125.0,1046106,3685562,1,lead_stubborn,0.3857676334163057,0.2047082508361712
136514,0.715,1.6704545454545454,2.006993006993007,0.3965257936507937,0.006340396825396825,200,88,143,1366,344,2,29.9,1046106,3685562,14,lead_stubborn,0.4312459512484686,0.5424263205795637
136609,0.43,1.4901960784313726,2.011627906976744,0.15832153467447582,0.004551506451065273,200,51,86,1367,344,2,42.7,1046106,3685562,9,lead_stubborn,0.2331676534838964,0.9471927912224244
137036,0.425,1.85,2.0,0.25630357142857146,0.006466830808080809,200,60,85,1371,158,5,5.0,214456,4769636,36,lead_stubborn,0.3461077870164497,0.600169191961039
137300,0.515,1.6031746031746033,2.0,0.30142857142857155,0.006225952380952379,200,63,103,1373,158,5,10.2,214456,4769636,100,lead_stubborn,0.4158727914731683,0.6511808318464773
137478,0.57,1.917808219178082,2.0,0.3274244505494506,0.005168069291819288,200,73,114,1375,158,5,20.9,214456,4769636,78,lead_stubborn,0.3815618301396259,0.7050527606912402
137584,0.545,1.821917808219178,2.018348623853211,0.3309047619047618,0.00579771825396825,200,73,109,1376,158,5,29.9,214456,4769636,84,lead_stubborn,0.4277086989642705,0.7484720574557526
137799,0.44,1.9701492537313432,2.034090909090909,0.2660995670995671,0.00470064033189033,200,67,88,1378,158,5,61.0,214456,4769636,99,lead_stubborn,0.3227365905845993,0.0746241892293311
137802,0.385,1.9183673469387754,2.0,0.18110912698412698,0.0043414042207792205,200,49,77,1379,158,5,87.4,214456,4769636,2,lead_stubborn,0.2959114945914544,0.9228509849216918
13754,0.49,1.6785714285714286,2.010204081632653,0.2502619047619048,0.0050999206349206325,200,56,98,138,582,3,61.0,208567,3850795,54,lead_stubborn,0.3585232711576509,0.4092237628104323
137947,0.59,1.9014084507042253,2.0,0.3151785714285715,0.004981275252525251,200,71,118,1380,158,5,125.0,214456,4769636,47,lead_stubborn,0.4071129309119736,0.103198652756049
13866,0.615,2.010869565217391,2.024390243902439,0.398138888888889,0.005550615079365075,200,92,123,139,582,3,87.4,208567,3850795,66,lead_stubborn,0.4409284566649496,0.3941260031346912
138654,0.41,1.8545454545454545,2.0,0.24042850205350202,0.005554412850221674,200,55,82,1387,472,7,42.7,294506,3439131,54,lead_stubborn,0.3585232711576509,0.4092237628104323
13911,0.515,1.8909090909090909,2.0,0.24747041847041845,0.0048889105339105345,200,55,103,140,582,3,125.0,208567,3850795,11,lead_stubborn,0.3777435584279705,0.3053722478730439
138784,0.57,1.9875,2.0,0.3488650793650794,0.004849444444444445,200,80,114,1388,472,7,61.0,294506,3439131,84,lead_stubborn,0.4277086989642705,0.7484720574557526
1408,0.575,1.8356164383561644,2.0,0.326023199023199,0.004747377899877898,200,73,115,15,57,6,20.9,143476,3082676,8,lead_stubborn,0.3927810904963459,0.8167673407001561
139878,0.5,1.8412698412698412,2.0,0.2706706904206905,0.004568448079698077,200,63,100,1399,503,5,87.4,1051958,7084682,78,lead_stubborn,0.3815618301396259,0.7050527606912402
141003,0.545,1.7647058823529411,2.0,0.38664484126984133,0.007217227633477628,200,85,109,1411,110,4,5.0,192223,6823941,3,lead_stubborn,0.405342196225377,0.1209354681890304
141468,0.51,1.855263157894737,2.0098039215686274,0.3102815656565656,0.005441314935064934,200,76,102,1415,110,4,20.9,192223,6823941,68,lead_stubborn,0.3706046305857265,0.4761663270697934
141788,0.615,1.691358024691358,2.008130081300813,0.3744265873015872,0.005402123015873014,200,81,123,1418,110,4,61.0,192223,6823941,88,lead_stubborn,0.4229568538429628,0.8766829270547112
141879,0.515,1.8064516129032258,2.0097087378640777,0.2890288600288599,0.005036244588744585,200,62,103,1419,110,4,87.4,192223,6823941,79,lead_stubborn,0.3642632456563252,0.6890479996878222
140341,0.6,1.9397590361445782,2.0166666666666666,0.3608730158730159,0.005028611111111111,200,83,120,1404,821,5,14.6,1112297,3280514,41,lead_stubborn,0.3883150820571905,0.5577479977483336
14135,0.595,1.7619047619047619,2.0,0.38678120490620493,0.0055803282828282815,200,84,119,142,618,4,7.1,1062757,1523951,35,lead_stubborn,0.444752781116749,0.3583252290098091
140766,0.685,1.72,2.0,0.445,0.005471547619047617,200,100,137,1408,821,5,61.0,1112297,3280514,66,lead_stubborn,0.4409284566649496,0.3941260031346912
142203,0.575,1.7012987012987013,2.0,0.34520833333333345,0.005014193722943722,200,77,115,1423,883,5,10.2,823844,1584847,3,lead_stubborn,0.405342196225377,0.1209354681890304
142345,0.405,1.7017543859649122,2.0123456790123457,0.2145386002886003,0.004673035619351409,200,57,81,1424,883,5,14.6,823844,1584847,45,lead_stubborn,0.2747520561924723,0.7307587255425585
142593,0.405,1.847457627118644,2.0123456790123457,0.21568843370681606,0.004403557178116,200,59,81,1426,883,5,29.9,823844,1584847,93,lead_stubborn,0.2779592827386458,0.3345825728904498
142693,0.385,1.7592592592592593,2.012987012987013,0.18115827228327228,0.0042238054489370305,200,54,77,1427,883,5,42.7,823844,1584847,93,lead_stubborn,0.2779592827386458,0.3345825728904498
143077,0.305,1.435897435897436,2.0163934426229506,0.11843253968253968,0.004319301809301807,200,39,61,1431,658,3,5.0,949442,1690806,77,lead_stubborn,0.2375482709814891,0.0892183280233827
143182,0.38,1.8305084745762712,2.0,0.2150803571428571,0.004397168109668106,200,59,76,1432,658,3,7.1,949442,1690806,82,lead_stubborn,0.3128186843462212,0.0598593952629424
142840,0.315,1.9047619047619047,2.015873015873016,0.15111669324827218,0.0039057025795841537,200,42,63,1429,883,5,87.4,823844,1584847,40,lead_stubborn,0.2501126952506121,0.6454895199876196
142988,0.55,1.8311688311688312,2.0,0.34493452380952383,0.0057088888888888875,200,77,110,1430,883,5,125.0,823844,1584847,88,lead_stubborn,0.4229568538429628,0.8766829270547112
143758,0.415,1.8983050847457628,2.0,0.23149404761904757,0.004985064935064934,200,59,83,1438,658,3,61.0,949442,1690806,58,lead_stubborn,0.3409275648695138,0.932574439505853
14406,0.665,1.8478260869565217,2.007518796992481,0.41457142857142854,0.005437103174603174,200,92,133,145,618,4,20.9,1062757,1523951,6,lead_stubborn,0.4911132375299709,0.252577974178488
144149,0.665,3.023529411764706,2.1503759398496243,0.28642130405340455,0.01033967171717171,200,85,133,1442,723,2,7.1,916560,6727167,49,lead_stubborn,0.3008118292997498,0.7565167136190543
144349,0.56,1.9324324324324325,2.0089285714285716,0.28356547619047623,0.008871309523809523,200,74,112,1444,723,2,14.6,916560,6727167,49,lead_stubborn,0.3008118292997498,0.7565167136190543
144256,0.835,2.308333333333333,2.0838323353293413,0.5042958291708292,0.009450259740259731,200,120,167,1443,723,2,10.2,916560,6727167,56,lead_stubborn,0.4768512858671266,0.1447302436856452
144569,0.445,1.46,2.044943820224719,0.16856818181818184,0.006188869047619045,200,50,89,1446,723,2,29.9,916560,6727167,69,lead_stubborn,0.2070972729458678,0.2979198700199214
144676,0.5,1.52,2.01,0.2917045454545454,0.007014069264069261,200,75,100,1447,723,2,42.7,916560,6727167,76,lead_stubborn,0.3027820674966874,0.514144872517883
145172,0.42,1.6451612903225807,2.0,0.23728503876297985,0.0048037559200059185,200,62,84,1452,315,7,7.1,1015407,4833322,72,lead_stubborn,0.3156406422303758,0.3774553900605352
144974,0.71,1.446808510638298,2.0140845070422535,0.4053035714285715,0.006296561355311351,200,94,142,1450,723,2,125.0,916560,6727167,74,lead_stubborn,0.4831039344913304,0.9827660363748432
145242,0.35,1.9215686274509804,2.0,0.17842361111111113,0.004549696830946829,200,51,70,1453,315,7,10.2,1015407,4833322,42,lead_stubborn,0.2544637386172081,0.3417299389831262
145395,0.54,1.7307692307692308,2.0,0.327,0.005091827200577199,200,78,108,1454,315,7,14.6,1015407,4833322,95,lead_stubborn,0.3751229337419657,0.1974510188067169
14518,0.335,1.6326530612244898,2.014925373134328,0.1638483946608947,0.0039458711862755975,200,49,67,146,618,4,29.9,1062757,1523951,18,lead_stubborn,0.2312345941585266,0.3847746110331581
145514,0.57,1.8734177215189873,2.0,0.33780447330447333,0.005122249278499278,200,79,114,1456,315,7,29.9,1015407,4833322,14,lead_stubborn,0.4312459512484686,0.5424263205795637
145806,0.715,1.9191919191919191,2.0,0.45789285714285727,0.0052178925241425245,200,99,143,1459,315,7,87.4,1015407,4833322,6,lead_stubborn,0.4911132375299709,0.252577974178488
14653,0.405,1.7586206896551724,2.0,0.24468253968253964,0.005066055194805193,200,58,81,147,618,4,42.7,1062757,1523951,53,lead_stubborn,0.366882515038515,0.2362061315455737
146112,0.51,2.0821917808219177,2.0098039215686274,0.3177182539682541,0.005300735930735926,200,73,102,1462,829,7,7.1,391716,4154663,12,lead_stubborn,0.3985108847427614,0.9637929216712549
146032,0.535,1.8481012658227849,2.0,0.33875595238095235,0.006184781746031744,200,79,107,1461,829,7,5.0,391716,4154663,32,lead_stubborn,0.4495856593533723,0.6338235473212548
146214,0.565,1.8243243243243243,2.0265486725663715,0.34192261904761906,0.005231888528138528,200,74,113,1463,829,7,10.2,391716,4154663,14,lead_stubborn,0.4312459512484686,0.5424263205795637
146722,0.32,1.6041666666666667,2.015625,0.16413304750804755,0.004715387862137861,200,48,64,1468,829,7,61.0,391716,4154663,22,lead_stubborn,0.24260325729568,0.2220357375157741
14839,0.645,1.9659090909090908,2.0,0.39850595238095243,0.005343593073593073,200,88,129,149,618,4,87.4,1062757,1523951,39,lead_stubborn,0.4790241755215713,0.6177321915239017
147005,0.725,1.8148148148148149,2.0068965517241377,0.4873630952380953,0.006108809523809521,200,108,145,1471,846,5,5.0,502650,6597787,5,lead_stubborn,0.4995762557070848,0.3625281920046287
147429,0.38,1.6326530612244898,2.0,0.19398952436452432,0.00493439395979837,200,49,76,1475,846,5,20.9,502650,6597787,29,lead_stubborn,0.2901917465581629,0.3137113417077046
149132,0.61,1.8666666666666667,2.0,0.40631547619047614,0.005406058802308802,200,90,122,1492,408,6,7.1,744358,2087706,32,lead_stubborn,0.4495856593533723,0.6338235473212548
149493,0.335,1.8604651162790697,2.0,0.17460173160173156,0.00417424284049284,200,43,67,1495,408,6,20.9,744358,2087706,93,lead_stubborn,0.2779592827386458,0.3345825728904498
149645,0.315,1.9583333333333333,2.015873015873016,0.1718154761904762,0.004454585692085692,200,48,63,1497,408,6,42.7,744358,2087706,45,lead_stubborn,0.2747520561924723,0.7307587255425585
150049,0.405,1.7454545454545454,2.0,0.2087703081232493,0.004448408764438175,200,55,81,1501,372,4,5.0,839325,3193563,49,lead_stubborn,0.3008118292997498,0.7565167136190543
150200,0.6,1.9036144578313252,2.0,0.38285119047619054,0.0056020238095238085,200,83,120,1502,372,4,7.1,839325,3193563,100,lead_stubborn,0.4158727914731683,0.6511808318464773
149979,0.52,1.7285714285714286,2.0,0.3085555555555556,0.004875079365079365,200,70,104,1500,408,6,125.0,744358,2087706,79,lead_stubborn,0.3642632456563252,0.6890479996878222
149754,0.49,1.9558823529411764,2.020408163265306,0.2854567099567099,0.004811253607503607,200,68,98,1498,408,6,61.0,744358,2087706,54,lead_stubborn,0.3585232711576509,0.4092237628104323
150247,0.56,1.7662337662337662,2.0,0.3436369047619049,0.0053583730158730134,200,77,112,1503,372,4,10.2,839325,3193563,47,lead_stubborn,0.4071129309119736,0.103198652756049
150380,0.39,1.7450980392156863,2.0,0.1901111111111111,0.004065273823398826,200,51,78,1504,372,4,14.6,839325,3193563,80,lead_stubborn,0.2816906079992455,0.4111680330999803
150978,0.515,1.8732394366197183,2.0194174757281553,0.30557539682539686,0.005040416666666666,200,71,103,1510,372,4,125.0,839325,3193563,78,lead_stubborn,0.3815618301396259,0.7050527606912402
151007,0.62,1.697674418604651,2.0,0.36353589466089475,0.005377063492063491,200,86,124,1511,346,7,5.0,100369,480736,7,lead_stubborn,0.4657787213448116,0.0151426399118454
151453,0.495,1.7142857142857142,2.0,0.2718095238095238,0.004962748015873015,200,63,99,1515,346,7,20.9,100369,480736,53,lead_stubborn,0.366882515038515,0.2362061315455737
151811,0.54,2.033333333333333,2.0,0.27700793650793654,0.004484543650793648,200,60,108,1519,346,7,87.4,100369,480736,11,lead_stubborn,0.3777435584279705,0.3053722478730439
151606,0.71,1.7403846153846154,2.0,0.4726747835497836,0.005528037518037518,200,104,142,1517,346,7,42.7,100369,480736,6,lead_stubborn,0.4911132375299709,0.252577974178488
153240,0.38,1.6938775510204083,2.0,0.19597334368530017,0.0046964990272137935,200,49,76,1533,518,7,10.2,713907,6816403,40,lead_stubborn,0.2501126952506121,0.6454895199876196
152237,0.665,1.9782608695652173,2.0225563909774436,0.4165714285714284,0.0054009126984127,200,92,133,1523,909,5,10.2,351365,3358417,37,lead_stubborn,0.469568977189866,0.9743873423433428
152751,0.22,1.6470588235294117,2.0,0.10771969696969698,0.004202419751301328,200,34,44,1528,909,5,61.0,351365,3358417,51,lead_stubborn,0.2182850515748211,0.1730815279492411
152870,0.57,1.8227848101265822,2.0,0.34689880952380947,0.00513875,200,79,114,1529,909,5,87.4,351365,3358417,70,lead_stubborn,0.4344347691369841,0.0048962068848224
153382,0.43,1.8181818181818181,2.011627906976744,0.2192167277167278,0.004872863525363524,200,55,86,1534,518,7,14.6,713907,6816403,82,lead_stubborn,0.3128186843462212,0.0598593952629424
153731,0.35,1.8863636363636365,2.0142857142857142,0.16025054112554113,0.004229882756132756,200,44,70,1538,518,7,61.0,713907,6816403,31,lead_stubborn,0.2689147210983604,0.7842712343444325
153927,0.645,1.796116504854369,2.0155038759689923,0.42589880952380954,0.005422242063492061,200,103,129,1540,518,7,125.0,713907,6816403,27,lead_stubborn,0.4590052735626949,0.5951250624738255
154425,0.59,1.881578947368421,2.0,0.3544523809523809,0.005998235930735931,200,76,118,1545,611,3,20.9,406565,4495167,25,lead_stubborn,0.454095890072901,0.6742162468199493
15357,0.255,1.9142857142857144,2.0,0.12414018334606575,0.004106536608816022,200,35,51,154,855,7,14.6,947189,7772393,57,lead_stubborn,0.2281547978409189,0.2464978385902064
156062,0.505,1.7580645161290323,2.0,0.26148629148629154,0.004633358585858586,200,62,101,1561,462,8,5.0,1130029,2254688,62,lead_stubborn,0.3350709844137344,0.6247506884808997
15449,0.415,1.6938775510204083,2.0120481927710845,0.22790262923351157,0.004708358398137809,200,49,83,155,855,7,20.9,947189,7772393,49,lead_stubborn,0.3008118292997498,0.7565167136190543
155140,0.365,1.8235294117647058,2.0136986301369864,0.18559095071595066,0.0045129511460761445,200,51,73,1552,985,8,7.1,870460,3389597,40,lead_stubborn,0.2501126952506121,0.6454895199876196
156511,0.475,1.8405797101449275,2.0,0.2803928571428571,0.0053588095238095235,200,69,95,1566,462,8,29.9,1130029,2254688,11,lead_stubborn,0.3777435584279705,0.3053722478730439
155485,0.585,1.9605263157894737,2.017094017094017,0.34286879786879787,0.004863914696414697,200,76,117,1555,985,8,20.9,870460,3389597,85,lead_stubborn,0.4024582743628092,0.7244830604083918
15639,0.6,1.9230769230769231,2.0166666666666666,0.4092678571428571,0.005625178571428571,200,91,120,157,855,7,42.7,947189,7772393,39,lead_stubborn,0.4790241755215713,0.6177321915239017
156775,0.34,1.78,2.0,0.17227066887361,0.0038962505550005546,200,50,68,1568,462,8,61.0,1130029,2254688,75,lead_stubborn,0.2525545317138812,0.4401811270174162
157028,0.535,1.7575757575757576,2.0,0.32360119047619046,0.005347916666666666,200,66,107,1571,920,3,5.0,571111,1262197,28,lead_stubborn,0.4304538627565802,0.2618674911675315
157129,0.37,1.9272727272727272,2.0,0.19748851148851146,0.00448403194028194,200,55,74,1572,920,3,7.1,571111,1262197,29,lead_stubborn,0.2901917465581629,0.3137113417077046
15732,0.625,2.044943820224719,2.0,0.3969754689754689,0.004880461760461762,200,89,125,158,855,7,61.0,947189,7772393,32,lead_stubborn,0.4495856593533723,0.6338235473212548
157440,0.31,1.6829268292682926,2.0,0.14579401154401156,0.003999022574647574,200,41,62,1575,920,3,20.9,571111,1262197,40,lead_stubborn,0.2501126952506121,0.6454895199876196
157728,0.565,1.963855421686747,2.0088495575221237,0.3651428571428571,0.0052121049783549755,200,83,113,1578,920,3,61.0,571111,1262197,28,lead_stubborn,0.4304538627565802,0.2618674911675315
157986,0.585,1.8902439024390243,2.0,0.36625595238095243,0.005589368686868687,200,82,117,1580,920,3,125.0,571111,1262197,86,lead_stubborn,0.4461023732799478,0.2773058726188811
158011,0.52,1.7941176470588236,2.0,0.28983333333333333,0.005448908730158728,200,68,104,1581,875,3,5.0,284969,1642034,11,lead_stubborn,0.3777435584279705,0.3053722478730439
158163,0.655,1.9090909090909092,2.030534351145038,0.415577380952381,0.0057134163059163025,200,99,131,1582,875,3,7.1,284969,1642034,63,lead_stubborn,0.4714045721788255,0.7667985672256883
158472,0.44,1.671641791044776,2.0,0.24864574314574317,0.004547605678635089,200,67,88,1585,875,3,20.9,284969,1642034,72,lead_stubborn,0.3156406422303758,0.3774553900605352
158540,0.365,1.8,2.0,0.19017334054834056,0.004289688505938504,200,50,73,1586,875,3,29.9,284969,1642034,40,lead_stubborn,0.2501126952506121,0.6454895199876196
158603,0.535,1.5909090909090908,2.0,0.31479464285714287,0.0050846085858585865,200,66,107,1587,875,3,42.7,284969,1642034,3,lead_stubborn,0.405342196225377,0.1209354681890304
158796,0.655,1.65625,2.0076335877862594,0.42493055555555564,0.005610124458874461,200,96,131,1588,875,3,61.0,284969,1642034,96,lead_stubborn,0.4626922801013836,0.4528896718855326
158818,0.295,1.6136363636363635,2.0,0.1591886724386724,0.003887500714155126,200,44,59,1589,875,3,87.4,284969,1642034,18,lead_stubborn,0.2312345941585266,0.3847746110331581
158943,0.445,1.8627450980392157,2.0,0.23257633053221294,0.005094711718020538,200,51,89,1590,875,3,125.0,284969,1642034,43,lead_stubborn,0.3733963553970497,0.8234180661786772
159466,0.585,1.6075949367088607,2.0,0.35359722222222223,0.005973354978354978,200,79,117,1595,624,3,20.9,680674,7660642,66,lead_stubborn,0.4409284566649496,0.3941260031346912
159386,0.63,1.7956989247311828,2.0,0.3969269480519481,0.0061982713120213116,200,93,126,1594,624,3,14.6,680674,7660642,86,lead_stubborn,0.4461023732799478,0.2773058726188811
159543,0.515,1.625,2.0,0.30241071428571437,0.005347301587301587,200,72,103,1596,624,3,29.9,680674,7660642,43,lead_stubborn,0.3733963553970497,0.8234180661786772
159649,0.43,1.6727272727272726,2.011627906976744,0.20331739094239099,0.004581130258630258,200,55,86,1597,624,3,42.7,680674,7660642,49,lead_stubborn,0.3008118292997498,0.7565167136190543
160369,0.255,1.5263157894736843,2.019607843137255,0.1250029761904762,0.00399750372069451,200,38,51,1604,685,4,14.6,779169,3347481,69,lead_stubborn,0.2070972729458678,0.2979198700199214
160266,0.595,2.0113636363636362,2.008403361344538,0.3853730158730159,0.005744444444444442,200,88,119,1603,685,4,10.2,779169,3347481,66,lead_stubborn,0.4409284566649496,0.3941260031346912
160680,0.34,1.6956521739130435,2.0,0.17848412698412697,0.004418513569763569,200,46,68,1607,685,4,42.7,779169,3347481,80,lead_stubborn,0.2816906079992455,0.4111680330999803
160774,0.65,1.7802197802197801,2.0076923076923077,0.4005099206349206,0.005472222222222219,200,91,130,1608,685,4,61.0,779169,3347481,74,lead_stubborn,0.4831039344913304,0.9827660363748432
160839,0.66,1.7676767676767677,2.007575757575758,0.4259761904761905,0.005822519841269838,200,99,132,1609,685,4,87.4,779169,3347481,39,lead_stubborn,0.4790241755215713,0.6177321915239017
16166,0.505,1.6538461538461537,2.00990099009901,0.35694047619047614,0.005904226190476186,200,78,101,162,208,7,7.1,620168,5691464,66,lead_stubborn,0.4409284566649496,0.3941260031346912
161176,0.56,1.8472222222222223,2.017857142857143,0.2781666666666667,0.011992976190476179,200,72,112,1612,915,3,7.1,68533,7042491,76,lead_stubborn,0.3027820674966874,0.514144872517883
161350,0.52,1.7575757575757576,2.0096153846153846,0.26373015873015865,0.00791303571428571,200,66,104,1614,915,3,14.6,68533,7042491,50,lead_stubborn,0.3349244931377773,0.5073741801149648
161580,0.345,1.6607142857142858,2.0144927536231885,0.20210714285714285,0.006804678238428238,200,56,69,1616,915,3,29.9,68533,7042491,80,lead_stubborn,0.2816906079992455,0.4111680330999803
162066,0.555,1.9487179487179487,2.009009009009009,0.3429642857142857,0.005389289321789319,200,78,111,1621,168,7,5.0,599707,4109857,66,lead_stubborn,0.4409284566649496,0.3941260031346912
162248,0.295,1.6829268292682926,2.0,0.13181776483750168,0.0036603026424040343,200,41,59,1623,168,7,10.2,599707,4109857,48,lead_stubborn,0.2114807290736435,0.0244607249130057
161690,0.47,1.5571428571428572,2.0,0.26831349206349203,0.006638710317460317,200,70,94,1617,915,3,42.7,68533,7042491,90,lead_stubborn,0.3196298037016608,0.990883980492858
161867,0.535,1.8571428571428572,2.0093457943925235,0.31087499999999996,0.005724662698412697,200,70,107,1619,915,3,87.4,68533,7042491,67,lead_stubborn,0.3604525200861999,0.8954386061007626
161914,0.58,1.7439024390243902,2.0086206896551726,0.36544642857142856,0.0056878174603174556,200,82,116,1620,915,3,125.0,68533,7042491,14,lead_stubborn,0.4312459512484686,0.5424263205795637
162311,0.485,1.8857142857142857,2.0,0.3097996031746032,0.004946150793650795,200,70,97,1624,168,7,14.6,599707,4109857,11,lead_stubborn,0.3777435584279705,0.3053722478730439
162636,0.445,1.9285714285714286,2.0,0.2514126984126984,0.005072523448773447,200,56,89,1627,168,7,42.7,599707,4109857,36,lead_stubborn,0.3461077870164497,0.600169191961039
162735,0.62,1.8857142857142857,2.0080645161290325,0.33389682539682547,0.005024325396825397,200,70,124,1628,168,7,61.0,599707,4109857,35,lead_stubborn,0.444752781116749,0.3583252290098091
163094,0.325,2.0652173913043477,2.0,0.18511345598845594,0.005465905344655344,200,46,65,1631,851,5,5.0,272177,3577978,94,lead_stubborn,0.2857700497959219,0.1163714164083326
163262,0.455,2.0689655172413794,2.0,0.2343737373737374,0.004793596681096682,200,58,91,1633,851,5,10.2,272177,3577978,62,lead_stubborn,0.3350709844137344,0.6247506884808997
163934,0.55,1.8225806451612903,2.0090909090909093,0.30699819624819613,0.00514345418470418,200,62,110,1640,851,5,125.0,272177,3577978,34,lead_stubborn,0.4113840234518945,0.152863497296565
163166,0.57,2.064935064935065,2.008771929824561,0.33702813852813857,0.005918791486291486,200,77,114,1632,851,5,7.1,272177,3577978,66,lead_stubborn,0.4409284566649496,0.3941260031346912
165634,0.535,1.9166666666666667,2.0093457943925235,0.27996861471861473,0.0050112914862914856,200,60,107,1657,713,5,42.7,970048,7440745,34,lead_stubborn,0.4113840234518945,0.152863497296565
165482,0.4,1.7407407407407407,2.0125,0.20728409090909086,0.00450432766064345,200,54,80,1655,713,5,20.9,970048,7440745,82,lead_stubborn,0.3128186843462212,0.0598593952629424
164419,0.62,1.964705882352941,2.0080645161290325,0.38894251581751577,0.005414682539682538,200,85,124,1645,764,7,20.9,907441,5095093,19,lead_stubborn,0.4954733651280948,0.0419355939468332
164779,0.525,1.9210526315789473,2.019047619047619,0.33044659507159513,0.0051087722000221995,200,76,105,1648,764,7,61.0,907441,5095093,79,lead_stubborn,0.3642632456563252,0.6890479996878222
166142,0.31,1.894736842105263,2.0,0.15025961538461535,0.004216343448218446,200,38,62,1662,126,6,7.1,1041769,851521,42,lead_stubborn,0.2544637386172081,0.3417299389831262
167019,0.74,1.75,2.0,0.4825297619047619,0.005469707792207789,200,104,148,1671,75,4,5.0,667815,6648498,19,lead_stubborn,0.4954733651280948,0.0419355939468332
166687,0.4,1.9821428571428572,2.0125,0.21365909090909088,0.004668498535777947,200,56,80,1667,126,6,42.7,1041769,851521,87,lead_stubborn,0.3108669576156866,0.5798034448113424
166722,0.295,1.6842105263157894,2.0,0.12028246753246753,0.004230777972027972,200,38,59,1668,126,6,61.0,1041769,851521,22,lead_stubborn,0.24260325729568,0.2220357375157741
16585,0.545,1.9342105263157894,2.0,0.3392566738816739,0.004716491702741701,200,76,109,166,208,7,29.9,620168,5691464,85,lead_stubborn,0.4024582743628092,0.7244830604083918
167368,0.525,1.878787878787879,2.0095238095238095,0.3030830835830836,0.005130386974136976,200,66,105,1674,75,4,14.6,667815,6648498,68,lead_stubborn,0.3706046305857265,0.4761663270697934
1675,0.335,1.7,2.014925373134328,0.17337859362859365,0.0043509683372183385,200,50,67,17,57,6,42.7,143476,3082676,75,lead_stubborn,0.2525545317138812,0.4401811270174162
167255,0.475,1.6933333333333334,2.0210526315789474,0.2838710317460318,0.005024339985994399,200,75,95,1673,75,4,10.2,667815,6648498,55,lead_stubborn,0.3277016708096898,0.5663965080474668
167496,0.675,1.8453608247422681,2.0074074074074075,0.45052579365079354,0.005714722222222221,200,97,135,1675,75,4,20.9,667815,6648498,96,lead_stubborn,0.4626922801013836,0.4528896718855326
167788,0.6,1.9466666666666668,2.0,0.34584433621933636,0.004873443362193359,200,75,120,1678,75,4,61.0,667815,6648498,88,lead_stubborn,0.4229568538429628,0.8766829270547112
167877,0.305,1.6428571428571428,2.0,0.13456175935459821,0.003719706829473453,200,42,61,1679,75,4,87.4,667815,6648498,77,lead_stubborn,0.2375482709814891,0.0892183280233827
167986,0.63,1.7826086956521738,2.015873015873016,0.4104583333333334,0.005304821428571427,200,92,126,1680,75,4,125.0,667815,6648498,86,lead_stubborn,0.4461023732799478,0.2773058726188811
167612,0.62,1.8953488372093024,2.0,0.3450423881673882,0.004796502525252527,200,86,124,1677,75,4,42.7,667815,6648498,12,lead_stubborn,0.3985108847427614,0.9637929216712549
168,0.61,1.625,2.0245901639344264,0.33720436507936513,0.007074841269841269,200,80,122,2,195,2,7.1,1117112,2763342,68,lead_stubborn,0.3706046305857265,0.4761663270697934
168051,0.265,1.8857142857142857,2.0,0.11022049689440992,0.003817102706472272,200,35,53,1681,548,5,5.0,473239,390126,51,lead_stubborn,0.2182850515748211,0.1730815279492411
168608,0.49,1.8461538461538463,2.0,0.2895476190476191,0.00499093614718615,200,65,98,1687,548,5,42.7,473239,390126,8,lead_stubborn,0.3927810904963459,0.8167673407001561
168259,0.385,1.9411764705882353,2.012987012987013,0.19852182539682542,0.004596954965324531,200,51,77,1683,548,5,10.2,473239,390126,59,lead_stubborn,0.2977847312437251,0.2895622807306851
168903,0.575,1.9444444444444444,2.0,0.34720238095238104,0.004944565295815294,200,72,115,1690,548,5,125.0,473239,390126,3,lead_stubborn,0.405342196225377,0.1209354681890304
16960,0.435,1.7894736842105263,2.0,0.23951046176046176,0.004502001976781389,200,57,87,170,208,7,125.0,620168,5691464,60,lead_stubborn,0.2892063661005389,0.2123889347471068
169410,0.58,1.6375,2.0,0.3638571428571427,0.005611668470418472,200,80,116,1695,310,3,20.9,1066981,2945118,10,lead_stubborn,0.4737946714611262,0.5224738795684104
170215,0.35,1.8095238095238095,2.0,0.1601154401154401,0.004704434593184591,200,42,70,1703,780,3,10.2,820024,5229994,15,lead_stubborn,0.28091147618982,0.9551352008768642
170466,0.625,1.788888888888889,2.008,0.39660989010989,0.005645410561660561,200,90,125,1705,780,3,20.9,820024,5229994,66,lead_stubborn,0.4409284566649496,0.3941260031346912
170676,0.395,1.6724137931034482,2.0,0.22220652958152953,0.004619388528138527,200,58,79,1707,780,3,42.7,820024,5229994,76,lead_stubborn,0.3027820674966874,0.514144872517883
171154,0.49,1.7538461538461538,2.0,0.2861666666666666,0.005216646825396821,200,65,98,1712,254,3,7.1,881963,3516523,54,lead_stubborn,0.3585232711576509,0.4092237628104323
171324,0.635,1.7125,2.0078740157480315,0.3645912698412699,0.005637797619047619,200,80,127,1714,254,3,14.6,881963,3516523,24,lead_stubborn,0.4574864654719545,0.463400582232104
170893,0.385,1.7543859649122806,2.0,0.20251946664446666,0.004406892980385625,200,57,77,1709,780,3,87.4,820024,5229994,93,lead_stubborn,0.2779592827386458,0.3345825728904498
172225,0.635,1.7674418604651163,2.0,0.40814303751803754,0.005147323232323234,200,86,127,1723,54,7,10.2,643603,3716644,25,lead_stubborn,0.454095890072901,0.6742162468199493
172024,0.65,1.7234042553191489,2.0,0.41075,0.005344702380952382,200,94,130,1721,54,7,5.0,643603,3716644,24,lead_stubborn,0.4574864654719545,0.463400582232104
172619,0.71,1.9894736842105263,2.007042253521127,0.4449545454545455,0.005280321067821069,200,95,142,1727,54,7,42.7,643603,3716644,19,lead_stubborn,0.4954733651280948,0.0419355939468332
172765,0.495,1.903225806451613,2.0,0.27216865079365077,0.004611640720390721,200,62,99,1728,54,7,61.0,643603,3716644,65,lead_stubborn,0.3439678088500045,0.0675229338756022
171894,0.31,1.8,2.0161290322580645,0.16165390603548496,0.004534640215735417,200,40,62,1719,254,3,87.4,881963,3516523,94,lead_stubborn,0.2857700497959219,0.1163714164083326
173229,0.415,1.7096774193548387,2.0,0.22308369408369405,0.006705912698412692,200,62,83,1733,69,3,10.2,78209,5252486,29,lead_stubborn,0.2901917465581629,0.3137113417077046
172931,0.33,1.6444444444444444,2.0,0.13480952380952382,0.00391993831168831,200,45,66,1730,54,7,125.0,643603,3716644,31,lead_stubborn,0.2689147210983604,0.7842712343444325
173679,0.515,1.71875,2.0194174757281553,0.26727976190476194,0.005485833333333329,200,64,103,1737,69,3,42.7,78209,5252486,79,lead_stubborn,0.3642632456563252,0.6890479996878222
173743,0.54,1.5774647887323943,2.0,0.3141691919191919,0.005764166666666665,200,71,108,1738,69,3,61.0,78209,5252486,43,lead_stubborn,0.3733963553970497,0.8234180661786772
173472,0.4,1.7777777777777777,2.0,0.23117399267399263,0.005678707819957814,200,63,80,1735,69,3,20.9,78209,5252486,72,lead_stubborn,0.3156406422303758,0.3774553900605352
174799,0.435,1.7058823529411764,2.0114942528735633,0.2475238095238095,0.0048866315628815615,200,68,87,1748,800,5,61.0,1126653,2224583,99,lead_stubborn,0.3227365905845993,0.0746241892293311
174226,0.305,1.6511627906976745,2.0,0.15755772005772006,0.004494700993450992,200,43,61,1743,800,5,10.2,1126653,2224583,26,lead_stubborn,0.2702561230694959,0.837478784452857
174937,0.61,1.925,2.0081967213114753,0.3713789682539682,0.005199563492063492,200,80,122,1750,800,5,125.0,1126653,2224583,37,lead_stubborn,0.469568977189866,0.9743873423433428
176399,0.515,1.6521739130434783,2.0,0.2561765873015873,0.004585337301587302,200,69,103,1764,231,5,14.6,1004855,6681273,99,lead_stubborn,0.3227365905845993,0.0746241892293311
176923,0.515,2.0,2.0097087378640777,0.2675073260073261,0.004462315323565323,200,57,103,1770,231,5,125.0,1004855,6681273,23,lead_stubborn,0.3494898166749496,0.4302371480503864
176451,0.285,1.564102564102564,2.017543859649123,0.13078973803973803,0.0038558906602656567,200,39,57,1765,231,5,20.9,1004855,6681273,51,lead_stubborn,0.2182850515748211,0.1730815279492411
175943,0.545,1.8888888888888888,2.0,0.29685119047619046,0.004935595238095236,200,72,109,1760,970,6,125.0,495295,4276973,43,lead_stubborn,0.3733963553970497,0.8234180661786772
177395,0.585,1.8055555555555556,2.0,0.32055753968253975,0.005233849206349204,200,72,117,1774,147,5,14.6,253111,2951164,95,lead_stubborn,0.3751229337419657,0.1974510188067169
177197,0.655,1.7608695652173914,2.0,0.4325833333333332,0.005952678571428569,200,92,131,1772,147,5,7.1,253111,2951164,97,lead_stubborn,0.4855618445578609,0.1689982716058866
177037,0.63,1.9775280898876404,2.0,0.4175714285714286,0.006394285714285713,200,89,126,1771,147,5,5.0,253111,2951164,37,lead_stubborn,0.469568977189866,0.9743873423433428
177583,0.28,1.5945945945945945,2.0,0.1053955488955489,0.003556445935600346,200,37,56,1776,147,5,29.9,253111,2951164,83,lead_stubborn,0.2028601193675408,0.7764128459904844
177914,0.595,1.9390243902439024,2.008403361344538,0.3669875124875125,0.005288904983904985,200,82,119,1780,147,5,125.0,253111,2951164,14,lead_stubborn,0.4312459512484686,0.5424263205795637
177650,0.485,1.9047619047619047,2.0,0.27343744164332395,0.004509151493930904,200,63,97,1777,147,5,42.7,253111,2951164,50,lead_stubborn,0.3349244931377773,0.5073741801149648
178076,0.465,1.8666666666666667,2.0,0.2856058802308802,0.004624466134710698,200,75,93,1781,508,7,5.0,977045,406031,76,lead_stubborn,0.3027820674966874,0.514144872517883
178141,0.5,1.873015873015873,2.01,0.26073015873015876,0.004806507936507937,200,63,100,1782,508,7,7.1,977045,406031,41,lead_stubborn,0.3883150820571905,0.5577479977483336
179186,0.79,1.5154639175257731,2.0126582278481013,0.4093035714285715,0.006364642857142849,200,97,158,1792,46,2,7.1,862152,5853360,86,lead_stubborn,0.4461023732799478,0.2773058726188811
179974,0.755,1.5714285714285714,2.0,0.4016825396825397,0.005902541486291486,200,91,151,1800,46,2,125.0,862152,5853360,74,lead_stubborn,0.4831039344913304,0.9827660363748432
178316,0.565,1.9452054794520548,2.0088495575221237,0.3228611111111111,0.004913551587301586,200,73,113,1784,508,7,14.6,977045,406031,16,lead_stubborn,0.4208942434349683,0.0948525522924531
178949,0.445,1.631578947368421,2.0,0.20833043345543337,0.004184734709734709,200,57,89,1790,508,7,125.0,977045,406031,49,lead_stubborn,0.3008118292997498,0.7565167136190543
180306,0.665,1.8043478260869565,2.007518796992481,0.4036289682539683,0.005746904761904759,200,92,133,1804,535,5,14.6,577090,6729326,6,lead_stubborn,0.4911132375299709,0.252577974178488
180572,0.48,1.5873015873015872,2.0104166666666665,0.25039819902319904,0.004480389075793487,200,63,96,1806,535,5,29.9,577090,6729326,72,lead_stubborn,0.3156406422303758,0.3774553900605352
180734,0.56,1.7882352941176471,2.0089285714285716,0.37003373015873015,0.005323699494949493,200,85,112,1808,535,5,61.0,577090,6729326,34,lead_stubborn,0.4113840234518945,0.152863497296565
181175,0.325,1.8888888888888888,2.0153846153846153,0.1613611111111111,0.004849204912734323,200,45,65,1812,736,4,7.1,514199,4710516,75,lead_stubborn,0.2525545317138812,0.4401811270174162
181709,0.295,1.7857142857142858,2.0,0.15644318181818181,0.0038270304232804215,200,42,59,1818,736,4,61.0,514199,4710516,9,lead_stubborn,0.2331676534838964,0.9471927912224244
181387,0.4,1.719298245614035,2.0,0.20693055555555556,0.004609957264957263,200,57,80,1814,736,4,14.6,514199,4710516,87,lead_stubborn,0.3108669576156866,0.5798034448113424
18200,0.595,1.6973684210526316,2.0,0.35137499999999994,0.00579672619047619,200,76,119,182,871,3,7.1,1179798,7333864,100,lead_stubborn,0.4158727914731683,0.6511808318464773
18219,0.655,1.7582417582417582,2.0076335877862594,0.4248234126984128,0.006071091269841268,200,91,131,183,871,3,10.2,1179798,7333864,19,lead_stubborn,0.4954733651280948,0.0419355939468332
183181,0.28,1.8571428571428572,2.0,0.1519503968253968,0.005053601349630762,200,42,56,1832,364,4,7.1,200318,2192063,81,lead_stubborn,0.2269416996374781,0.4804242585572029
182266,0.66,1.9411764705882353,2.0,0.4006150793650793,0.005111051587301586,200,85,132,1823,374,7,10.2,1155673,6010507,66,lead_stubborn,0.4409284566649496,0.3941260031346912
182637,0.645,1.6419753086419753,2.0,0.3749603174603175,0.005268531746031746,200,81,129,1827,374,7,42.7,1155673,6010507,37,lead_stubborn,0.469568977189866,0.9743873423433428
182436,0.525,1.7361111111111112,2.0,0.29218776106933997,0.004748489010989011,200,72,105,1825,374,7,20.9,1155673,6010507,36,lead_stubborn,0.3461077870164497,0.600169191961039
183293,0.38,1.6862745098039216,2.0,0.18806457431457427,0.0051662012987012985,200,51,76,1833,364,4,10.2,200318,2192063,93,lead_stubborn,0.2779592827386458,0.3345825728904498
183924,0.59,1.8,2.0,0.387061507936508,0.00550156746031746,200,85,118,1840,364,4,125.0,200318,2192063,24,lead_stubborn,0.4574864654719545,0.463400582232104
183874,0.705,1.8877551020408163,2.0,0.43908333333333344,0.005077797619047617,200,98,141,1839,364,4,87.4,200318,2192063,74,lead_stubborn,0.4831039344913304,0.9827660363748432
18337,0.63,1.6829268292682926,2.007936507936508,0.36500595238095235,0.005702837301587302,200,82,126,184,871,3,14.6,1179798,7333864,37,lead_stubborn,0.469568977189866,0.9743873423433428
184046,0.65,1.793103448275862,2.0076923076923077,0.3858452380952381,0.00478529761904762,200,87,130,1841,571,6,5.0,1058443,3020113,46,lead_stubborn,0.4184444837622084,0.6687474950133617
184356,0.7,1.8,2.0142857142857142,0.45700072150072146,0.005362169913419913,200,100,140,1844,571,6,14.6,1058443,3020113,56,lead_stubborn,0.4768512858671266,0.1447302436856452
184243,0.51,1.873015873015873,2.0,0.2824285714285714,0.004874960317460317,200,63,102,1843,571,6,10.2,1058443,3020113,43,lead_stubborn,0.3733963553970497,0.8234180661786772
185028,0.595,1.8131868131868132,2.008403361344538,0.4066904761904763,0.006559226190476185,200,91,119,1851,411,7,5.0,179544,6266571,28,lead_stubborn,0.4304538627565802,0.2618674911675315
185335,0.625,1.7590361445783131,2.0,0.3576726190476191,0.005313273809523805,200,83,125,1854,411,7,14.6,179544,6266571,35,lead_stubborn,0.444752781116749,0.3583252290098091
185434,0.59,1.880952380952381,2.0084745762711864,0.35266666666666674,0.005209897741147742,200,84,118,1855,411,7,20.9,179544,6266571,34,lead_stubborn,0.4113840234518945,0.152863497296565
185518,0.345,1.509433962264151,2.0,0.14868595293595294,0.004259360084360081,200,53,69,1856,411,7,29.9,179544,6266571,18,lead_stubborn,0.2312345941585266,0.3847746110331581
185791,0.485,1.6440677966101696,2.020618556701031,0.2658460656990069,0.0050119818988201325,200,59,97,1858,411,7,61.0,179544,6266571,91,lead_stubborn,0.3969614753991711,0.3291381696463736
185883,0.225,1.6388888888888888,2.0,0.11331793206793206,0.003863812645687645,200,36,45,1859,411,7,87.4,179544,6266571,83,lead_stubborn,0.2028601193675408,0.7764128459904844
185924,0.585,1.876543209876543,2.0085470085470085,0.36308470695970696,0.0055126785714285685,200,81,117,1860,411,7,125.0,179544,6266571,24,lead_stubborn,0.4574864654719545,0.463400582232104
187688,0.58,1.7532467532467533,2.0,0.33995238095238095,0.005471309523809523,200,77,116,1877,174,3,42.7,434845,4955019,88,lead_stubborn,0.4229568538429628,0.8766829270547112
188389,0.345,1.4893617021276595,2.0144927536231885,0.15904797979797977,0.0053594430569430555,200,47,69,1884,517,2,14.6,532901,1432144,89,lead_stubborn,0.2129379249701362,0.6944582199785999
188551,0.43,1.423728813559322,2.011627906976744,0.20161129148629148,0.005395629370629369,200,59,86,1886,517,2,29.9,532901,1432144,51,lead_stubborn,0.2182850515748211,0.1730815279492411
18616,0.53,1.835820895522388,2.0,0.31275,0.005142205988455989,200,67,106,187,871,3,42.7,1179798,7333864,16,lead_stubborn,0.4208942434349683,0.0948525522924531
18756,0.65,1.6506024096385543,2.0,0.37733928571428565,0.005564662698412694,200,83,130,188,871,3,61.0,1179798,7333864,56,lead_stubborn,0.4768512858671266,0.1447302436856452
188656,0.78,1.627659574468085,2.0064102564102564,0.41484722222222226,0.006391249999999998,200,94,156,1887,517,2,42.7,532901,1432144,56,lead_stubborn,0.4768512858671266,0.1447302436856452
188991,0.65,1.644736842105263,2.0,0.33528174603174604,0.005433174603174598,200,76,130,1890,517,2,125.0,532901,1432144,91,lead_stubborn,0.3969614753991711,0.3291381696463736
190005,0.79,1.4845360824742269,2.0126582278481013,0.4275535714285715,0.006285476190476188,200,97,158,1901,187,2,5.0,843589,1052878,5,lead_stubborn,0.4995762557070848,0.3625281920046287
190243,0.595,1.75,2.0,0.2973690476190477,0.00536293831168831,200,72,119,1903,187,2,10.2,843589,1052878,43,lead_stubborn,0.3733963553970497,0.8234180661786772
190390,0.57,1.5352112676056338,2.008771929824561,0.2675047868797869,0.004899985292485291,200,71,114,1904,187,2,14.6,843589,1052878,90,lead_stubborn,0.3196298037016608,0.990883980492858
190579,0.565,1.7083333333333333,2.0,0.2992301587301588,0.005234405316905316,200,72,113,1906,187,2,29.9,843589,1052878,79,lead_stubborn,0.3642632456563252,0.6890479996878222
190788,0.725,1.5657894736842106,2.0,0.3550892857142856,0.005468273809523809,200,76,145,1908,187,2,61.0,843589,1052878,88,lead_stubborn,0.4229568538429628,0.8766829270547112
190822,0.495,1.390625,2.0,0.19125279295867528,0.004001044274353095,200,64,99,1909,187,2,87.4,843589,1052878,22,lead_stubborn,0.24260325729568,0.2220357375157741
190978,0.65,1.5774647887323943,2.0,0.3388313492063492,0.005224305555555553,200,71,130,1910,187,2,125.0,843589,1052878,78,lead_stubborn,0.3815618301396259,0.7050527606912402
191087,0.47,1.646153846153846,2.0319148936170213,0.250128663003663,0.007628820207570202,200,65,94,1911,732,3,5.0,173782,4804568,87,lead_stubborn,0.3108669576156866,0.5798034448113424
189221,0.265,1.6666666666666667,2.0,0.11922954822954822,0.004528354284604285,200,36,53,1893,996,8,10.2,366934,5387618,21,lead_stubborn,0.2397567210258474,0.5887702959721403
191347,0.55,1.838235294117647,2.0,0.3194206349206349,0.006215079365079361,200,68,110,1914,732,3,14.6,173782,4804568,47,lead_stubborn,0.4071129309119736,0.103198652756049
189987,0.35,1.7608695652173914,2.0142857142857142,0.17742947330447328,0.004622036990786991,200,46,70,1900,996,8,125.0,366934,5387618,87,lead_stubborn,0.3108669576156866,0.5798034448113424
19249,0.37,1.7678571428571428,2.0,0.21498809523809523,0.005859289321789323,200,56,74,193,136,4,10.2,153589,5645635,49,lead_stubborn,0.3008118292997498,0.7565167136190543
193011,0.44,1.9558823529411764,2.0,0.28329166666666666,0.005710178571428565,200,68,88,1931,178,4,5.0,488054,4844989,11,lead_stubborn,0.3777435584279705,0.3053722478730439
19304,0.27,1.8108108108108107,2.0,0.12181655844155846,0.004946623931623931,200,37,54,194,136,4,14.6,153589,5645635,4,lead_stubborn,0.2627648343443758,0.7190241322679278
193591,0.56,2.0128205128205128,2.0,0.31951297313797317,0.004975392524142525,200,78,112,1936,178,4,29.9,488054,4844989,91,lead_stubborn,0.3969614753991711,0.3291381696463736
193424,0.66,1.7765957446808511,2.007575757575758,0.40843722943722943,0.005167326839826838,200,94,132,1935,178,4,20.9,488054,4844989,24,lead_stubborn,0.4574864654719545,0.463400582232104
191752,0.58,1.7297297297297298,2.0086206896551726,0.32277380952380946,0.005214047619047618,200,74,116,1918,732,3,61.0,173782,4804568,52,lead_stubborn,0.3898718220747056,0.4295434601453535
193934,0.525,1.8630136986301369,2.0,0.31598809523809523,0.005202277444777446,200,73,105,1940,178,4,125.0,488054,4844989,34,lead_stubborn,0.4113840234518945,0.152863497296565
193700,0.525,2.0933333333333333,2.0285714285714285,0.34254563492063494,0.005110238095238093,200,75,105,1937,178,4,42.7,488054,4844989,100,lead_stubborn,0.4158727914731683,0.6511808318464773
191590,0.4,1.625,2.0125,0.19548795159089274,0.004779039502164502,200,56,80,1916,732,3,29.9,173782,4804568,90,lead_stubborn,0.3196298037016608,0.990883980492858
19449,0.35,1.8043478260869565,2.0,0.16660137085137083,0.0049931727994228,200,46,70,195,136,4,20.9,153589,5645635,49,lead_stubborn,0.3008118292997498,0.7565167136190543
194112,0.49,1.9,2.0,0.3033495670995671,0.005221827200577201,200,70,98,1942,491,6,7.1,927779,6224225,12,lead_stubborn,0.3985108847427614,0.9637929216712549
194368,0.525,1.6712328767123288,2.0,0.3083455988455988,0.00508135101010101,200,73,105,1944,491,6,14.6,927779,6224225,68,lead_stubborn,0.3706046305857265,0.4761663270697934
194673,0.365,1.608695652173913,2.0,0.1794028887778887,0.0044299103674103665,200,46,73,1947,491,6,42.7,927779,6224225,73,lead_stubborn,0.2631399047202775,0.494072025933513
195419,0.675,1.9157894736842105,2.0074074074074075,0.4480833333333334,0.005402896825396821,200,95,135,1955,580,6,20.9,167827,3249308,19,lead_stubborn,0.4954733651280948,0.0419355939468332
196448,0.315,1.5128205128205128,2.0,0.11166514041514042,0.0038374156399156394,200,39,63,1965,88,4,20.9,465040,1419318,48,lead_stubborn,0.2114807290736435,0.0244607249130057
196549,0.41,1.7049180327868851,2.0,0.22848051948051953,0.004564762459762457,200,61,82,1966,88,4,29.9,465040,1419318,49,lead_stubborn,0.3008118292997498,0.7565167136190543
196679,0.545,1.9661016949152543,2.0,0.2635535714285715,0.004445635475635474,200,59,109,1967,88,4,42.7,465040,1419318,79,lead_stubborn,0.3642632456563252,0.6890479996878222
196899,0.465,1.8333333333333333,2.021505376344086,0.24852489177489176,0.004645799062049064,200,60,93,1969,88,4,87.4,465040,1419318,99,lead_stubborn,0.3227365905845993,0.0746241892293311
195654,0.48,1.8153846153846154,2.0104166666666665,0.28380194805194814,0.0047609763847263845,200,65,96,1957,580,6,42.7,167827,3249308,54,lead_stubborn,0.3585232711576509,0.4092237628104323
195540,0.315,1.7045454545454546,2.0,0.1618529885147532,0.004885782265120501,200,44,63,1956,580,6,29.9,167827,3249308,40,lead_stubborn,0.2501126952506121,0.6454895199876196
195803,0.59,2.0259740259740258,2.0,0.33138156981906974,0.004651490266269676,200,77,118,1959,580,6,87.4,167827,3249308,3,lead_stubborn,0.405342196225377,0.1209354681890304
197028,0.555,1.8235294117647058,2.0,0.31161904761904763,0.005239844877344873,200,68,111,1971,482,5,5.0,336668,3768166,28,lead_stubborn,0.4304538627565802,0.2618674911675315
197350,0.445,1.8545454545454545,2.0112359550561796,0.2311473665223665,0.004620430716943874,200,55,89,1974,482,5,14.6,336668,3768166,50,lead_stubborn,0.3349244931377773,0.5073741801149648
197150,0.41,2.017543859649123,2.0121951219512195,0.21957761682761684,0.00524817821067821,200,57,82,1972,482,5,7.1,336668,3768166,50,lead_stubborn,0.3349244931377773,0.5073741801149648
197236,0.435,1.8548387096774193,2.0,0.2553374125874126,0.0050478144078144075,200,62,87,1973,482,5,10.2,336668,3768166,36,lead_stubborn,0.3461077870164497,0.600169191961039
19811,0.5,1.676923076923077,2.0,0.2740079365079366,0.004944553571428573,200,65,100,199,136,4,87.4,153589,5645635,11,lead_stubborn,0.3777435584279705,0.3053722478730439
197466,0.545,1.8630136986301369,2.0091743119266057,0.33993055555555557,0.005055099206349207,200,73,109,1975,482,5,20.9,336668,3768166,66,lead_stubborn,0.4409284566649496,0.3941260031346912
197598,0.29,1.725,2.0,0.13080826118326117,0.003679410054814463,200,40,58,1976,482,5,29.9,336668,3768166,98,lead_stubborn,0.21729239263723,0.8840829656528192
198442,0.7,5.29126213592233,2.2071428571428573,0.31195590525680567,0.009358141475685911,200,103,140,1985,682,2,20.9,148856,5776151,42,lead_stubborn,0.2544637386172081,0.3417299389831262
198217,0.695,14.183823529411764,2.158273381294964,0.48857624867954264,0.007505673206519086,200,136,139,1983,682,2,10.2,148856,5776151,17,lead_stubborn,0.4372556438030128,0.9067257327686692
198636,0.67,2.561224489795918,2.08955223880597,0.3722822455322457,0.008072613636363636,200,98,134,1987,682,2,42.7,148856,5776151,36,lead_stubborn,0.3461077870164497,0.600169191961039
19947,0.61,1.6710526315789473,2.0,0.3490357142857144,0.005362281746031746,200,76,122,200,136,4,125.0,153589,5645635,47,lead_stubborn,0.4071129309119736,0.103198652756049
198759,0.58,2.2839506172839505,2.0948275862068964,0.2915564296814296,0.008704801587301586,200,81,116,1988,682,2,61.0,148856,5776151,59,lead_stubborn,0.2977847312437251,0.2895622807306851
199277,0.34,1.5909090909090908,2.014705882352941,0.1346551226551226,0.004043770396270396,200,44,68,1993,358,3,10.2,1040225,5729202,77,lead_stubborn,0.2375482709814891,0.0892183280233827
198888,0.76,1.9615384615384615,2.0789473684210527,0.43588293650793647,0.008983511904761895,200,104,152,1989,682,2,87.4,148856,5776151,88,lead_stubborn,0.4229568538429628,0.8766829270547112
199747,0.555,1.608695652173913,2.0,0.31322851658145767,0.005310917366946777,200,69,111,1998,358,3,61.0,1040225,5729202,47,lead_stubborn,0.4071129309119736,0.103198652756049
199483,0.29,1.5897435897435896,2.0,0.11966323953823953,0.0036053410886499127,200,39,58,1995,358,3,20.9,1040225,5729202,83,lead_stubborn,0.2028601193675408,0.7764128459904844
199694,0.345,1.9803921568627452,2.0,0.17208928571428572,0.0042182049200799165,200,51,69,1997,358,3,42.7,1040225,5729202,94,lead_stubborn,0.2857700497959219,0.1163714164083326
200059,0.425,1.7333333333333334,2.011764705882353,0.21658928571428568,0.006445119047619039,200,60,85,2001,697,7,5.0,203528,6190154,59,lead_stubborn,0.2977847312437251,0.2895622807306851
200579,0.515,2.0294117647058822,2.0,0.28733766233766234,0.004912898629148628,200,68,103,2006,697,7,29.9,203528,6190154,79,lead_stubborn,0.3642632456563252,0.6890479996878222
200169,0.26,2.0,2.0,0.13871626984126986,0.004417774562394125,200,44,52,2002,697,7,7.1,203528,6190154,69,lead_stubborn,0.2070972729458678,0.2979198700199214
201075,0.305,1.744186046511628,2.0,0.1610942760942761,0.004129527134085955,200,43,61,2011,418,6,5.0,1182806,753016,75,lead_stubborn,0.2525545317138812,0.4401811270174162
2007,0.655,1.8953488372093024,2.0076335877862594,0.3906611721611722,0.005442707431457429,200,86,131,21,953,6,5.0,1197932,5801972,7,lead_stubborn,0.4657787213448116,0.0151426399118454
201536,0.515,1.7936507936507937,2.0,0.2676442099567099,0.004327430526989351,200,63,103,2016,418,6,29.9,1182806,753016,36,lead_stubborn,0.3461077870164497,0.600169191961039
201638,0.465,1.9298245614035088,2.0,0.23738690476190477,0.004709285714285715,200,57,93,2017,418,6,42.7,1182806,753016,38,lead_stubborn,0.3509947337216052,0.8424701912520188
201730,0.29,1.9487179487179487,2.0172413793103448,0.12918969225219226,0.003748019842644454,200,39,58,2018,418,6,61.0,1182806,753016,30,lead_stubborn,0.2039812783100412,0.857228363045134
201835,0.61,1.8641975308641976,2.0081967213114753,0.3811690115440116,0.005306767676767677,200,81,122,2019,418,6,87.4,1182806,753016,35,lead_stubborn,0.444752781116749,0.3583252290098091
20134,0.5,1.981818181818182,2.0,0.24828373015873023,0.0051529761904761905,200,55,100,202,865,7,7.1,412235,1832679,34,lead_stubborn,0.4113840234518945,0.152863497296565
201999,0.465,1.8225806451612903,2.0,0.22718391330891322,0.004542804834054835,200,62,93,2020,418,6,125.0,1182806,753016,99,lead_stubborn,0.3227365905845993,0.0746241892293311
202293,0.46,1.5211267605633803,2.0217391304347827,0.23179761904761909,0.005944722222222219,200,71,92,2023,833,2,10.2,833179,1221269,93,lead_stubborn,0.2779592827386458,0.3345825728904498
202581,0.41,1.490566037735849,2.0121951219512195,0.1664704184704185,0.00476999941643324,200,53,82,2026,833,2,29.9,833179,1221269,81,lead_stubborn,0.2269416996374781,0.4804242585572029
202684,0.685,1.5227272727272727,2.021897810218978,0.39195238095238105,0.006163131868131865,200,88,137,2027,833,2,42.7,833179,1221269,84,lead_stubborn,0.4277086989642705,0.7484720574557526
203154,0.49,1.8095238095238095,2.0,0.28365476190476185,0.005521349206349203,200,63,98,2032,601,6,7.1,492078,4305921,54,lead_stubborn,0.3585232711576509,0.4092237628104323
203491,0.52,2.1463414634146343,2.0,0.34787121212121214,0.0053317081529581515,200,82,104,2035,601,6,20.9,492078,4305921,91,lead_stubborn,0.3969614753991711,0.3291381696463736
203379,0.505,1.875,2.0,0.286015873015873,0.004951142676767679,200,64,101,2034,601,6,14.6,492078,4305921,79,lead_stubborn,0.3642632456563252,0.6890479996878222
203741,0.54,1.7714285714285714,2.0,0.30977380952380956,0.004680597041847041,200,70,108,2038,601,6,61.0,492078,4305921,41,lead_stubborn,0.3883150820571905,0.5577479977483336
204031,0.39,1.6603773584905661,2.0,0.1996075036075036,0.004522313311688313,200,53,78,2041,632,3,5.0,781390,2024723,31,lead_stubborn,0.2689147210983604,0.7842712343444325
204102,0.36,1.6470588235294117,2.0,0.18638726551226548,0.004728906232656231,200,51,72,2042,632,3,7.1,781390,2024723,2,lead_stubborn,0.2959114945914544,0.9228509849216918
203952,0.44,1.9482758620689655,2.0113636363636362,0.2573273809523809,0.004935238095238096,200,58,88,2040,601,6,125.0,492078,4305921,52,lead_stubborn,0.3898718220747056,0.4295434601453535
204228,0.64,1.7532467532467533,2.015625,0.3679505494505495,0.005258185286935287,200,77,128,2043,632,3,10.2,781390,2024723,28,lead_stubborn,0.4304538627565802,0.2618674911675315
204375,0.3,1.85,2.0,0.14291369047619049,0.004027801226551227,200,40,60,2044,632,3,14.6,781390,2024723,75,lead_stubborn,0.2525545317138812,0.4401811270174162
204503,0.595,1.7375,2.008403361344538,0.37266269841269856,0.005555656565656566,200,80,119,2046,632,3,29.9,781390,2024723,3,lead_stubborn,0.405342196225377,0.1209354681890304
204769,0.275,1.8,2.018181818181818,0.09691918212506449,0.003535063351681,200,25,55,2048,632,3,61.0,781390,2024723,69,lead_stubborn,0.2070972729458678,0.2979198700199214
204832,0.6,1.8588235294117648,2.0,0.3676726190476191,0.005505717893217894,200,85,120,2049,632,3,87.4,781390,2024723,32,lead_stubborn,0.4495856593533723,0.6338235473212548
204966,0.655,1.6455696202531647,2.0076335877862594,0.36032738095238104,0.005198452380952381,200,79,131,2050,632,3,125.0,781390,2024723,66,lead_stubborn,0.4409284566649496,0.3941260031346912
205271,0.46,1.9154929577464788,2.0,0.26955067155067164,0.004458539505729906,200,71,92,2053,436,8,10.2,378199,984646,71,lead_stubborn,0.3239323376009491,0.868936778850477
205112,0.51,1.6944444444444444,2.0,0.3272142857142857,0.005290714285714284,200,72,102,2052,436,8,7.1,378199,984646,12,lead_stubborn,0.3985108847427614,0.9637929216712549
205354,0.475,1.8333333333333333,2.0,0.28513375513375516,0.005157705627705626,200,72,95,2054,436,8,14.6,378199,984646,54,lead_stubborn,0.3585232711576509,0.4092237628104323
205461,0.42,1.694915254237288,2.0,0.20010155122655124,0.004398037518037514,200,59,84,2055,436,8,20.9,378199,984646,61,lead_stubborn,0.3070497535774244,0.9179940122389904
205648,0.215,1.6296296296296295,2.0,0.08414552522640756,0.0033251762783252565,200,27,43,2057,436,8,42.7,378199,984646,48,lead_stubborn,0.2114807290736435,0.0244607249130057
205922,0.27,1.8333333333333333,2.0,0.13248412698412698,0.0038212330724830706,200,36,54,2060,436,8,125.0,378199,984646,22,lead_stubborn,0.24260325729568,0.2220357375157741
205815,0.365,1.76,2.0,0.18037157287157288,0.0043611401792651786,200,50,73,2059,436,8,87.4,378199,984646,15,lead_stubborn,0.28091147618982,0.9551352008768642
20562,0.375,1.7142857142857142,2.013333333333333,0.22117171717171719,0.005152075486647852,200,49,75,206,865,7,29.9,412235,1832679,62,lead_stubborn,0.3350709844137344,0.6247506884808997
206037,0.58,2.0125,2.0,0.3834464285714286,0.006924107142857144,200,80,116,2061,790,7,5.0,78612,2654643,37,lead_stubborn,0.469568977189866,0.9743873423433428
206211,0.57,1.9012345679012346,2.008771929824561,0.34586309523809516,0.005414838217338216,200,81,114,2063,790,7,10.2,78612,2654643,11,lead_stubborn,0.3777435584279705,0.3053722478730439
206116,0.6,1.8255813953488371,2.0,0.3832445887445886,0.006013196248196245,200,86,120,2062,790,7,7.1,78612,2654643,16,lead_stubborn,0.4208942434349683,0.0948525522924531
206356,0.63,1.7446808510638299,2.0,0.41676785714285713,0.0062715873015872945,200,94,126,2064,790,7,14.6,78612,2654643,56,lead_stubborn,0.4768512858671266,0.1447302436856452
206507,0.615,1.8902439024390243,2.008130081300813,0.3741964285714286,0.005609594572094573,200,82,123,2066,790,7,29.9,78612,2654643,7,lead_stubborn,0.4657787213448116,0.0151426399118454
208066,0.575,1.8125,2.008695652173913,0.3147440476190476,0.005478588217338216,200,64,115,2081,512,4,5.0,687763,6345894,66,lead_stubborn,0.4409284566649496,0.3941260031346912
206647,0.565,1.75,2.0,0.3534388528138528,0.005089583333333333,200,80,113,2067,790,7,42.7,78612,2654643,47,lead_stubborn,0.4071129309119736,0.103198652756049
206769,0.255,1.9696969696969697,2.0,0.10536476840153311,0.0038600897223691325,200,33,51,2068,790,7,61.0,78612,2654643,69,lead_stubborn,0.2070972729458678,0.2979198700199214
206954,0.505,1.6923076923076923,2.0,0.2861587301587302,0.004876388888888888,200,65,101,2070,790,7,125.0,78612,2654643,54,lead_stubborn,0.3585232711576509,0.4092237628104323
208186,0.62,1.8148148148148149,2.0080645161290325,0.37582341269841274,0.0055492567155067144,200,81,124,2082,512,4,7.1,687763,6345894,86,lead_stubborn,0.4461023732799478,0.2773058726188811
208220,0.31,1.9069767441860466,2.0,0.13064672344563646,0.004294637258166668,200,43,62,2083,512,4,10.2,687763,6345894,20,lead_stubborn,0.2461140406262255,0.1374999707243197
208474,0.64,1.9069767441860466,2.0078125,0.39588095238095233,0.0054235515873015845,200,86,128,2085,512,4,20.9,687763,6345894,74,lead_stubborn,0.4831039344913304,0.9827660363748432
208841,0.57,1.9102564102564104,2.026315789473684,0.3352630188439012,0.005311830808080807,200,78,114,2089,512,4,87.4,687763,6345894,41,lead_stubborn,0.3883150820571905,0.5577479977483336
209274,0.69,1.858695652173913,2.0072463768115942,0.41355952380952393,0.005552541486291485,200,92,138,2093,454,4,10.2,326607,1373017,74,lead_stubborn,0.4831039344913304,0.9827660363748432
208910,0.615,1.7176470588235293,2.0,0.3567579365079365,0.005275476190476189,200,85,123,2090,512,4,125.0,687763,6345894,10,lead_stubborn,0.4737946714611262,0.5224738795684104
209331,0.39,1.6938775510204083,2.0,0.18064819902319904,0.003823418664668665,200,49,78,2094,454,4,14.6,326607,1373017,31,lead_stubborn,0.2689147210983604,0.7842712343444325
21095,0.485,1.8507462686567164,2.0,0.28990476190476194,0.006237721861471859,200,67,97,211,213,6,5.0,141762,3297552,95,lead_stubborn,0.3751229337419657,0.1974510188067169
210340,0.365,1.8043478260869565,2.0,0.1653670634920635,0.00397778009028009,200,46,73,2104,235,7,14.6,801870,7204118,40,lead_stubborn,0.2501126952506121,0.6454895199876196
211050,0.495,1.9682539682539681,2.0202020202020203,0.28517261904761904,0.005062738095238094,200,63,99,2111,664,5,5.0,442214,2069828,50,lead_stubborn,0.3349244931377773,0.5073741801149648
20965,0.465,1.9375,2.0,0.2703965201465201,0.005159469696969695,200,64,93,210,865,7,125.0,412235,1832679,65,lead_stubborn,0.3439678088500045,0.0675229338756022
211452,0.49,1.7424242424242424,2.0,0.29338906926406916,0.005132880591630592,200,66,98,2115,664,5,20.9,442214,2069828,52,lead_stubborn,0.3898718220747056,0.4295434601453535
211210,0.69,1.8387096774193548,2.0072463768115942,0.4180416666666666,0.005460059523809517,200,93,138,2113,664,5,10.2,442214,2069828,10,lead_stubborn,0.4737946714611262,0.5224738795684104
211649,0.365,1.803921568627451,2.0,0.18615476190476188,0.00418448468198468,200,51,73,2117,664,5,42.7,442214,2069828,49,lead_stubborn,0.3008118292997498,0.7565167136190543
211705,0.72,1.9428571428571428,2.0,0.47102976190476176,0.0051939880952380935,200,105,144,2118,664,5,61.0,442214,2069828,5,lead_stubborn,0.4995762557070848,0.3625281920046287
211818,0.355,1.7450980392156863,2.0,0.16624672476646166,0.0037117580957054625,200,51,71,2119,664,5,87.4,442214,2069828,18,lead_stubborn,0.2312345941585266,0.3847746110331581
212261,0.365,1.6545454545454545,2.0,0.21839538239538242,0.005098917748917747,200,55,73,2123,700,6,10.2,247217,1805565,61,lead_stubborn,0.3070497535774244,0.9179940122389904
212336,0.455,1.7118644067796611,2.0,0.26576190476190475,0.004676311327561327,200,59,91,2124,700,6,14.6,247217,1805565,36,lead_stubborn,0.3461077870164497,0.600169191961039
212514,0.575,1.8108108108108107,2.008695652173913,0.34995238095238107,0.005184940476190479,200,74,115,2126,700,6,29.9,247217,1805565,14,lead_stubborn,0.4312459512484686,0.5424263205795637
213031,0.295,1.7317073170731707,2.0,0.13612499999999997,0.004260200216450214,200,41,59,2131,81,6,5.0,316968,2365480,31,lead_stubborn,0.2689147210983604,0.7842712343444325
213757,0.295,1.641025641025641,2.0,0.12147141053391051,0.003927956563860972,200,39,59,2138,81,6,61.0,316968,2365480,57,lead_stubborn,0.2281547978409189,0.2464978385902064
212662,0.45,2.0416666666666665,2.011111111111111,0.21907882395382394,0.004605991369741373,200,48,90,2127,700,6,42.7,247217,1805565,62,lead_stubborn,0.3350709844137344,0.6247506884808997
213399,0.39,2.2363636363636363,2.0,0.19108122433122432,0.004451699550449548,200,55,78,2134,81,6,14.6,316968,2365480,99,lead_stubborn,0.3227365905845993,0.0746241892293311
214142,0.305,1.7906976744186047,2.0327868852459017,0.14723033828916177,0.004324905433618669,200,43,61,2142,264,6,7.1,1188411,5498682,42,lead_stubborn,0.2544637386172081,0.3417299389831262
212835,0.61,1.8488372093023255,2.0081967213114753,0.4056666666666667,0.005221726190476189,200,86,122,2129,700,6,87.4,247217,1805565,35,lead_stubborn,0.444752781116749,0.3583252290098091
21435,0.595,2.0352941176470587,2.0,0.38263293650793656,0.005341865079365076,200,85,119,215,213,6,20.9,141762,3297552,35,lead_stubborn,0.444752781116749,0.3583252290098091
214836,0.52,1.7916666666666667,2.0,0.30712896825396835,0.0047718055555555534,200,72,104,2149,264,6,87.4,1188411,5498682,36,lead_stubborn,0.3461077870164497,0.600169191961039
21513,0.315,1.6170212765957446,2.0,0.14539285714285713,0.004122277236652236,200,47,63,216,213,6,29.9,141762,3297552,13,lead_stubborn,0.2238256630629619,0.7912632295125752
214931,0.33,1.6511627906976745,2.0,0.1424788961038961,0.004406084609834608,200,43,66,2150,264,6,125.0,1188411,5498682,31,lead_stubborn,0.2689147210983604,0.7842712343444325
215556,0.635,1.903225806451613,2.0236220472440944,0.42114285714285704,0.005595382395382393,200,93,127,2156,332,6,29.9,183548,654336,56,lead_stubborn,0.4768512858671266,0.1447302436856452
215264,0.665,1.8673469387755102,2.0225563909774436,0.4512023809523809,0.005695099206349205,200,98,133,2153,332,6,10.2,183548,654336,64,lead_stubborn,0.4895135847322587,0.8096004723526141
215676,0.415,1.9636363636363636,2.0120481927710845,0.22357177982835874,0.004595234487734484,200,55,83,2157,332,6,42.7,183548,654336,76,lead_stubborn,0.3027820674966874,0.514144872517883
215844,0.495,1.7647058823529411,2.0,0.2570691946941947,0.004552539494818908,200,68,99,2159,332,6,87.4,183548,654336,44,lead_stubborn,0.3297294244236074,0.1851245903607699
21684,0.53,1.75,2.0,0.3236587301587301,0.005824307359307358,200,68,106,217,213,6,42.7,141762,3297552,84,lead_stubborn,0.4277086989642705,0.7484720574557526
216339,0.645,1.9042553191489362,2.0155038759689923,0.4222976190476191,0.006206765873015868,200,94,129,2164,825,5,14.6,175925,5979388,39,lead_stubborn,0.4790241755215713,0.6177321915239017
216425,0.605,1.925531914893617,2.0082644628099175,0.4231845238095239,0.005769464285714282,200,94,121,2165,825,5,20.9,175925,5979388,25,lead_stubborn,0.454095890072901,0.6742162468199493
216615,0.32,1.934782608695652,2.015625,0.18137276612276612,0.0046042309079809066,200,46,64,2167,825,5,42.7,175925,5979388,15,lead_stubborn,0.28091147618982,0.9551352008768642
217994,0.335,1.9024390243902438,2.014925373134328,0.1804131609131609,0.004388593836718836,200,41,67,2180,262,5,125.0,1160842,921931,94,lead_stubborn,0.2857700497959219,0.1163714164083326
218032,0.61,1.9886363636363635,2.0163934426229506,0.4023971861471861,0.006129384920634914,200,88,122,2181,37,7,5.0,225012,7920954,32,lead_stubborn,0.4495856593533723,0.6338235473212548
218178,0.575,1.8205128205128205,2.008695652173913,0.32679761904761906,0.005620836940836939,200,78,115,2182,37,7,7.1,225012,7920954,78,lead_stubborn,0.3815618301396259,0.7050527606912402
216844,0.4,1.7407407407407407,2.025,0.2082815815720227,0.004764692619472032,200,54,80,2169,825,5,87.4,175925,5979388,44,lead_stubborn,0.3297294244236074,0.1851245903607699
218383,0.245,1.6944444444444444,2.0,0.10008592861386979,0.004031766056194447,200,36,49,2184,37,7,14.6,225012,7920954,83,lead_stubborn,0.2028601193675408,0.7764128459904844
218520,0.32,1.6666666666666667,2.0,0.15170102528190765,0.004074559003088411,200,45,64,2186,37,7,29.9,225012,7920954,20,lead_stubborn,0.2461140406262255,0.1374999707243197
218690,0.52,1.671641791044776,2.0,0.25879022366522364,0.0047310569985569975,200,67,104,2187,37,7,42.7,225012,7920954,90,lead_stubborn,0.3196298037016608,0.990883980492858
218833,0.35,1.84,2.0,0.1964680042180042,0.004510704018204019,200,50,70,2189,37,7,87.4,225012,7920954,33,lead_stubborn,0.2594311744995365,0.5379384620687854
218997,0.74,1.8058252427184467,2.0,0.44890476190476186,0.005051964285714288,200,103,148,2190,37,7,125.0,225012,7920954,97,lead_stubborn,0.4855618445578609,0.1689982716058866
216921,0.315,1.6,2.0,0.16757656926406925,0.004295664335664335,200,45,63,2170,825,5,125.0,175925,5979388,21,lead_stubborn,0.2397567210258474,0.5887702959721403
219560,0.355,1.6341463414634145,2.0,0.160482128982129,0.004786467074592073,200,41,71,2196,496,3,29.9,469525,6532850,60,lead_stubborn,0.2892063661005389,0.2123889347471068
219436,0.42,1.8461538461538463,2.0,0.21136309523809527,0.005156787518037519,200,52,84,2195,496,3,20.9,469525,6532850,36,lead_stubborn,0.3461077870164497,0.600169191961039
219731,0.375,1.6818181818181819,2.0,0.18354760517260513,0.004686040487290488,200,44,75,2198,496,3,61.0,469525,6532850,31,lead_stubborn,0.2689147210983604,0.7842712343444325
2180,0.34,1.7358490566037736,2.0,0.18074837662337656,0.004504064962814961,200,53,68,22,953,6,7.1,1197932,5801972,80,lead_stubborn,0.2816906079992455,0.4111680330999803
221113,0.28,1.7567567567567568,2.0357142857142856,0.10751236263736262,0.0036620781506075594,200,37,56,2212,310,5,7.1,1088708,5926810,13,lead_stubborn,0.2238256630629619,0.7912632295125752
220173,0.295,1.5869565217391304,2.0,0.15697286047286046,0.005220439976689973,200,46,59,2202,785,3,7.1,256971,1560624,73,lead_stubborn,0.2631399047202775,0.494072025933513
221253,0.52,1.7702702702702702,2.0096153846153846,0.30347023809523804,0.004894130591630588,200,74,104,2213,310,5,10.2,1088708,5926810,53,lead_stubborn,0.366882515038515,0.2362061315455737
220978,0.57,1.6666666666666667,2.0,0.33779273504273505,0.005448701159951159,200,78,114,2210,785,3,125.0,256971,1560624,78,lead_stubborn,0.3815618301396259,0.7050527606912402
221645,0.36,1.7692307692307692,2.013888888888889,0.18668055555555554,0.004209765512265511,200,52,72,2217,310,5,42.7,1088708,5926810,45,lead_stubborn,0.2747520561924723,0.7307587255425585
22064,0.685,1.7830188679245282,2.0,0.4584047619047618,0.0065517261904761825,200,106,137,221,808,7,5.0,194378,7168707,64,lead_stubborn,0.4895135847322587,0.8096004723526141
221724,0.63,1.7241379310344827,2.0,0.3993749999999999,0.005368674242424241,200,87,126,2218,310,5,61.0,1088708,5926810,24,lead_stubborn,0.4574864654719545,0.463400582232104
222680,0.37,1.7647058823529411,2.0,0.18430759518259518,0.00427488882170461,200,51,74,2227,558,7,42.7,500866,527209,80,lead_stubborn,0.2816906079992455,0.4111680330999803
222146,0.61,1.9375,2.0163934426229506,0.36113510101010116,0.005011845238095237,200,80,122,2222,558,7,7.1,500866,527209,46,lead_stubborn,0.4184444837622084,0.6687474950133617
222459,0.39,1.7818181818181817,2.0,0.1977917221667222,0.004505858398137809,200,55,78,2225,558,7,20.9,500866,527209,59,lead_stubborn,0.2977847312437251,0.2895622807306851
224183,0.335,1.46,2.014925373134328,0.14230573593073592,0.005958474025974023,200,50,67,2242,62,2,7.1,338325,3825828,83,lead_stubborn,0.2028601193675408,0.7764128459904844
223174,0.59,1.728395061728395,2.0084745762711864,0.38755662393162393,0.006168670634920631,200,81,118,2232,294,3,7.1,123066,693586,74,lead_stubborn,0.4831039344913304,0.9827660363748432
224217,0.735,1.6144578313253013,2.0136054421768708,0.39172817460317455,0.007202341269841266,200,83,147,2243,62,2,10.2,338325,3825828,17,lead_stubborn,0.4372556438030128,0.9067257327686692
224381,0.38,1.467741935483871,2.013157894736842,0.1963910533910534,0.0055192952105084445,200,62,76,2244,62,2,14.6,338325,3825828,81,lead_stubborn,0.2269416996374781,0.4804242585572029
224490,0.575,1.6567164179104477,2.026086956521739,0.25773466810966816,0.0055121067821067805,200,67,115,2245,62,2,20.9,338325,3825828,90,lead_stubborn,0.3196298037016608,0.990883980492858
2219,0.7,1.907216494845361,2.007142857142857,0.4203632756132756,0.004913394660894659,200,97,140,23,953,6,10.2,1197932,5801972,19,lead_stubborn,0.4954733651280948,0.0419355939468332
224726,0.55,1.5072463768115942,2.0,0.24246199633699636,0.005027619602619601,200,69,110,2248,62,2,61.0,338325,3825828,26,lead_stubborn,0.2702561230694959,0.837478784452857
224596,0.71,1.4945054945054945,2.007042253521127,0.3924047619047619,0.0063088293650793645,200,91,142,2246,62,2,29.9,338325,3825828,96,lead_stubborn,0.4626922801013836,0.4528896718855326
224824,0.77,1.75,2.0,0.46170472582972577,0.005524090909090911,200,100,154,2249,62,2,87.4,338325,3825828,24,lead_stubborn,0.4574864654719545,0.463400582232104
222836,0.415,1.9642857142857142,2.0,0.23041702741702738,0.004985149364524364,200,56,83,2229,558,7,87.4,500866,527209,36,lead_stubborn,0.3461077870164497,0.600169191961039
22423,0.51,1.8970588235294117,2.0098039215686274,0.29564935064935066,0.004982523448773449,200,68,102,225,808,7,20.9,194378,7168707,23,lead_stubborn,0.3494898166749496,0.4302371480503864
22506,0.6,1.7777777777777777,2.0166666666666666,0.4070297619047619,0.005863650793650789,200,90,120,226,808,7,29.9,194378,7168707,6,lead_stubborn,0.4911132375299709,0.252577974178488
225053,0.405,1.8727272727272728,2.0,0.2506078643578643,0.006310734126984125,200,55,81,2251,965,5,5.0,89017,1799588,53,lead_stubborn,0.366882515038515,0.2362061315455737
225125,0.625,1.9186046511627908,2.008,0.38715891053391055,0.005986726190476188,200,86,125,2252,965,5,7.1,89017,1799588,25,lead_stubborn,0.454095890072901,0.6742162468199493
225242,0.315,1.8048780487804879,2.0,0.1371984126984127,0.00435843364968365,200,41,63,2253,965,5,10.2,89017,1799588,42,lead_stubborn,0.2544637386172081,0.3417299389831262
225347,0.545,1.8181818181818181,2.0,0.33994859307359315,0.005536369047619046,200,77,109,2254,965,5,14.6,89017,1799588,47,lead_stubborn,0.4071129309119736,0.103198652756049
225493,0.335,1.7142857142857142,2.0,0.18236507936507937,0.004975937208216619,200,49,67,2255,965,5,20.9,89017,1799588,93,lead_stubborn,0.2779592827386458,0.3345825728904498
225555,0.405,1.9482758620689655,2.0,0.20611958874458874,0.004332152936932348,200,58,81,2256,965,5,29.9,89017,1799588,55,lead_stubborn,0.3277016708096898,0.5663965080474668
225621,0.305,1.930232558139535,2.0327868852459017,0.15188201585995706,0.004124994609149021,200,43,61,2257,965,5,42.7,89017,1799588,21,lead_stubborn,0.2397567210258474,0.5887702959721403
226220,0.295,1.607843137254902,2.0,0.16996794871794874,0.004719666305916304,200,51,59,2263,257,3,10.2,309281,1301282,20,lead_stubborn,0.2461140406262255,0.1374999707243197
226709,0.345,1.7222222222222223,2.0,0.16107936507936516,0.003805499798404208,200,54,69,2268,257,3,61.0,309281,1301282,9,lead_stubborn,0.2331676534838964,0.9471927912224244
226954,0.545,1.8387096774193548,2.0,0.27390875790875785,0.004496656260406261,200,62,109,2270,257,3,125.0,309281,1301282,54,lead_stubborn,0.3585232711576509,0.4092237628104323
225832,0.565,1.7638888888888888,2.0,0.345105339105339,0.005404743867243865,200,72,113,2259,965,5,87.4,89017,1799588,32,lead_stubborn,0.4495856593533723,0.6338235473212548
225965,0.445,1.7884615384615385,2.0,0.23905690836940838,0.004607095612720612,200,52,89,2260,965,5,125.0,89017,1799588,65,lead_stubborn,0.3439678088500045,0.0675229338756022
229025,0.605,1.6455696202531647,2.0165289256198347,0.35978373015873016,0.006217077228327227,200,79,121,2291,24,3,5.0,244382,5539304,25,lead_stubborn,0.454095890072901,0.6742162468199493
229134,0.565,1.8513513513513513,2.0,0.3294623015873016,0.0059047619047619,200,74,113,2292,24,3,7.1,244382,5539304,34,lead_stubborn,0.4113840234518945,0.152863497296565
228988,0.625,1.8705882352941177,2.024,0.37412500000000004,0.005385009920634923,200,85,125,2290,271,4,125.0,433420,2827792,88,lead_stubborn,0.4229568538429628,0.8766829270547112
229305,0.695,1.576086956521739,2.014388489208633,0.425781746031746,0.006232380952380951,200,92,139,2294,24,3,14.6,244382,5539304,5,lead_stubborn,0.4995762557070848,0.3625281920046287
229466,0.7,1.6206896551724137,2.007142857142857,0.39828373015873014,0.005365793650793649,200,87,140,2295,24,3,20.9,244382,5539304,66,lead_stubborn,0.4409284566649496,0.3941260031346912
229593,0.435,1.7818181818181817,2.0229885057471266,0.1969636752136752,0.004849432234432236,200,55,87,2296,24,3,29.9,244382,5539304,93,lead_stubborn,0.2779592827386458,0.3345825728904498
229761,0.495,1.721311475409836,2.0202020202020203,0.22651663614163603,0.0044373137973137975,200,61,99,2298,24,3,61.0,244382,5539304,61,lead_stubborn,0.3070497535774244,0.9179940122389904
229881,0.365,1.4444444444444444,2.0,0.14210710041592395,0.003815312950937947,200,45,73,2299,24,3,87.4,244382,5539304,81,lead_stubborn,0.2269416996374781,0.4804242585572029
229995,0.51,1.746031746031746,2.019607843137255,0.2769265873015873,0.004773948412698412,200,63,102,2300,24,3,125.0,244382,5539304,95,lead_stubborn,0.3751229337419657,0.1974510188067169
227781,0.365,1.7843137254901962,2.0,0.15487258574758575,0.0038439668174962277,200,51,73,2278,793,6,61.0,406364,5204107,81,lead_stubborn,0.2269416996374781,0.4804242585572029
22890,0.405,1.6170212765957446,2.0,0.17173977411477412,0.0044180169830169815,200,47,81,229,808,7,87.4,194378,7168707,90,lead_stubborn,0.3196298037016608,0.990883980492858
230011,0.545,1.8082191780821917,2.0,0.3279305555555554,0.005125220057720053,200,73,109,2301,708,6,5.0,678329,1019555,11,lead_stubborn,0.3777435584279705,0.3053722478730439
22939,0.705,1.8932038834951457,2.00709219858156,0.465125,0.005402420634920636,200,103,141,230,808,7,125.0,194378,7168707,39,lead_stubborn,0.4790241755215713,0.6177321915239017
230294,0.28,1.40625,2.0,0.12527534271284269,0.004591202755577755,200,32,56,2303,708,6,10.2,678329,1019555,94,lead_stubborn,0.2857700497959219,0.1163714164083326
230382,0.435,1.8135593220338984,2.0114942528735633,0.21319642857142856,0.0043752548840048835,200,59,87,2304,708,6,14.6,678329,1019555,82,lead_stubborn,0.3128186843462212,0.0598593952629424
2303,0.57,1.9054054054054055,2.0,0.3626309523809523,0.0051772817460317465,200,74,114,24,953,6,14.6,1197932,5801972,3,lead_stubborn,0.405342196225377,0.1209354681890304
230530,0.215,1.8620689655172413,2.0,0.09938744588744591,0.003929858885954085,200,29,43,2306,708,6,29.9,678329,1019555,30,lead_stubborn,0.2039812783100412,0.857228363045134
231024,0.615,1.9186046511627908,2.016260162601626,0.3744722222222222,0.005239841269841268,200,86,123,2311,101,4,5.0,721196,7599214,24,lead_stubborn,0.4574864654719545,0.463400582232104
231229,0.395,1.7241379310344827,2.0,0.20854365079365075,0.004422020757020756,200,58,79,2313,101,4,10.2,721196,7599214,29,lead_stubborn,0.2901917465581629,0.3137113417077046
230990,0.48,1.7246376811594204,2.0,0.233734126984127,0.004239944083694083,200,69,96,2310,708,6,125.0,678329,1019555,90,lead_stubborn,0.3196298037016608,0.990883980492858
231329,0.395,1.6,2.0126582278481013,0.22718818681318684,0.004980367034925856,200,60,79,2314,101,4,14.6,721196,7599214,29,lead_stubborn,0.2901917465581629,0.3137113417077046
231969,0.295,1.8205128205128205,2.0,0.13286904761904764,0.0036420363816609905,200,39,59,2320,101,4,125.0,721196,7599214,69,lead_stubborn,0.2070972729458678,0.2979198700199214
231515,0.365,1.7826086956521738,2.0,0.18667893670339322,0.004280645788390352,200,46,73,2316,101,4,29.9,721196,7599214,15,lead_stubborn,0.28091147618982,0.9551352008768642
232030,0.235,1.6216216216216217,2.0,0.11620604395604393,0.004405260295260296,200,37,47,2321,116,3,5.0,875891,7017791,30,lead_stubborn,0.2039812783100412,0.857228363045134
232323,0.475,1.734375,2.0105263157894737,0.2904825036075036,0.005250701659451659,200,64,95,2324,116,3,14.6,875891,7017791,23,lead_stubborn,0.3494898166749496,0.4302371480503864
232636,0.47,1.5820895522388059,2.0,0.2958010323010323,0.005248277417027417,200,67,94,2327,116,3,42.7,875891,7017791,36,lead_stubborn,0.3461077870164497,0.600169191961039
232909,0.315,1.627906976744186,2.0,0.1447654706404706,0.00405730765887306,200,43,63,2330,116,3,125.0,875891,7017791,9,lead_stubborn,0.2331676534838964,0.9471927912224244
234414,0.56,1.917808219178082,2.0,0.33441522366522364,0.005055661976911977,200,73,112,2345,138,8,20.9,1171787,7528049,14,lead_stubborn,0.4312459512484686,0.5424263205795637
234515,0.43,1.8867924528301887,2.0,0.1840746753246753,0.004146239177489177,200,53,86,2346,138,8,29.9,1171787,7528049,15,lead_stubborn,0.28091147618982,0.9551352008768642
234012,0.51,1.661764705882353,2.0,0.30267796092796084,0.005540433455433449,200,68,102,2341,138,8,5.0,1171787,7528049,12,lead_stubborn,0.3985108847427614,0.9637929216712549
234977,0.355,1.6862745098039216,2.0140845070422535,0.17852136752136746,0.004315817837133625,200,51,71,2350,138,8,125.0,1171787,7528049,77,lead_stubborn,0.2375482709814891,0.0892183280233827
234662,0.49,1.6428571428571428,2.0,0.2557569826973852,0.004632058353153555,200,56,98,2347,138,8,42.7,1171787,7528049,62,lead_stubborn,0.3350709844137344,0.6247506884808997
234753,0.565,1.9078947368421053,2.0,0.3175853174603175,0.004680575396825397,200,76,113,2348,138,8,61.0,1171787,7528049,53,lead_stubborn,0.366882515038515,0.2362061315455737
23108,0.57,1.7972972972972974,2.0,0.3318373015873015,0.005712400793650794,200,74,114,232,800,5,7.1,482284,6557948,8,lead_stubborn,0.3927810904963459,0.8167673407001561
235362,0.66,1.974025974025974,2.022727272727273,0.31987662337662337,0.006720158730158728,200,77,132,2354,812,2,14.6,1165666,4518912,62,lead_stubborn,0.3350709844137344,0.6247506884808997
235730,0.355,1.4727272727272727,2.0140845070422535,0.1753756854256854,0.005048169031948443,200,55,71,2358,812,2,61.0,1165666,4518912,30,lead_stubborn,0.2039812783100412,0.857228363045134
23546,0.555,1.8888888888888888,2.0,0.33176623376623376,0.005383677849927847,200,72,111,236,800,5,29.9,482284,6557948,46,lead_stubborn,0.4184444837622084,0.6687474950133617
235809,0.47,1.3870967741935485,2.0,0.21892567155067155,0.005151957738898527,200,62,94,2359,812,2,87.4,1165666,4518912,9,lead_stubborn,0.2331676534838964,0.9471927912224244
236264,0.65,1.9042553191489362,2.0,0.4117619047619048,0.00568160714285714,200,94,130,2363,861,5,10.2,931901,5044129,64,lead_stubborn,0.4895135847322587,0.8096004723526141
236168,0.53,1.9714285714285715,2.009433962264151,0.3074444444444444,0.004882938311688312,200,70,106,2362,861,5,7.1,931901,5044129,68,lead_stubborn,0.3706046305857265,0.4761663270697934
236630,0.235,1.9411764705882353,2.0,0.09006058304440659,0.003301961460099181,200,34,47,2367,861,5,42.7,931901,5044129,30,lead_stubborn,0.2039812783100412,0.857228363045134
236456,0.62,1.7662337662337662,2.0,0.36909722222222213,0.005491994810744809,200,77,124,2365,861,5,20.9,931901,5044129,56,lead_stubborn,0.4768512858671266,0.1447302436856452
237041,0.715,1.925531914893617,2.013986013986014,0.40659523809523807,0.010703571428571415,200,94,143,2371,523,3,5.0,87049,6051201,41,lead_stubborn,0.3883150820571905,0.5577479977483336
237347,0.565,1.844155844155844,2.0,0.34552777777777777,0.007961388888888886,200,77,113,2374,523,3,14.6,87049,6051201,47,lead_stubborn,0.4071129309119736,0.103198652756049
237573,0.315,1.7692307692307692,2.0,0.17141071428571433,0.006893997113997106,200,52,63,2376,523,3,29.9,87049,6051201,73,lead_stubborn,0.2631399047202775,0.494072025933513
237731,0.35,1.6666666666666667,2.0142857142857142,0.18151190476190476,0.005640579004329004,200,48,70,2378,523,3,61.0,87049,6051201,31,lead_stubborn,0.2689147210983604,0.7842712343444325
236751,0.24,1.736842105263158,2.0,0.11410119945414061,0.003993440622844648,200,38,48,2368,861,5,61.0,931901,5044129,51,lead_stubborn,0.2182850515748211,0.1730815279492411
238098,0.27,1.7297297297297298,2.0185185185185186,0.11133405797101448,0.004423709005144361,200,37,54,2381,629,6,5.0,380820,2391488,98,lead_stubborn,0.21729239263723,0.8840829656528192
238485,0.55,1.974025974025974,2.0,0.35275595238095225,0.0050273412698412685,200,77,110,2385,629,6,20.9,380820,2391488,85,lead_stubborn,0.4024582743628092,0.7244830604083918
238678,0.515,1.9104477611940298,2.0194174757281553,0.2843452380952381,0.0046689700577200585,200,67,103,2387,629,6,42.7,380820,2391488,78,lead_stubborn,0.3815618301396259,0.7050527606912402
238726,0.385,1.8333333333333333,2.0,0.19415313852813854,0.004485877545656956,200,54,77,2388,629,6,61.0,380820,2391488,26,lead_stubborn,0.2702561230694959,0.837478784452857
239153,0.475,1.894736842105263,2.0105263157894737,0.25960807656395896,0.005163397525676937,200,57,95,2392,96,4,7.1,594459,4227296,53,lead_stubborn,0.366882515038515,0.2362061315455737
239508,0.495,1.85,2.0,0.25472023809523814,0.0048340115440115424,200,60,99,2396,96,4,29.9,594459,4227296,8,lead_stubborn,0.3927810904963459,0.8167673407001561
238982,0.41,1.7301587301587302,2.0,0.21788888888888888,0.0043285994999152895,200,63,82,2390,629,6,125.0,380820,2391488,82,lead_stubborn,0.3128186843462212,0.0598593952629424
23879,0.525,1.9047619047619047,2.019047619047619,0.28385155122655126,0.004831695734820734,200,63,105,239,800,5,87.4,482284,6557948,79,lead_stubborn,0.3642632456563252,0.6890479996878222
23949,0.43,1.793103448275862,2.011627906976744,0.21213492063492062,0.004570678210678213,200,58,86,240,800,5,125.0,482284,6557948,49,lead_stubborn,0.3008118292997498,0.7565167136190543
240089,0.255,1.894736842105263,2.0,0.11380228105228106,0.004221581327169563,200,38,51,2401,771,5,5.0,276448,724741,89,lead_stubborn,0.2129379249701362,0.6944582199785999
24014,0.76,3.3142857142857145,2.1447368421052633,0.4174571147806441,0.008771716269841268,200,105,152,241,957,2,5.0,280627,1139953,14,lead_stubborn,0.4312459512484686,0.5424263205795637
240169,0.265,1.8181818181818181,2.0,0.1085779428904429,0.003716245621208854,200,33,53,2402,771,5,7.1,276448,724741,69,lead_stubborn,0.2070972729458678,0.2979198700199214
241107,0.64,1.8695652173913044,2.0234375,0.4104790764790765,0.005574927849927849,200,92,128,2412,605,5,7.1,400588,1176586,7,lead_stubborn,0.4657787213448116,0.0151426399118454
240309,0.26,1.9,2.019230769230769,0.11018043068043067,0.003725586774336776,200,30,52,2404,771,5,14.6,276448,724741,9,lead_stubborn,0.2331676534838964,0.9471927912224244
240633,0.29,1.837837837837838,2.0344827586206895,0.12965445665445663,0.004187443944943944,200,37,58,2407,771,5,42.7,276448,724741,33,lead_stubborn,0.2594311744995365,0.5379384620687854
241428,0.59,1.7037037037037037,2.0084745762711864,0.36732972582972584,0.005282622655122655,200,81,118,2415,605,5,20.9,400588,1176586,28,lead_stubborn,0.4304538627565802,0.2618674911675315
242078,0.555,1.75,2.0,0.3249583333333333,0.005077294277360067,200,68,111,2421,387,4,5.0,863832,2127595,78,lead_stubborn,0.3815618301396259,0.7050527606912402
242373,0.345,1.6956521739130435,2.0,0.16686358004740356,0.004087915409753644,200,46,69,2424,387,4,14.6,863832,2127595,73,lead_stubborn,0.2631399047202775,0.494072025933513
241875,0.33,1.7894736842105263,2.0,0.13835719835719837,0.004055513318380964,200,38,66,2419,605,5,87.4,400588,1176586,75,lead_stubborn,0.2525545317138812,0.4401811270174162
242564,0.625,1.9777777777777779,2.0,0.4132424242424243,0.005224067460317461,200,90,125,2426,387,4,29.9,863832,2127595,64,lead_stubborn,0.4895135847322587,0.8096004723526141
242485,0.55,1.7671232876712328,2.0090909090909093,0.32628769841269845,0.005129029581529581,200,73,110,2425,387,4,20.9,863832,2127595,85,lead_stubborn,0.4024582743628092,0.7244830604083918
242690,0.445,1.6557377049180328,2.0,0.2278628454878455,0.004665758130758129,200,61,89,2427,387,4,42.7,863832,2127595,90,lead_stubborn,0.3196298037016608,0.990883980492858
242742,0.335,1.8780487804878048,2.0,0.15183608058608056,0.003993299449733271,200,41,67,2428,387,4,61.0,863832,2127595,42,lead_stubborn,0.2544637386172081,0.3417299389831262
243159,0.445,1.8421052631578947,2.0112359550561796,0.21473405760905756,0.00412907828282828,200,57,89,2432,485,6,7.1,850807,295537,59,lead_stubborn,0.2977847312437251,0.2895622807306851
24282,0.565,1.8676470588235294,2.061946902654867,0.2568679653679653,0.0072669047619047635,200,68,113,243,957,2,10.2,280627,1139953,82,lead_stubborn,0.3128186843462212,0.0598593952629424
243275,0.305,1.7857142857142858,2.0,0.15418840187590185,0.004200138542013541,200,42,61,2433,485,6,10.2,850807,295537,75,lead_stubborn,0.2525545317138812,0.4401811270174162
243373,0.355,1.711111111111111,2.0,0.15791575091575094,0.003932541000665997,200,45,71,2434,485,6,14.6,850807,295537,73,lead_stubborn,0.2631399047202775,0.494072025933513
243460,0.365,1.75,2.0,0.19417261904761904,0.004212084096459096,200,48,73,2435,485,6,20.9,850807,295537,60,lead_stubborn,0.2892063661005389,0.2123889347471068
243710,0.61,1.8279569892473118,2.0081967213114753,0.3988373015873017,0.005384861111111111,200,93,122,2438,485,6,61.0,850807,295537,10,lead_stubborn,0.4737946714611262,0.5224738795684104
243529,0.375,1.6607142857142858,2.0,0.21729929792429792,0.004691721604418973,200,56,75,2436,485,6,29.9,850807,295537,29,lead_stubborn,0.2901917465581629,0.3137113417077046
2435,0.64,2.0,2.0,0.4003214285714286,0.005378354978354974,200,89,128,25,953,6,20.9,1197932,5801972,35,lead_stubborn,0.444752781116749,0.3583252290098091
243835,0.635,1.8089887640449438,2.0078740157480315,0.38918055555555553,0.005217519841269841,200,89,127,2439,485,6,87.4,850807,295537,35,lead_stubborn,0.444752781116749,0.3583252290098091
24383,0.315,1.4615384615384615,2.0476190476190474,0.109875,0.006662527056277056,200,39,63,244,957,2,14.6,280627,1139953,83,lead_stubborn,0.2028601193675408,0.7764128459904844
243929,0.355,1.8,2.0,0.17377633477633478,0.004285900280275282,200,45,71,2440,485,6,125.0,850807,295537,29,lead_stubborn,0.2901917465581629,0.3137113417077046
244620,0.265,1.7179487179487178,2.0377358490566038,0.11799404761904758,0.004245048325857148,200,39,53,2447,414,4,42.7,771964,7743600,20,lead_stubborn,0.2461140406262255,0.1374999707243197
244904,0.34,1.6222222222222222,2.014705882352941,0.16674163336663336,0.004273712374581939,200,45,68,2450,414,4,125.0,771964,7743600,4,lead_stubborn,0.2627648343443758,0.7190241322679278
245142,0.3,1.7083333333333333,2.0,0.16891248955722638,0.004920200121515911,200,48,60,2452,288,8,7.1,455990,4214430,42,lead_stubborn,0.2544637386172081,0.3417299389831262
24471,0.545,1.6176470588235294,2.0642201834862384,0.2647857142857143,0.006714999999999991,200,68,109,245,957,2,20.9,280627,1139953,71,lead_stubborn,0.3239323376009491,0.868936778850477
246336,0.44,1.6842105263157894,2.0,0.24880952380952379,0.005824900793650795,200,57,88,2464,281,4,14.6,164553,7278692,36,lead_stubborn,0.3461077870164497,0.600169191961039
24532,0.72,1.8111111111111111,2.0416666666666665,0.3972380952380952,0.007371785714285714,200,90,144,246,957,2,29.9,280627,1139953,32,lead_stubborn,0.4495856593533723,0.6338235473212548
246600,0.64,1.9565217391304348,2.0234375,0.4007261904761904,0.005269523809523811,200,92,128,2466,281,4,29.9,164553,7278692,100,lead_stubborn,0.4158727914731683,0.6511808318464773
245399,0.42,1.9636363636363636,2.0,0.21306060606060606,0.00483986471861472,200,55,84,2454,288,8,14.6,455990,4214430,99,lead_stubborn,0.3227365905845993,0.0746241892293311
246786,0.635,1.7553191489361701,2.0078740157480315,0.3948095238095239,0.005399424603174604,200,94,127,2468,281,4,61.0,164553,7278692,86,lead_stubborn,0.4461023732799478,0.2773058726188811
247579,0.49,1.8987341772151898,2.0,0.32937932900432904,0.0055430314130314115,200,79,98,2476,445,4,29.9,95834,3926454,79,lead_stubborn,0.3642632456563252,0.6890479996878222
247194,0.34,1.6964285714285714,2.0,0.21473809523809528,0.006462952047952043,200,56,68,2472,445,4,7.1,95834,3926454,94,lead_stubborn,0.2857700497959219,0.1163714164083326
247649,0.415,1.6206896551724137,2.0,0.21223674936174933,0.0049793679931179925,200,58,83,2477,445,4,42.7,95834,3926454,49,lead_stubborn,0.3008118292997498,0.7565167136190543
248471,0.425,1.7611940298507462,2.0,0.2536983988233988,0.004869007610037022,200,67,85,2485,306,6,20.9,848302,7005107,71,lead_stubborn,0.3239323376009491,0.868936778850477
248065,0.455,1.8923076923076922,2.0,0.26913340336134456,0.005266855158730162,200,65,91,2481,306,6,5.0,848302,7005107,65,lead_stubborn,0.3439678088500045,0.0675229338756022
248385,0.58,1.881578947368421,2.0,0.3340416666666667,0.0054463492063492,200,76,116,2484,306,6,14.6,848302,7005107,85,lead_stubborn,0.4024582743628092,0.7244830604083918
24794,0.51,1.5890410958904109,2.0098039215686274,0.2592887667887668,0.005681376678876676,200,73,102,248,957,2,61.0,280627,1139953,94,lead_stubborn,0.2857700497959219,0.1163714164083326
248508,0.46,1.8,2.0,0.2560119047619047,0.00530722582972583,200,60,92,2486,306,6,29.9,848302,7005107,8,lead_stubborn,0.3927810904963459,0.8167673407001561
248668,0.495,2.1363636363636362,2.01010101010101,0.2923069291819292,0.004657226037851039,200,66,99,2487,306,6,42.7,848302,7005107,68,lead_stubborn,0.3706046305857265,0.4761663270697934
25021,0.355,1.5769230769230769,2.0,0.1802837856587856,0.004297800522490925,200,52,71,251,133,3,5.0,517936,948850,21,lead_stubborn,0.2397567210258474,0.5887702959721403
25245,0.34,1.5681818181818181,2.0,0.1756053391053391,0.004429500915750916,200,44,68,253,133,3,10.2,517936,948850,45,lead_stubborn,0.2747520561924723,0.7307587255425585
25524,0.66,1.869047619047619,2.015151515151515,0.3818154761904761,0.0055940674603174555,200,84,132,256,133,3,29.9,517936,948850,24,lead_stubborn,0.4574864654719545,0.463400582232104
249333,0.335,1.9814814814814814,2.014925373134328,0.18340265290265287,0.004301012272041687,200,54,67,2494,649,5,14.6,548096,267648,33,lead_stubborn,0.2594311744995365,0.5379384620687854
25722,0.35,1.5849056603773586,2.0,0.17805338155996048,0.004128002016258596,200,53,70,258,133,3,61.0,517936,948850,22,lead_stubborn,0.24260325729568,0.2220357375157741
249175,0.35,1.7391304347826086,2.0142857142857142,0.17047916666666663,0.00395314520854962,200,46,70,2492,649,5,7.1,548096,267648,75,lead_stubborn,0.2525545317138812,0.4401811270174162
25984,0.64,1.8089887640449438,2.0234375,0.392190836940837,0.005063059163059163,200,89,128,260,133,3,125.0,517936,948850,84,lead_stubborn,0.4277086989642705,0.7484720574557526
249920,0.295,1.6875,2.0,0.15974621212121215,0.0041577426046176015,200,48,59,2500,649,5,125.0,548096,267648,20,lead_stubborn,0.2461140406262255,0.1374999707243197
26049,0.365,1.830188679245283,2.0,0.19823015873015876,0.00818025793650793,200,53,73,261,469,5,5.0,133171,7254917,49,lead_stubborn,0.3008118292997498,0.7565167136190543
26149,0.4,1.7014925373134329,2.0,0.2623253968253968,0.006874406565656559,200,67,80,262,469,5,7.1,133171,7254917,49,lead_stubborn,0.3008118292997498,0.7565167136190543
26444,0.46,1.7142857142857142,2.0,0.26794480519480524,0.005593793290043289,200,70,92,265,469,5,20.9,133171,7254917,44,lead_stubborn,0.3297294244236074,0.1851245903607699
26619,0.675,1.946236559139785,2.0148148148148146,0.4303809523809523,0.005629345238095239,200,93,135,267,469,5,42.7,133171,7254917,19,lead_stubborn,0.4954733651280948,0.0419355939468332
26770,0.495,1.9365079365079365,2.01010101010101,0.28473881673881674,0.005341128454878454,200,63,99,268,469,5,61.0,133171,7254917,70,lead_stubborn,0.4344347691369841,0.0048962068848224
26867,0.52,1.9104477611940298,2.0,0.267693833943834,0.0045324163336663325,200,67,104,269,469,5,87.4,133171,7254917,67,lead_stubborn,0.3604525200861999,0.8954386061007626
26930,0.275,1.641025641025641,2.0,0.11738069985569989,0.004194672348076759,200,39,55,270,469,5,125.0,133171,7254917,30,lead_stubborn,0.2039812783100412,0.857228363045134
28145,0.69,2.9148936170212765,2.217391304347826,0.29871301492625013,0.01013380952380952,200,94,138,282,939,2,7.1,525515,3746875,45,lead_stubborn,0.2747520561924723,0.7307587255425585
28639,0.765,1.4742268041237114,2.052287581699346,0.4197142857142857,0.007487857142857137,200,97,153,287,939,2,42.7,525515,3746875,39,lead_stubborn,0.4790241755215713,0.6177321915239017
28824,0.72,1.711340206185567,2.0208333333333335,0.42181060606060616,0.006940954184704176,200,97,144,289,939,2,87.4,525515,3746875,24,lead_stubborn,0.4574864654719545,0.463400582232104
2741,0.435,1.6666666666666667,2.0,0.2309027777777778,0.004887640692640691,200,51,87,28,953,6,61.0,1197932,5801972,41,lead_stubborn,0.3883150820571905,0.5577479977483336
28911,0.63,1.5584415584415585,2.0,0.3418452380952381,0.006330535714285711,200,77,126,290,939,2,125.0,525515,3746875,11,lead_stubborn,0.3777435584279705,0.3053722478730439
2954,0.44,1.8644067796610169,2.0,0.24500000000000002,0.004888551587301586,200,59,88,30,953,6,125.0,1197932,5801972,54,lead_stubborn,0.3585232711576509,0.4092237628104323
29189,0.21,1.7096774193548387,2.0,0.09068686868686869,0.004131845432345432,200,31,42,292,931,7,7.1,763920,5881002,89,lead_stubborn,0.2129379249701362,0.6944582199785999
29743,0.515,2.1267605633802815,2.0194174757281553,0.28106998556998564,0.0045559150571650555,200,71,103,298,931,7,61.0,763920,5881002,43,lead_stubborn,0.3733963553970497,0.8234180661786772
29809,0.275,1.7222222222222223,2.0,0.12231143856143856,0.00406607255897697,200,36,55,299,931,7,87.4,763920,5881002,9,lead_stubborn,0.2331676534838964,0.9471927912224244
30203,0.535,2.057142857142857,2.0,0.3254806998556999,0.0051758152958152935,200,70,107,303,336,6,10.2,647922,7842665,3,lead_stubborn,0.405342196225377,0.1209354681890304
30386,0.595,1.9891304347826086,2.0,0.3919981962481963,0.005565001803751799,200,92,119,304,336,6,14.6,647922,7842665,86,lead_stubborn,0.4461023732799478,0.2773058726188811
30448,0.25,1.696969696969697,2.0,0.10558405483405481,0.003942646665426078,200,33,50,305,336,6,20.9,647922,7842665,48,lead_stubborn,0.2114807290736435,0.0244607249130057
30533,0.345,1.851063829787234,2.0,0.17488690476190474,0.004502631535131532,200,47,69,306,336,6,29.9,647922,7842665,33,lead_stubborn,0.2594311744995365,0.5379384620687854
30729,0.445,1.704225352112676,2.0112359550561796,0.27049855699855707,0.0049398916361416325,200,71,89,308,336,6,61.0,647922,7842665,29,lead_stubborn,0.2901917465581629,0.3137113417077046
3062,0.55,1.7166666666666666,2.0,0.2631765873015872,0.006495198412698412,200,60,110,31,842,2,5.0,1031839,587281,62,lead_stubborn,0.3350709844137344,0.6247506884808997
31209,0.31,1.894736842105263,2.0161290322580645,0.14263732101232093,0.004639869202434993,200,38,62,313,704,3,10.2,1000261,7536640,9,lead_stubborn,0.2331676534838964,0.9471927912224244
3152,0.615,1.5842696629213484,2.008130081300813,0.37262500000000004,0.006261309523809519,200,89,123,32,842,2,7.1,1031839,587281,52,lead_stubborn,0.3898718220747056,0.4295434601453535
31626,0.34,1.4883720930232558,2.0,0.16128696514837812,0.004611215101323798,200,43,68,317,704,3,42.7,1000261,7536640,26,lead_stubborn,0.2702561230694959,0.837478784452857
31893,0.44,1.6111111111111112,2.0,0.197184274059274,0.004183112186016599,200,54,88,319,704,3,87.4,1000261,7536640,93,lead_stubborn,0.2779592827386458,0.3345825728904498
33008,0.505,1.7936507936507937,2.0,0.2706706349206349,0.005172025613275613,200,63,101,331,223,6,5.0,673812,3540215,8,lead_stubborn,0.3927810904963459,0.8167673407001561
31907,0.63,1.858974358974359,2.0,0.35873290598290597,0.0053580728993228985,200,78,126,320,704,3,125.0,1000261,7536640,7,lead_stubborn,0.4657787213448116,0.0151426399118454
33146,0.62,1.922077922077922,2.0080645161290325,0.3545918109668111,0.005190836940836941,200,77,124,332,223,6,7.1,673812,3540215,46,lead_stubborn,0.4184444837622084,0.6687474950133617
33292,0.46,1.8571428571428572,2.0,0.2848612914862915,0.005438373293373293,200,63,92,333,223,6,10.2,673812,3540215,92,lead_stubborn,0.3544902343139808,0.0312541994926666
33799,0.445,1.6833333333333333,2.0,0.22801208513708512,0.0043882792207792206,200,60,89,338,223,6,61.0,673812,3540215,99,lead_stubborn,0.3227365905845993,0.0746241892293311
33978,0.575,1.7236842105263157,2.0,0.3355301226551227,0.004857685786435784,200,76,115,340,223,6,125.0,673812,3540215,78,lead_stubborn,0.3815618301396259,0.7050527606912402
32962,0.4,2.2545454545454544,2.0125,0.24409126984126978,0.004969046781391981,200,55,80,330,726,7,125.0,451913,4586158,62,lead_stubborn,0.3350709844137344,0.6247506884808997
32816,0.625,1.8131868131868132,2.008,0.39224206349206353,0.005310952380952381,200,91,125,329,726,7,87.4,451913,4586158,16,lead_stubborn,0.4208942434349683,0.0948525522924531
34234,0.565,1.855072463768116,2.017699115044248,0.3044107142857142,0.005358273809523808,200,69,113,343,816,3,10.2,722477,833558,34,lead_stubborn,0.4113840234518945,0.152863497296565
3447,0.62,1.630952380952381,2.0,0.36707395382395375,0.005792247474747472,200,84,124,35,842,2,20.9,1031839,587281,47,lead_stubborn,0.4071129309119736,0.103198652756049
34879,0.475,1.890625,2.0,0.2667439782439783,0.0048000450937950925,200,64,95,349,816,3,87.4,722477,833558,79,lead_stubborn,0.3642632456563252,0.6890479996878222
34600,0.55,1.9295774647887325,2.018181818181818,0.31457936507936507,0.005205732878232878,200,71,110,346,816,3,29.9,722477,833558,100,lead_stubborn,0.4158727914731683,0.6511808318464773
35061,0.445,1.7936507936507937,2.0,0.22134617180205413,0.004701914098972924,200,63,89,351,455,7,5.0,156535,1498820,61,lead_stubborn,0.3070497535774244,0.9179940122389904
35340,0.33,1.6,2.0,0.1324017273576097,0.003948124065831868,200,35,66,354,455,7,14.6,156535,1498820,40,lead_stubborn,0.2501126952506121,0.6454895199876196
35613,0.295,1.5,2.0,0.1388708583083583,0.00396999299311799,200,42,59,357,455,7,42.7,156535,1498820,13,lead_stubborn,0.2238256630629619,0.7912632295125752
35597,0.675,1.7473684210526317,2.0074074074074075,0.42710760073260096,0.005776210317460316,200,95,135,356,455,7,29.9,156535,1498820,97,lead_stubborn,0.4855618445578609,0.1689982716058866
35832,0.665,1.9130434782608696,2.0,0.4021369047619048,0.005438270757020755,200,92,133,359,455,7,87.4,156535,1498820,32,lead_stubborn,0.4495856593533723,0.6338235473212548
35768,0.51,1.9827586206896552,2.0,0.2616111111111111,0.004785321067821067,200,58,102,358,455,7,61.0,156535,1498820,68,lead_stubborn,0.3706046305857265,0.4761663270697934
36405,0.765,1.8282828282828283,2.0,0.44653373015873016,0.004881269841269842,200,99,153,365,590,8,20.9,995472,2540501,5,lead_stubborn,0.4995762557070848,0.3625281920046287
36074,0.63,1.9047619047619047,2.007936507936508,0.3751448412698412,0.005502658730158732,200,84,126,361,590,8,5.0,995472,2540501,74,lead_stubborn,0.4831039344913304,0.9827660363748432
36547,0.615,1.9333333333333333,2.008130081300813,0.34164075630252105,0.005275703781512606,200,75,123,366,590,8,29.9,995472,2540501,47,lead_stubborn,0.4071129309119736,0.103198652756049
36823,0.44,2.02,2.0,0.21961724386724385,0.004526271645021645,200,50,88,369,590,8,87.4,995472,2540501,23,lead_stubborn,0.3494898166749496,0.4302371480503864
38012,0.695,1.6578947368421053,2.035971223021583,0.34188095238095245,0.007529880952380943,200,76,139,381,63,2,5.0,229143,3154915,12,lead_stubborn,0.3985108847427614,0.9637929216712549
38550,0.61,1.603448275862069,2.0,0.26437456987456986,0.005042917776667777,200,58,122,386,63,2,29.9,229143,3154915,50,lead_stubborn,0.3349244931377773,0.5073741801149648
38631,0.465,1.4426229508196722,2.0,0.22794859307359297,0.005007183094683096,200,61,93,387,63,2,42.7,229143,3154915,31,lead_stubborn,0.2689147210983604,0.7842712343444325
37063,0.67,2.0104166666666665,2.0,0.44040187590187585,0.005543885836385836,200,96,134,371,552,7,5.0,569635,5077854,63,lead_stubborn,0.4714045721788255,0.7667985672256883
37539,0.635,1.964705882352941,2.0236220472440944,0.40193223443223447,0.0052623382173382196,200,85,127,376,552,7,29.9,569635,5077854,39,lead_stubborn,0.4790241755215713,0.6177321915239017
39044,0.41,1.9137931034482758,2.0,0.2256825396825397,0.004985220057720059,200,58,82,391,219,5,5.0,535070,6788045,44,lead_stubborn,0.3297294244236074,0.1851245903607699
40145,0.445,1.6666666666666667,2.0,0.21598827561327558,0.004140626803751802,200,60,89,402,50,3,7.1,370910,2614782,45,lead_stubborn,0.2747520561924723,0.7307587255425585
39874,0.67,1.9887640449438202,2.014925373134328,0.4010277777777778,0.004990119047619049,200,89,134,399,219,5,87.4,535070,6788045,74,lead_stubborn,0.4831039344913304,0.9827660363748432
40218,0.365,1.7450980392156863,2.0,0.1515305389055389,0.003988538588604378,200,51,73,403,50,3,10.2,370910,2614782,18,lead_stubborn,0.2312345941585266,0.3847746110331581
39791,0.53,1.9264705882352942,2.0,0.3172797619047619,0.005292499999999998,200,68,106,398,219,5,61.0,535070,6788045,91,lead_stubborn,0.3969614753991711,0.3291381696463736
40866,0.625,1.7088607594936709,2.008,0.338640873015873,0.005205932539682538,200,79,125,409,50,3,87.4,370910,2614782,66,lead_stubborn,0.4409284566649496,0.3941260031346912
40534,0.58,1.6956521739130435,2.0086206896551726,0.32977976190476194,0.005384107142857139,200,69,116,406,50,3,29.9,370910,2614782,34,lead_stubborn,0.4113840234518945,0.152863497296565
3962,0.66,1.6626506024096386,2.007575757575758,0.32996103896103895,0.004675126262626264,200,83,132,40,842,2,125.0,1031839,587281,62,lead_stubborn,0.3350709844137344,0.6247506884808997
41183,0.265,1.6216216216216217,2.0,0.12052289377289377,0.004061452436452438,200,37,53,412,903,4,7.1,887509,2560879,83,lead_stubborn,0.2028601193675408,0.7764128459904844
41264,0.71,1.8585858585858586,2.0,0.45164880952380954,0.00543781746031746,200,99,142,413,903,4,10.2,887509,2560879,64,lead_stubborn,0.4895135847322587,0.8096004723526141
41532,0.635,1.9642857142857142,2.0078740157480315,0.3724583333333334,0.005124900793650793,200,84,127,416,903,4,29.9,887509,2560879,32,lead_stubborn,0.4495856593533723,0.6338235473212548
41606,0.76,1.6972477064220184,2.0,0.5191250000000001,0.005900297619047618,200,109,152,417,903,4,42.7,887509,2560879,6,lead_stubborn,0.4911132375299709,0.252577974178488
421,0.46,1.5454545454545454,2.0,0.21147756410256405,0.004468822864227275,200,66,92,5,195,2,20.9,1117112,2763342,21,lead_stubborn,0.2397567210258474,0.5887702959721403
41912,0.505,1.9104477611940298,2.00990099009901,0.2863392857142857,0.005298928571428567,200,67,101,420,903,4,125.0,887509,2560879,12,lead_stubborn,0.3985108847427614,0.9637929216712549
42089,0.29,1.4772727272727273,2.0,0.1598154761904762,0.005701827200577202,200,44,58,421,811,5,5.0,353499,6626861,89,lead_stubborn,0.2129379249701362,0.6944582199785999
42391,0.52,1.8405797101449275,2.0096153846153846,0.29613873626373627,0.0050435027472527484,200,69,104,424,811,5,14.6,353499,6626861,91,lead_stubborn,0.3969614753991711,0.3291381696463736
42151,0.225,1.6206896551724137,2.0,0.10337518037518034,0.004944106449106449,200,29,45,422,811,5,7.1,353499,6626861,51,lead_stubborn,0.2182850515748211,0.1730815279492411
43038,0.535,1.9054054054054055,2.0,0.30369101731601733,0.008813988095238093,200,74,107,431,392,6,5.0,69564,6474543,38,lead_stubborn,0.3509947337216052,0.8424701912520188
43335,0.635,1.7551020408163265,2.0078740157480315,0.4533869047619048,0.007051210317460314,200,98,127,434,392,6,14.6,69564,6474543,35,lead_stubborn,0.444752781116749,0.3583252290098091
42457,0.29,1.7608695652173914,2.0,0.1316673534798535,0.004391195699725109,200,46,58,425,811,5,20.9,353499,6626861,57,lead_stubborn,0.2281547978409189,0.2464978385902064
4309,0.305,1.5609756097560976,2.0,0.14834035409035407,0.003970840032001022,200,41,61,44,599,8,14.6,940127,5147543,9,lead_stubborn,0.2331676534838964,0.9471927912224244
43880,0.39,1.6166666666666667,2.0128205128205128,0.2145299422799423,0.005264926046176045,200,60,78,439,392,6,87.4,69564,6474543,80,lead_stubborn,0.2816906079992455,0.4111680330999803
44262,0.42,1.8620689655172413,2.0,0.24625732600732606,0.0051895063270063265,200,58,84,443,225,6,10.2,769787,2985363,62,lead_stubborn,0.3350709844137344,0.6247506884808997
43987,0.37,1.9795918367346939,2.0,0.1821314935064935,0.0043396506271506236,200,49,74,440,392,6,125.0,69564,6474543,87,lead_stubborn,0.3108669576156866,0.5798034448113424
44341,0.595,1.8108108108108107,2.008403361344538,0.31075595238095244,0.004704037114845937,200,74,119,444,225,6,14.6,769787,2985363,41,lead_stubborn,0.3883150820571905,0.5577479977483336
44480,0.345,1.8604651162790697,2.0144927536231885,0.15656746031746033,0.004332760295260295,200,43,69,445,225,6,20.9,769787,2985363,80,lead_stubborn,0.2816906079992455,0.4111680330999803
44548,0.29,1.5121951219512195,2.0,0.13495147907647906,0.004042491695396102,200,41,58,446,225,6,29.9,769787,2985363,48,lead_stubborn,0.2114807290736435,0.0244607249130057
44656,0.64,1.945054945054945,2.0,0.4088849206349206,0.005611587301587301,200,91,128,447,225,6,42.7,769787,2985363,56,lead_stubborn,0.4768512858671266,0.1447302436856452
44704,0.29,1.7906976744186047,2.0,0.16394139887889886,0.0042321312919107006,200,43,58,448,225,6,61.0,769787,2985363,4,lead_stubborn,0.2627648343443758,0.7190241322679278
44879,0.465,2.0,2.010752688172043,0.25106150793650794,0.004961946248196249,200,53,93,449,225,6,87.4,769787,2985363,79,lead_stubborn,0.3642632456563252,0.6890479996878222
45135,0.645,1.75,2.0310077519379846,0.35579166666666673,0.005438831168831165,200,80,129,452,892,5,7.1,962418,3117110,35,lead_stubborn,0.444752781116749,0.3583252290098091
45224,0.64,1.8777777777777778,2.0,0.4076031746031747,0.005201984126984125,200,90,128,453,892,5,10.2,962418,3117110,24,lead_stubborn,0.4574864654719545,0.463400582232104
45547,0.545,1.8088235294117647,2.0091743119266057,0.32094948107448107,0.004921073232323231,200,68,109,456,892,5,29.9,962418,3117110,47,lead_stubborn,0.4071129309119736,0.103198652756049
45601,0.485,1.9137931034482758,2.0,0.24075829725829717,0.0049197258297258295,200,58,97,457,892,5,42.7,962418,3117110,1,lead_stubborn,0.3857676334163057,0.2047082508361712
45704,0.325,1.6904761904761905,2.0,0.15983531746031743,0.00424923303004185,200,42,65,458,892,5,61.0,962418,3117110,4,lead_stubborn,0.2627648343443758,0.7190241322679278
4583,0.255,1.6785714285714286,2.0,0.08499385336885337,0.003624626736567525,200,28,51,46,599,8,29.9,940127,5147543,83,lead_stubborn,0.2028601193675408,0.7764128459904844
45871,0.42,1.6842105263157894,2.0,0.21318795093795095,0.004399467199467199,200,57,84,459,892,5,87.4,962418,3117110,71,lead_stubborn,0.3239323376009491,0.868936778850477
46131,0.345,1.7924528301886793,2.0144927536231885,0.17199253034547152,0.004410404330146977,200,53,69,462,677,6,7.1,632782,5635856,31,lead_stubborn,0.2689147210983604,0.7842712343444325
46553,0.55,1.6493506493506493,2.0,0.3421911976911977,0.005081154401154399,200,77,110,466,677,6,29.9,632782,5635856,53,lead_stubborn,0.366882515038515,0.2362061315455737
4626,0.365,1.6,2.0,0.16696421633921632,0.0041953589180427405,200,40,73,47,599,8,42.7,940127,5147543,26,lead_stubborn,0.2702561230694959,0.837478784452857
46881,0.28,1.794871794871795,2.0,0.13435119047619043,0.0038742001952296063,200,39,56,469,677,6,87.4,632782,5635856,81,lead_stubborn,0.2269416996374781,0.4804242585572029
46908,0.515,1.9230769230769231,2.0,0.28180184610075915,0.004746467789456921,200,65,103,470,677,6,125.0,632782,5635856,8,lead_stubborn,0.3927810904963459,0.8167673407001561
47149,0.405,1.5964912280701755,2.0,0.19869101731601727,0.004903239538239537,200,57,81,472,277,5,7.1,1173981,6918455,49,lead_stubborn,0.3008118292997498,0.7565167136190543
47276,0.38,1.7307692307692308,2.0,0.203257326007326,0.004824246031746031,200,52,76,473,277,5,10.2,1173981,6918455,76,lead_stubborn,0.3027820674966874,0.514144872517883
47321,0.28,1.7297297297297298,2.0,0.12730897544484499,0.00400699550005042,200,37,56,474,277,5,14.6,1173981,6918455,21,lead_stubborn,0.2397567210258474,0.5887702959721403
47427,0.625,1.9404761904761905,2.0,0.3767519841269842,0.005062003968253971,200,84,125,475,277,5,20.9,1173981,6918455,27,lead_stubborn,0.4590052735626949,0.5951250624738255
47516,0.51,1.9344262295081966,2.0098039215686274,0.2613699494949494,0.0050776424963924986,200,61,102,476,277,5,29.9,1173981,6918455,16,lead_stubborn,0.4208942434349683,0.0948525522924531
48101,0.56,1.9452054794520548,2.0,0.318920634920635,0.00529203373015873,200,73,112,482,41,7,7.1,1151602,7388167,1,lead_stubborn,0.3857676334163057,0.2047082508361712
48268,0.51,1.8461538461538463,2.0098039215686274,0.28077633477633474,0.004672929154179151,200,65,102,483,41,7,10.2,1151602,7388167,68,lead_stubborn,0.3706046305857265,0.4761663270697934
48448,0.32,1.5098039215686274,2.0,0.1436845605375017,0.003955237372921194,200,51,64,485,41,7,20.9,1151602,7388167,48,lead_stubborn,0.2114807290736435,0.0244607249130057
48513,0.325,1.7173913043478262,2.0,0.15868027053038491,0.0038099933727805085,200,46,65,486,41,7,29.9,1151602,7388167,13,lead_stubborn,0.2238256630629619,0.7912632295125752
48724,0.63,1.9294117647058824,2.015873015873016,0.38751677489177483,0.005219880952380954,200,85,126,488,41,7,61.0,1151602,7388167,24,lead_stubborn,0.4574864654719545,0.463400582232104
48820,0.375,1.75,2.0,0.16979487179487182,0.0037727343489843477,200,52,75,489,41,7,87.4,1151602,7388167,20,lead_stubborn,0.2461140406262255,0.1374999707243197
47613,0.275,1.8421052631578947,2.0,0.12069747613497611,0.003915828693107716,200,38,55,477,277,5,42.7,1173981,6918455,13,lead_stubborn,0.2238256630629619,0.7912632295125752
49763,0.695,2.04,2.0071942446043165,0.44370075757575766,0.00509782999164578,200,100,139,498,26,4,61.0,786242,338431,63,lead_stubborn,0.4714045721788255,0.7667985672256883
49142,0.35,2.0434782608695654,2.0285714285714285,0.15943668831168828,0.00398431034243534,200,46,70,492,26,4,7.1,786242,338431,42,lead_stubborn,0.2544637386172081,0.3417299389831262
49999,0.445,1.7966101694915255,2.033707865168539,0.2436625735375735,0.004656485597735598,200,59,89,500,26,4,125.0,786242,338431,99,lead_stubborn,0.3227365905845993,0.0746241892293311
4712,0.535,1.7313432835820894,2.0,0.29200198412698414,0.004991187423687423,200,67,107,48,599,8,61.0,940127,5147543,12,lead_stubborn,0.3985108847427614,0.9637929216712549
49264,0.685,1.8484848484848484,2.0072992700729926,0.43443452380952385,0.005165972222222224,200,99,137,493,26,4,10.2,786242,338431,64,lead_stubborn,0.4895135847322587,0.8096004723526141
50063,0.64,1.8144329896907216,2.0078125,0.41261904761904783,0.005398501082251078,200,97,128,501,636,4,5.0,983429,1947501,63,lead_stubborn,0.4714045721788255,0.7667985672256883
50415,0.38,1.4901960784313726,2.0,0.20384956709956714,0.00455628427128427,200,51,76,505,636,4,20.9,983429,1947501,15,lead_stubborn,0.28091147618982,0.9551352008768642
50351,0.285,1.55,2.0,0.13698201798201792,0.003620978000757411,200,40,57,504,636,4,14.6,983429,1947501,51,lead_stubborn,0.2182850515748211,0.1730815279492411
50233,0.34,1.7142857142857142,2.0,0.16836246392496393,0.004359082792207791,200,49,68,503,636,4,10.2,983429,1947501,33,lead_stubborn,0.2594311744995365,0.5379384620687854
5092,0.505,1.8305084745762712,2.0297029702970297,0.2591604645354645,0.004793099212878625,200,59,101,51,29,8,5.0,890055,4550282,92,lead_stubborn,0.3544902343139808,0.0312541994926666
50505,0.665,1.8529411764705883,2.0,0.4593214285714287,0.005524226190476186,200,102,133,506,636,4,29.9,983429,1947501,5,lead_stubborn,0.4995762557070848,0.3625281920046287
50913,0.285,1.975,2.017543859649123,0.13080907287157287,0.0033019266150516157,200,40,57,510,636,4,125.0,983429,1947501,13,lead_stubborn,0.2238256630629619,0.7912632295125752
50800,0.6,1.6419753086419753,2.0083333333333333,0.3744894688644689,0.005161027444777446,200,81,120,508,636,4,61.0,983429,1947501,100,lead_stubborn,0.4158727914731683,0.6511808318464773
51038,0.425,1.7966101694915255,2.011764705882353,0.24489285714285713,0.006827556471306464,200,59,85,511,984,8,5.0,116439,5472286,38,lead_stubborn,0.3509947337216052,0.8424701912520188
51383,0.285,1.7560975609756098,2.017543859649123,0.12429310966810965,0.004904719516594516,200,41,57,514,984,8,14.6,116439,5472286,83,lead_stubborn,0.2028601193675408,0.7764128459904844
51524,0.595,1.7590361445783131,2.0,0.3777142857142858,0.005542460317460314,200,83,119,516,984,8,29.9,116439,5472286,24,lead_stubborn,0.4574864654719545,0.463400582232104
51675,0.26,1.75,2.0,0.1558214285714286,0.00511167533855034,200,40,52,517,984,8,42.7,116439,5472286,75,lead_stubborn,0.2525545317138812,0.4401811270174162
52002,0.4,1.7936507936507937,2.0,0.22726605339105338,0.004993376623376622,200,63,80,521,404,8,5.0,261804,2429479,2,lead_stubborn,0.2959114945914544,0.9228509849216918
52118,0.3,1.7073170731707317,2.0,0.14127038239538237,0.004649216657525482,200,41,60,522,404,8,7.1,261804,2429479,18,lead_stubborn,0.2312345941585266,0.3847746110331581
51730,0.24,1.5483870967741935,2.0,0.10804659229659229,0.003924970654345652,200,31,48,518,984,8,61.0,116439,5472286,30,lead_stubborn,0.2039812783100412,0.857228363045134
5253,0.475,1.8970588235294117,2.0,0.28284199134199134,0.005066351010101008,200,68,95,53,29,8,10.2,890055,4550282,53,lead_stubborn,0.366882515038515,0.2362061315455737
52478,0.57,1.8860759493670887,2.0,0.33513437950937947,0.0051872059884559875,200,79,114,525,404,8,20.9,261804,2429479,78,lead_stubborn,0.3815618301396259,0.7050527606912402
52212,0.6,1.675,2.0,0.3544146825396826,0.005119523809523809,200,80,120,523,404,8,10.2,261804,2429479,12,lead_stubborn,0.3985108847427614,0.9637929216712549
53038,0.5,1.7792207792207793,2.01,0.3229418498168499,0.005940569291819294,200,77,100,531,245,5,5.0,345160,5433288,38,lead_stubborn,0.3509947337216052,0.8424701912520188
51824,0.625,1.7912087912087913,2.0,0.4095000000000001,0.005419801587301587,200,91,125,519,984,8,87.4,116439,5472286,24,lead_stubborn,0.4574864654719545,0.463400582232104
52670,0.63,1.8876404494382022,2.0,0.39677380952380953,0.005007638888888888,200,89,126,527,404,8,42.7,261804,2429479,70,lead_stubborn,0.4344347691369841,0.0048962068848224
52849,0.365,1.9423076923076923,2.0,0.21314339826839832,0.004585918154912718,200,52,73,529,404,8,87.4,261804,2429479,49,lead_stubborn,0.3008118292997498,0.7565167136190543
53899,0.435,1.8166666666666667,2.0,0.2397963564213564,0.00476920385170385,200,60,87,539,245,5,87.4,345160,5433288,99,lead_stubborn,0.3227365905845993,0.0746241892293311
53573,0.32,1.8108108108108107,2.0,0.128489676989677,0.0045287208624708595,200,37,64,536,245,5,29.9,345160,5433288,73,lead_stubborn,0.2631399047202775,0.494072025933513
54243,0.485,1.9508196721311475,2.0,0.26973809523809517,0.004716311327561329,200,61,97,543,749,5,10.2,991651,3043360,43,lead_stubborn,0.3733963553970497,0.8234180661786772
54442,0.325,1.8541666666666667,2.0,0.17407341269841267,0.004257039066884267,200,48,65,545,749,5,20.9,991651,3043360,42,lead_stubborn,0.2544637386172081,0.3417299389831262
54762,0.455,2.016949152542373,2.010989010989011,0.25360371572871576,0.004969490093240093,200,59,91,548,749,5,61.0,991651,3043360,62,lead_stubborn,0.3350709844137344,0.6247506884808997
54533,0.38,1.8048780487804879,2.0,0.1669137063916476,0.003885971012132,200,41,76,546,749,5,29.9,991651,3043360,33,lead_stubborn,0.2594311744995365,0.5379384620687854
5606,0.685,1.8369565217391304,2.0,0.42927579365079366,0.00542813492063492,200,92,137,57,29,8,42.7,890055,4550282,6,lead_stubborn,0.4911132375299709,0.252577974178488
55205,0.665,2.0,2.0,0.44135714285714284,0.005470912698412701,200,95,133,553,475,7,10.2,857879,2331062,5,lead_stubborn,0.4995762557070848,0.3625281920046287
56301,0.555,1.7714285714285714,2.0,0.28289285714285717,0.004602083333333333,200,70,111,564,323,8,14.6,621098,7452855,1,lead_stubborn,0.3857676334163057,0.2047082508361712
55998,0.285,1.696969696969697,2.0,0.09831211476432065,0.0034684186565068897,200,33,57,560,475,7,125.0,857879,2331062,98,lead_stubborn,0.21729239263723,0.8840829656528192
55403,0.515,1.8688524590163935,2.0,0.2862110805860805,0.005264006687756688,200,61,103,555,475,7,20.9,857879,2331062,3,lead_stubborn,0.405342196225377,0.1209354681890304
57161,0.365,1.5789473684210527,2.0136986301369864,0.20984325396825393,0.005564699328449324,200,57,73,572,183,4,7.1,558235,7891629,61,lead_stubborn,0.3070497535774244,0.9179940122389904
5734,0.53,1.8666666666666667,2.018867924528302,0.3344880952380953,0.005288591269841267,200,75,106,58,29,8,61.0,890055,4550282,34,lead_stubborn,0.4113840234518945,0.152863497296565
56554,0.485,1.893939393939394,2.0103092783505154,0.2973591269841271,0.005310140692640689,200,66,97,566,323,8,29.9,621098,7452855,54,lead_stubborn,0.3585232711576509,0.4092237628104323
56772,0.435,1.7076923076923076,2.0,0.25495808358308364,0.004791731414010825,200,65,87,568,323,8,61.0,621098,7452855,72,lead_stubborn,0.3156406422303758,0.3774553900605352
57528,0.62,1.8705882352941177,2.0080645161290325,0.3873968253968254,0.005558904428904431,200,85,124,576,183,4,29.9,558235,7891629,28,lead_stubborn,0.4304538627565802,0.2618674911675315
57000,0.505,1.9863013698630136,2.00990099009901,0.3294166666666667,0.005221331168831167,200,73,101,570,323,8,125.0,621098,7452855,100,lead_stubborn,0.4158727914731683,0.6511808318464773
57787,0.46,1.893939393939394,2.0,0.23824596237096235,0.004394364385614383,200,66,92,578,183,4,61.0,558235,7891629,87,lead_stubborn,0.3108669576156866,0.5798034448113424
58181,0.44,1.7307692307692308,2.034090909090909,0.18387499999999998,0.007078710317460316,200,52,88,582,555,2,7.1,1149320,4915645,81,lead_stubborn,0.2269416996374781,0.4804242585572029
58086,0.775,2.169811320754717,2.0838709677419356,0.4453079004329005,0.008237539682539685,200,106,155,581,555,2,5.0,1149320,4915645,86,lead_stubborn,0.4461023732799478,0.2773058726188811
58485,0.64,1.5875,2.0234375,0.36269642857142853,0.0069454779942279875,200,80,128,585,555,2,20.9,1149320,4915645,85,lead_stubborn,0.4024582743628092,0.7244830604083918
58222,0.4,1.673913043478261,2.05,0.160359126984127,0.006748888888888884,200,46,80,583,555,2,10.2,1149320,4915645,22,lead_stubborn,0.24260325729568,0.2220357375157741
59229,0.36,1.7333333333333334,2.0,0.17871843434343432,0.00464163315850816,200,45,72,593,203,3,10.2,1025262,7304156,29,lead_stubborn,0.2901917465581629,0.3137113417077046
59342,0.355,1.5777777777777777,2.0,0.1710179126429126,0.004187309357309352,200,45,71,594,203,3,14.6,1025262,7304156,42,lead_stubborn,0.2544637386172081,0.3417299389831262
58811,0.62,1.5375,2.0080645161290325,0.3420416666666666,0.006222480158730155,200,80,124,589,555,2,87.4,1149320,4915645,11,lead_stubborn,0.3777435584279705,0.3053722478730439
59550,0.44,1.8679245283018868,2.0,0.24717514430014423,0.004940235597735595,200,53,88,596,203,3,29.9,1025262,7304156,50,lead_stubborn,0.3349244931377773,0.5073741801149648
59893,0.375,1.690909090909091,2.0,0.19825793650793652,0.004884827900857313,200,55,75,599,203,3,87.4,1025262,7304156,93,lead_stubborn,0.2779592827386458,0.3345825728904498
58761,0.57,1.4666666666666666,2.008771929824561,0.27824379786879777,0.0057383109945609925,200,75,114,588,555,2,61.0,1149320,4915645,61,lead_stubborn,0.3070497535774244,0.9179940122389904
59944,0.42,1.6610169491525424,2.011904761904762,0.22558172791261025,0.00458432106700489,200,59,84,600,203,3,125.0,1025262,7304156,44,lead_stubborn,0.3297294244236074,0.1851245903607699
61303,0.55,1.7341772151898733,2.0090909090909093,0.35939880952380937,0.005402976190476191,200,79,110,614,539,4,14.6,564144,5898035,3,lead_stubborn,0.405342196225377,0.1209354681890304
60537,0.615,1.8764044943820224,2.0,0.39922023809523827,0.005520357142857144,200,89,123,606,879,5,29.9,697312,4456442,37,lead_stubborn,0.469568977189866,0.9743873423433428
60031,0.39,1.82,2.0256410256410255,0.1851743534243534,0.004622217227217226,200,50,78,601,879,5,5.0,697312,4456442,31,lead_stubborn,0.2689147210983604,0.7842712343444325
60885,0.585,1.9870129870129871,2.017094017094017,0.3514424603174603,0.005064920634920634,200,77,117,609,879,5,87.4,697312,4456442,85,lead_stubborn,0.4024582743628092,0.7244830604083918
618,0.54,1.605263157894737,2.009259259259259,0.2354312770562771,0.004345196992335149,200,76,108,7,195,2,42.7,1117112,2763342,18,lead_stubborn,0.2312345941585266,0.3847746110331581
61594,0.39,1.849056603773585,2.0,0.19957657620157623,0.004394504081444869,200,53,78,616,539,4,29.9,564144,5898035,94,lead_stubborn,0.2857700497959219,0.1163714164083326
61785,0.485,1.6935483870967742,2.0,0.2852689393939394,0.005434525613275612,200,62,97,618,539,4,61.0,564144,5898035,85,lead_stubborn,0.4024582743628092,0.7244830604083918
62042,0.375,1.62,2.013333333333333,0.17400928932178936,0.004625844772917142,200,50,75,621,742,4,5.0,972266,6502101,42,lead_stubborn,0.2544637386172081,0.3417299389831262
62260,0.36,1.7446808510638299,2.0,0.20012198912198914,0.005084509657009657,200,47,72,623,742,4,10.2,972266,6502101,60,lead_stubborn,0.2892063661005389,0.2123889347471068
62498,0.315,1.7333333333333334,2.0,0.14042770876466526,0.0038405096051291683,200,45,63,625,742,4,20.9,972266,6502101,98,lead_stubborn,0.21729239263723,0.8840829656528192
63478,0.575,1.7402597402597402,2.026086956521739,0.3436666666666666,0.006688055555555553,200,77,115,635,328,2,20.9,388142,4020608,78,lead_stubborn,0.3815618301396259,0.7050527606912402
63704,0.495,1.6,2.01010101010101,0.22498088023088025,0.0051390395926537245,200,60,99,638,328,2,61.0,388142,4020608,4,lead_stubborn,0.2627648343443758,0.7190241322679278
6254,0.485,2.0588235294117645,2.0,0.28615097402597395,0.004686493506493507,200,68,97,63,645,7,10.2,690687,2454771,54,lead_stubborn,0.3585232711576509,0.4092237628104323
62728,0.595,1.945945945945946,2.008403361344538,0.3361944444444445,0.005043968253968253,200,74,119,628,742,4,61.0,972266,6502101,28,lead_stubborn,0.4304538627565802,0.2618674911675315
64024,0.585,1.7746478873239437,2.0085470085470085,0.30255663780663783,0.005490624098124097,200,71,117,641,587,3,5.0,663189,4363208,24,lead_stubborn,0.4574864654719545,0.463400582232104
64161,0.35,1.847457627118644,2.0,0.20069678932178936,0.0053891579662167875,200,59,70,642,587,3,7.1,663189,4363208,61,lead_stubborn,0.3070497535774244,0.9179940122389904
6385,0.57,2.0704225352112675,2.008771929824561,0.3346266095016096,0.005524011544011542,200,71,114,64,645,7,14.6,690687,2454771,85,lead_stubborn,0.4024582743628092,0.7244830604083918
64356,0.63,1.7472527472527473,2.015873015873016,0.40947619047619044,0.005691746031746031,200,91,126,644,587,3,14.6,663189,4363208,56,lead_stubborn,0.4768512858671266,0.1447302436856452
64228,0.595,1.726027397260274,2.0,0.3427976190476191,0.00566394841269841,200,73,119,643,587,3,10.2,663189,4363208,28,lead_stubborn,0.4304538627565802,0.2618674911675315
64411,0.5,1.6779661016949152,2.01,0.29204166666666675,0.005351746031746029,200,59,100,645,587,3,20.9,663189,4363208,11,lead_stubborn,0.3777435584279705,0.3053722478730439
64619,0.66,1.913978494623656,2.007575757575758,0.3913670634920635,0.005525337301587299,200,93,132,647,587,3,42.7,663189,4363208,19,lead_stubborn,0.4954733651280948,0.0419355939468332
65247,0.555,2.0,2.018018018018018,0.35136904761904775,0.007704166666666664,200,81,111,653,488,5,10.2,60818,6314311,47,lead_stubborn,0.4071129309119736,0.103198652756049
65348,0.245,1.6046511627906976,2.0,0.13104502442002441,0.006346221001220997,200,43,49,654,488,5,14.6,60818,6314311,48,lead_stubborn,0.2114807290736435,0.0244607249130057
65510,0.63,1.7263157894736842,2.007936507936508,0.42873809523809536,0.006944924242424238,200,95,126,656,488,5,29.9,60818,6314311,10,lead_stubborn,0.4737946714611262,0.5224738795684104
65611,0.47,1.8985507246376812,2.0,0.3132718253968254,0.006316654040404039,200,69,94,657,488,5,42.7,60818,6314311,11,lead_stubborn,0.3777435584279705,0.3053722478730439
65792,0.505,1.8305084745762712,2.00990099009901,0.25370652958152956,0.004943888888888887,200,59,101,658,488,5,61.0,60818,6314311,92,lead_stubborn,0.3544902343139808,0.0312541994926666
65908,0.58,1.8780487804878048,2.0086206896551726,0.3601567460317461,0.0054624062049062035,200,82,116,660,488,5,125.0,60818,6314311,8,lead_stubborn,0.3927810904963459,0.8167673407001561
66163,0.64,1.5681818181818181,2.0078125,0.37688293650793653,0.005455515873015872,200,88,128,662,424,7,7.1,754181,7594924,63,lead_stubborn,0.4714045721788255,0.7667985672256883
66241,0.53,1.6521739130434783,2.0,0.3194049422799423,0.005365378094128097,200,69,106,663,424,7,10.2,754181,7594924,41,lead_stubborn,0.3883150820571905,0.5577479977483336
66463,0.64,1.7906976744186047,2.015625,0.39248809523809514,0.005646706349206348,200,86,128,665,424,7,20.9,754181,7594924,63,lead_stubborn,0.4714045721788255,0.7667985672256883
66562,0.425,1.6727272727272726,2.0,0.2408313492063492,0.0049826984126984135,200,55,85,666,424,7,29.9,754181,7594924,62,lead_stubborn,0.3350709844137344,0.6247506884808997
66893,0.37,1.7954545454545454,2.0,0.18464484126984126,0.004391355588855586,200,44,74,669,424,7,87.4,754181,7594924,93,lead_stubborn,0.2779592827386458,0.3345825728904498
67052,0.535,2.0144927536231885,2.0,0.3029547258297259,0.005293925123079534,200,69,107,671,655,4,5.0,898154,1751566,52,lead_stubborn,0.3898718220747056,0.4295434601453535
67984,0.495,1.8571428571428572,2.0,0.32245436507936504,0.00559376984126984,200,70,99,680,655,4,125.0,898154,1751566,84,lead_stubborn,0.4277086989642705,0.7484720574557526
68775,0.36,1.8,2.0,0.16986309523809529,0.004324954004329004,200,45,72,688,399,7,61.0,365033,6882073,75,lead_stubborn,0.2525545317138812,0.4401811270174162
6797,0.66,1.663265306122449,2.0,0.41979166666666673,0.005328057359307358,200,98,132,68,645,7,61.0,690687,2454771,97,lead_stubborn,0.4855618445578609,0.1689982716058866
68964,0.675,1.6363636363636365,2.0,0.4019888167388167,0.005612996586746584,200,88,135,690,399,7,125.0,365033,6882073,64,lead_stubborn,0.4895135847322587,0.8096004723526141
69057,0.28,1.6511627906976745,2.0,0.13977951215451212,0.003945023122302529,200,43,56,691,463,4,5.0,1083875,360924,57,lead_stubborn,0.2281547978409189,0.2464978385902064
69274,0.67,1.9270833333333333,2.014925373134328,0.42513797313797314,0.005113211788211785,200,96,134,693,463,4,10.2,1083875,360924,74,lead_stubborn,0.4831039344913304,0.9827660363748432
69600,0.535,1.9054054054054055,2.0093457943925235,0.34324999999999994,0.005267460317460314,200,74,107,696,463,4,29.9,1083875,360924,100,lead_stubborn,0.4158727914731683,0.6511808318464773
69784,0.59,1.7160493827160495,2.0,0.3703614718614719,0.005432759740259743,200,81,118,698,463,4,61.0,1083875,360924,84,lead_stubborn,0.4277086989642705,0.7484720574557526
69823,0.5,1.9841269841269842,2.01,0.28311129148629155,0.004933930375180373,200,63,100,699,463,4,87.4,1083875,360924,23,lead_stubborn,0.3494898166749496,0.4302371480503864
70094,0.385,1.9,2.0,0.23176875901875904,0.005402519702519703,200,60,77,701,975,5,5.0,589887,4392660,94,lead_stubborn,0.2857700497959219,0.1163714164083326
70400,0.57,1.8902439024390243,2.0,0.3441587301587301,0.005369384920634919,200,82,114,704,975,5,14.6,589887,4392660,100,lead_stubborn,0.4158727914731683,0.6511808318464773
70138,0.455,1.8846153846153846,2.0,0.24071626984126987,0.005003908730158733,200,52,91,702,975,5,7.1,589887,4392660,38,lead_stubborn,0.3509947337216052,0.8424701912520188
70444,0.465,1.828125,2.0,0.251770202020202,0.00468847582972583,200,64,93,705,975,5,20.9,589887,4392660,44,lead_stubborn,0.3297294244236074,0.1851245903607699
71174,0.645,1.9318181818181819,2.007751937984496,0.3951765873015873,0.005371051587301585,200,88,129,712,353,7,7.1,447493,1716934,74,lead_stubborn,0.4831039344913304,0.9827660363748432
71331,0.335,1.469387755102041,2.0,0.16477795815295818,0.004515954392829394,200,49,67,714,353,7,14.6,447493,1716934,31,lead_stubborn,0.2689147210983604,0.7842712343444325
71511,0.49,1.9428571428571428,2.0,0.2883809523809524,0.005009545454545452,200,70,98,716,353,7,29.9,447493,1716934,11,lead_stubborn,0.3777435584279705,0.3053722478730439
71697,0.645,1.6593406593406594,2.0,0.37530952380952387,0.005474170274170269,200,91,129,717,353,7,42.7,447493,1716934,97,lead_stubborn,0.4855618445578609,0.1689982716058866
70559,0.41,1.9615384615384615,2.0,0.19979283910533913,0.004593552085169732,200,52,82,706,975,5,29.9,589887,4392660,59,lead_stubborn,0.2977847312437251,0.2895622807306851
70658,0.465,1.8867924528301887,2.0,0.22590079365079366,0.004699926046176047,200,53,93,707,975,5,42.7,589887,4392660,58,lead_stubborn,0.3409275648695138,0.932574439505853
71749,0.42,1.7457627118644068,2.0,0.20790097402597407,0.004288113667733231,200,59,84,718,353,7,61.0,447493,1716934,49,lead_stubborn,0.3008118292997498,0.7565167136190543
72241,0.575,1.8133333333333332,2.0,0.33214087301587303,0.00503936688311688,200,75,115,723,250,8,10.2,911140,5410068,41,lead_stubborn,0.3883150820571905,0.5577479977483336
7261,0.4,1.6326530612244898,2.0,0.1931670274170274,0.004721549977799975,200,49,80,73,564,3,10.2,1012372,3981310,61,lead_stubborn,0.3070497535774244,0.9179940122389904
73357,0.275,1.8478260869565217,2.0,0.13905594843752733,0.0038046154736758255,200,46,55,734,898,7,14.6,760639,4056088,57,lead_stubborn,0.2281547978409189,0.2464978385902064
73204,0.27,1.8823529411764706,2.0,0.11990079365079366,0.00442720043845044,200,34,54,733,898,7,10.2,760639,4056088,4,lead_stubborn,0.2627648343443758,0.7190241322679278
73604,0.29,1.9166666666666667,2.0,0.13591809068124858,0.004137675537182119,200,36,58,737,898,7,42.7,760639,4056088,4,lead_stubborn,0.2627648343443758,0.7190241322679278
73829,0.38,1.9387755102040816,2.013157894736842,0.1920741758241758,0.004048504551004552,200,49,76,739,898,7,87.4,760639,4056088,29,lead_stubborn,0.2901917465581629,0.3137113417077046
74469,0.315,1.9148936170212767,2.0,0.14110711437685125,0.0033952161668423103,200,47,63,745,351,4,20.9,935689,642421,69,lead_stubborn,0.2070972729458678,0.2979198700199214
74544,0.46,1.746031746031746,2.0,0.2367449703074703,0.004796533189033186,200,63,92,746,351,4,29.9,935689,642421,44,lead_stubborn,0.3297294244236074,0.1851245903607699
7445,0.31,1.9166666666666667,2.0,0.15515842490842488,0.004329367438117437,200,36,62,75,564,3,20.9,1012372,3981310,45,lead_stubborn,0.2747520561924723,0.7307587255425585
74649,0.445,1.7936507936507937,2.0,0.22912301587301584,0.004405341117216115,200,63,89,747,351,4,42.7,935689,642421,49,lead_stubborn,0.3008118292997498,0.7565167136190543
74762,0.45,1.6346153846153846,2.011111111111111,0.22203968253968254,0.004725772971868175,200,52,90,748,351,4,61.0,935689,642421,62,lead_stubborn,0.3350709844137344,0.6247506884808997
74827,0.64,1.8555555555555556,2.015625,0.39458333333333334,0.005307817460317461,200,90,128,749,351,4,87.4,935689,642421,27,lead_stubborn,0.4590052735626949,0.5951250624738255
75119,0.63,1.7526881720430108,2.0,0.41652655677655664,0.005641336996336992,200,93,126,752,755,6,7.1,815771,5006363,19,lead_stubborn,0.4954733651280948,0.0419355939468332
75490,0.43,1.855072463768116,2.0,0.2443951742701743,0.005010982905982904,200,69,86,755,755,6,20.9,815771,5006363,90,lead_stubborn,0.3196298037016608,0.990883980492858
75613,0.29,1.7179487179487178,2.0,0.12096908646908647,0.0037213222806605157,200,39,58,757,755,6,42.7,815771,5006363,13,lead_stubborn,0.2238256630629619,0.7912632295125752
75877,0.295,1.6888888888888889,2.0,0.16198071781160014,0.004004606247510659,200,45,59,759,755,6,87.4,815771,5006363,77,lead_stubborn,0.2375482709814891,0.0892183280233827
76044,0.485,2.0,2.0103092783505154,0.2659521103896104,0.004552659285159283,200,71,97,761,381,6,5.0,612977,1098150,44,lead_stubborn,0.3297294244236074,0.1851245903607699
76156,0.645,1.7912087912087913,2.0,0.40262139249639256,0.005613773448773448,200,91,129,762,381,6,7.1,612977,1098150,56,lead_stubborn,0.4768512858671266,0.1447302436856452
77045,0.405,1.8070175438596492,2.0123456790123457,0.1934830447330447,0.0042394778138528134,200,57,81,771,285,7,5.0,479437,1362798,45,lead_stubborn,0.2747520561924723,0.7307587255425585
7681,0.26,1.5806451612903225,2.0,0.11426839826839826,0.004044349212878624,200,31,52,77,564,3,42.7,1012372,3981310,81,lead_stubborn,0.2269416996374781,0.4804242585572029
77288,0.535,1.7714285714285714,2.0,0.3098730158730159,0.005035082972582971,200,70,107,773,285,7,10.2,479437,1362798,88,lead_stubborn,0.4229568538429628,0.8766829270547112
77443,0.52,1.8857142857142857,2.019230769230769,0.28637271062271064,0.004806784465534466,200,70,104,775,285,7,20.9,479437,1362798,43,lead_stubborn,0.3733963553970497,0.8234180661786772
77641,0.485,1.9692307692307693,2.0,0.2930674603174603,0.005279858058608058,200,65,97,777,285,7,42.7,479437,1362798,41,lead_stubborn,0.3883150820571905,0.5577479977483336
77868,0.455,2.0166666666666666,2.0,0.27789484126984126,0.00529440712065712,200,60,91,779,285,7,87.4,479437,1362798,68,lead_stubborn,0.3706046305857265,0.4761663270697934
77912,0.565,2.028169014084507,2.0,0.311859126984127,0.004854597069597072,200,71,113,780,285,7,125.0,479437,1362798,12,lead_stubborn,0.3985108847427614,0.9637929216712549
7852,0.545,1.8026315789473684,2.0,0.3292781385281385,0.005278654401154398,200,76,109,79,564,3,87.4,1012372,3981310,52,lead_stubborn,0.3898718220747056,0.4295434601453535
78667,0.475,1.9705882352941178,2.0105263157894737,0.2967439227439228,0.004972113858363857,200,68,95,787,594,4,42.7,240540,7147011,67,lead_stubborn,0.3604525200861999,0.8954386061007626
79052,0.505,1.9242424242424243,2.0,0.28841666666666665,0.005365595238095235,200,66,101,791,528,8,5.0,748694,1322580,52,lead_stubborn,0.3898718220747056,0.4295434601453535
7917,0.575,1.728395061728395,2.0,0.3604801587301587,0.005585238095238093,200,81,115,80,564,3,125.0,1012372,3981310,17,lead_stubborn,0.4372556438030128,0.9067257327686692
79158,0.475,1.8363636363636364,2.0,0.2503463203463204,0.004530988455988455,200,55,95,792,528,8,7.1,748694,1322580,58,lead_stubborn,0.3409275648695138,0.932574439505853
79263,0.685,1.7294117647058824,2.0,0.40175396825396814,0.005596031746031743,200,85,137,793,528,8,10.2,748694,1322580,63,lead_stubborn,0.4714045721788255,0.7667985672256883
79301,0.525,1.8055555555555556,2.0,0.31776406926406925,0.0049766287878787886,200,72,105,794,528,8,14.6,748694,1322580,1,lead_stubborn,0.3857676334163057,0.2047082508361712
79499,0.37,1.7924528301886793,2.0,0.1871583694083694,0.005003095238095239,200,53,74,795,528,8,20.9,748694,1322580,99,lead_stubborn,0.3227365905845993,0.0746241892293311
79603,0.575,2.041095890410959,2.0,0.3280497835497836,0.00473995161701044,200,73,115,797,528,8,42.7,748694,1322580,3,lead_stubborn,0.405342196225377,0.1209354681890304
8005,0.79,1.9107142857142858,2.0,0.5018869047619048,0.0055313095238095225,200,112,158,81,365,3,5.0,582801,3620340,5,lead_stubborn,0.4995762557070848,0.3625281920046287
79703,0.595,1.7951807228915662,2.0,0.3650512820512822,0.005059203296703297,200,83,119,798,528,8,61.0,748694,1322580,3,lead_stubborn,0.405342196225377,0.1209354681890304
8194,0.33,1.5789473684210527,2.015151515151515,0.15108903596403594,0.00478577616827617,200,38,66,82,365,3,7.1,582801,3620340,94,lead_stubborn,0.2857700497959219,0.1163714164083326
81018,0.475,2.210526315789474,2.126315789473684,0.19121436166173,0.008141186868686865,200,57,95,811,687,2,5.0,1029800,4329160,18,lead_stubborn,0.2312345941585266,0.3847746110331581
79944,0.475,1.75,2.0,0.24391050104865905,0.004429523714589505,200,64,95,800,528,8,125.0,748694,1322580,44,lead_stubborn,0.3297294244236074,0.1851245903607699
81995,0.595,1.486842105263158,2.0,0.33135714285714285,0.006127182539682534,200,76,119,820,687,2,125.0,1029800,4329160,95,lead_stubborn,0.3751229337419657,0.1974510188067169
82310,0.605,1.7078651685393258,2.0,0.39594913419913425,0.00544226551226551,200,89,121,824,994,4,14.6,707499,5760580,10,lead_stubborn,0.4737946714611262,0.5224738795684104
82067,0.455,1.9523809523809523,2.0,0.28067261904761903,0.005888912337662335,200,63,91,821,994,4,5.0,707499,5760580,67,lead_stubborn,0.3604525200861999,0.8954386061007626
82420,0.38,1.6964285714285714,2.0,0.18060317460317457,0.004660195331629155,200,56,76,825,994,4,20.9,707499,5760580,20,lead_stubborn,0.2461140406262255,0.1374999707243197
82823,0.43,1.9454545454545455,2.011627906976744,0.24644841269841272,0.004755446428571429,200,55,86,829,994,4,87.4,707499,5760580,23,lead_stubborn,0.3494898166749496,0.4302371480503864
83466,0.825,2.9833333333333334,2.0545454545454547,0.5035964469010521,0.00892865769034887,200,120,165,835,782,2,20.9,416203,7873062,66,lead_stubborn,0.4409284566649496,0.3941260031346912
83748,0.41,1.619047619047619,2.048780487804878,0.13176190476190477,0.006816190476190478,200,42,82,838,782,2,61.0,416203,7873062,48,lead_stubborn,0.2114807290736435,0.0244607249130057
83816,0.72,1.9545454545454546,2.048611111111111,0.3903928571428572,0.007313095238095235,200,88,144,839,782,2,87.4,416203,7873062,16,lead_stubborn,0.4208942434349683,0.0948525522924531
83073,0.445,15.68,2.269662921348315,0.31743071579727306,0.006979321005304752,200,125,89,831,782,2,5.0,416203,7873062,73,lead_stubborn,0.2631399047202775,0.494072025933513
8397,0.685,1.7419354838709677,2.0,0.4183333333333335,0.00569988095238095,200,93,137,84,365,3,14.6,582801,3620340,97,lead_stubborn,0.4855618445578609,0.1689982716058866
84146,0.58,1.8987341772151898,2.0,0.3645119047619048,0.0053789700577200564,200,79,116,842,948,6,7.1,1102116,3964761,46,lead_stubborn,0.4184444837622084,0.6687474950133617
84540,0.37,1.826086956521739,2.0,0.17475772348566465,0.00409730431333372,200,46,74,846,948,6,29.9,1102116,3964761,40,lead_stubborn,0.2501126952506121,0.6454895199876196
84384,0.66,1.8888888888888888,2.0,0.3574424603174603,0.004872422438672439,200,81,132,844,948,6,14.6,1102116,3964761,84,lead_stubborn,0.4277086989642705,0.7484720574557526
84439,0.69,1.925531914893617,2.0072463768115942,0.4199007936507937,0.005376488095238095,200,94,138,845,948,6,20.9,1102116,3964761,39,lead_stubborn,0.4790241755215713,0.6177321915239017
8514,0.58,1.6625,2.0,0.35593055555555553,0.005826607142857141,200,80,116,86,365,3,29.9,582801,3620340,14,lead_stubborn,0.4312459512484686,0.5424263205795637
84899,0.43,1.8852459016393444,2.0,0.24738492063492068,0.004781572871572871,200,61,86,849,948,6,87.4,1102116,3964761,99,lead_stubborn,0.3227365905845993,0.0746241892293311
84612,0.525,1.8076923076923077,2.0,0.3535376984126984,0.005306051587301587,200,78,105,847,948,6,42.7,1102116,3964761,12,lead_stubborn,0.3985108847427614,0.9637929216712549
85086,0.595,1.9382716049382716,2.0,0.35339087301587296,0.005369327200577203,200,81,119,851,945,7,5.0,829011,2599119,86,lead_stubborn,0.4461023732799478,0.2773058726188811
85184,0.665,1.8421052631578947,2.0,0.41036507936507943,0.0051048015873015875,200,95,133,852,945,7,7.1,829011,2599119,84,lead_stubborn,0.4277086989642705,0.7484720574557526
85532,0.635,1.9294117647058824,2.0,0.4051944444444444,0.00496577380952381,200,85,127,856,945,7,29.9,829011,2599119,32,lead_stubborn,0.4495856593533723,0.6338235473212548
85436,0.45,2.1296296296296298,2.0,0.24393308080808082,0.004782009379509381,200,54,90,855,945,7,20.9,829011,2599119,36,lead_stubborn,0.3461077870164497,0.600169191961039
85318,0.32,1.8974358974358974,2.0,0.1273333194583194,0.003848803231082642,200,39,64,854,945,7,14.6,829011,2599119,18,lead_stubborn,0.2312345941585266,0.3847746110331581
86054,0.47,1.8448275862068966,2.0106382978723403,0.2547162698412699,0.005014639154704946,200,58,94,861,120,3,5.0,918714,2820493,54,lead_stubborn,0.3585232711576509,0.4092237628104323
86123,0.475,1.7894736842105263,2.0105263157894737,0.24581349206349207,0.004953097041847041,200,57,95,862,120,3,7.1,918714,2820493,23,lead_stubborn,0.3494898166749496,0.4302371480503864
86373,0.395,1.7446808510638299,2.0,0.15904437229437232,0.004390738309892722,200,47,79,864,120,3,14.6,918714,2820493,73,lead_stubborn,0.2631399047202775,0.494072025933513
86410,0.64,1.8470588235294119,2.0078125,0.37943488455988456,0.005282559523809523,200,85,128,865,120,3,20.9,918714,2820493,10,lead_stubborn,0.4737946714611262,0.5224738795684104
86625,0.605,1.7532467532467533,2.0,0.3541332972582973,0.005059606782106786,200,77,121,867,120,3,42.7,918714,2820493,25,lead_stubborn,0.454095890072901,0.6742162468199493
85733,0.38,1.82,2.013157894736842,0.174968045112782,0.0041424468891961145,200,50,76,858,945,7,61.0,829011,2599119,33,lead_stubborn,0.2594311744995365,0.5379384620687854
88058,0.425,1.8103448275862069,2.0,0.2679803391053391,0.006093243561993557,200,58,85,881,301,8,5.0,124793,3805108,58,lead_stubborn,0.3409275648695138,0.932574439505853
88493,0.315,1.8125,2.0,0.19176785714285713,0.005029117063492062,200,48,63,885,301,8,20.9,124793,3805108,93,lead_stubborn,0.2779592827386458,0.3345825728904498
87290,0.39,1.981818181818182,2.0,0.20392597680097682,0.005107201132201129,200,55,78,873,574,8,10.2,109802,874266,90,lead_stubborn,0.3196298037016608,0.990883980492858
85889,0.275,1.65,2.0,0.12374596237096236,0.003800688516849506,200,40,55,859,945,7,87.4,829011,2599119,89,lead_stubborn,0.2129379249701362,0.6944582199785999
88518,0.33,1.7608695652173914,2.0,0.14987866300366295,0.004385252178377178,200,46,66,886,301,8,29.9,124793,3805108,18,lead_stubborn,0.2312345941585266,0.3847746110331581
88605,0.63,1.9782608695652173,2.0,0.41456746031746045,0.005833095238095236,200,92,126,887,301,8,42.7,124793,3805108,5,lead_stubborn,0.4995762557070848,0.3625281920046287
8871,0.43,1.9491525423728813,2.0,0.228813492063492,0.0046047804972804965,200,59,86,89,365,3,87.4,582801,3620340,71,lead_stubborn,0.3239323376009491,0.868936778850477
88720,0.31,1.7916666666666667,2.0,0.16840710678210677,0.004315680540864364,200,48,62,888,301,8,61.0,124793,3805108,20,lead_stubborn,0.2461140406262255,0.1374999707243197
88857,0.3,1.6571428571428573,2.0,0.13920023903112136,0.0039312077247371366,200,35,60,889,301,8,87.4,124793,3805108,57,lead_stubborn,0.2281547978409189,0.2464978385902064
88967,0.48,1.8928571428571428,2.0,0.2630360750360751,0.004984861111111112,200,56,96,890,301,8,125.0,124793,3805108,67,lead_stubborn,0.3604525200861999,0.8954386061007626
89060,0.375,1.6304347826086956,2.0,0.16825649350649344,0.005301969696969693,200,46,75,891,396,7,5.0,222489,4978659,60,lead_stubborn,0.2892063661005389,0.2123889347471068
89171,0.46,1.7638888888888888,2.0,0.268345238095238,0.005345334249084248,200,72,92,892,396,7,7.1,222489,4978659,71,lead_stubborn,0.3239323376009491,0.868936778850477
90145,0.39,1.8181818181818181,2.0128205128205128,0.21853708791208792,0.004717002025752025,200,55,78,902,144,5,7.1,736515,7713830,45,lead_stubborn,0.2747520561924723,0.7307587255425585
89257,0.24,1.6666666666666667,2.0,0.12041468253968254,0.004605098923694123,200,36,48,893,396,7,10.2,222489,4978659,57,lead_stubborn,0.2281547978409189,0.2464978385902064
90236,0.445,1.6603773584905661,2.0,0.23898809523809522,0.004795311355311355,200,53,89,903,144,5,10.2,736515,7713830,36,lead_stubborn,0.3461077870164497,0.600169191961039
90377,0.405,1.719298245614035,2.0,0.2068185286935287,0.004221158078033077,200,57,81,904,144,5,14.6,736515,7713830,77,lead_stubborn,0.2375482709814891,0.0892183280233827
89990,0.45,1.8088235294117647,2.011111111111111,0.2541836080586081,0.004702723526473528,200,68,90,900,396,7,125.0,222489,4978659,90,lead_stubborn,0.3196298037016608,0.990883980492858
90485,0.53,1.9722222222222223,2.0,0.3197771534021534,0.004858897213897213,200,72,106,905,144,5,20.9,736515,7713830,85,lead_stubborn,0.4024582743628092,0.7244830604083918
90720,0.355,1.5490196078431373,2.0140845070422535,0.15624051853943158,0.0038043464824014006,200,51,71,908,144,5,61.0,736515,7713830,20,lead_stubborn,0.2461140406262255,0.1374999707243197
90862,0.47,1.6857142857142857,2.021276595744681,0.2886388888888889,0.005119781746031745,200,70,94,909,144,5,87.4,736515,7713830,62,lead_stubborn,0.3350709844137344,0.6247506884808997
90621,0.285,1.5151515151515151,2.0,0.10020398555692672,0.003523745566524979,200,33,57,907,144,5,42.7,736515,7713830,21,lead_stubborn,0.2397567210258474,0.5887702959721403
92432,0.615,2.034090909090909,2.0,0.3829642857142857,0.005429285714285712,200,88,123,925,162,6,20.9,653866,7977897,32,lead_stubborn,0.4495856593533723,0.6338235473212548
92209,0.25,1.641025641025641,2.0,0.13804401154401158,0.004814429875679874,200,39,50,923,162,6,10.2,653866,7977897,9,lead_stubborn,0.2331676534838964,0.9471927912224244
92351,0.305,1.5319148936170213,2.0,0.14112058774558775,0.004033303244957655,200,47,61,924,162,6,14.6,653866,7977897,51,lead_stubborn,0.2182850515748211,0.1730815279492411
92710,0.63,1.8241758241758241,2.0,0.3969325396825398,0.0053613690476190445,200,91,126,928,162,6,61.0,653866,7977897,10,lead_stubborn,0.4737946714611262,0.5224738795684104
92896,0.57,1.6901408450704225,2.0,0.32345238095238094,0.005485036630036629,200,71,114,929,162,6,87.4,653866,7977897,96,lead_stubborn,0.4626922801013836,0.4528896718855326
92943,0.46,2.019607843137255,2.0,0.22544696969696965,0.004683221500721499,200,51,92,930,162,6,125.0,653866,7977897,43,lead_stubborn,0.3733963553970497,0.8234180661786772
91158,0.42,1.9516129032258065,2.0,0.26724999999999993,0.00885458333333333,200,62,84,912,662,4,7.1,103542,6259861,58,lead_stubborn,0.3409275648695138,0.932574439505853
93274,0.645,2.0843373493975905,2.0,0.3844404761904762,0.005059107142857142,200,83,129,933,153,8,10.2,541337,1076629,74,lead_stubborn,0.4831039344913304,0.9827660363748432
93373,0.31,1.9411764705882353,2.0,0.12942005217005215,0.00392110807901249,200,34,62,934,153,8,14.6,541337,1076629,73,lead_stubborn,0.2631399047202775,0.494072025933513
93102,0.405,1.6666666666666667,2.0123456790123457,0.20115402652902653,0.00437875541125541,200,54,81,932,153,8,7.1,541337,1076629,2,lead_stubborn,0.2959114945914544,0.9228509849216918
93872,0.395,1.8333333333333333,2.0,0.21417694805194806,0.004351372655122654,200,54,79,939,153,8,87.4,541337,1076629,72,lead_stubborn,0.3156406422303758,0.3774553900605352
94321,0.285,1.5384615384615385,2.0,0.13356456043956041,0.004307533577533578,200,39,57,944,440,4,14.6,966243,3484389,21,lead_stubborn,0.2397567210258474,0.5887702959721403
94430,0.255,1.75,2.019607843137255,0.12678089965589964,0.004170530303030302,200,40,51,945,440,4,20.9,966243,3484389,30,lead_stubborn,0.2039812783100412,0.857228363045134
94808,0.53,1.6486486486486487,2.0,0.3231785714285715,0.005561250555000551,200,74,106,949,440,4,87.4,966243,3484389,8,lead_stubborn,0.3927810904963459,0.8167673407001561
94965,0.455,1.6964285714285714,2.0,0.22758387445887446,0.004721068931068927,200,56,91,950,440,4,125.0,966243,3484389,65,lead_stubborn,0.3439678088500045,0.0675229338756022
95437,0.675,1.77,2.0,0.44142857142857145,0.005372936507936505,200,100,135,955,155,7,20.9,878853,2674948,37,lead_stubborn,0.469568977189866,0.9743873423433428
95884,0.575,1.9761904761904763,2.0,0.36389285714285713,0.004986245698745699,200,84,115,959,155,7,87.4,878853,2674948,84,lead_stubborn,0.4277086989642705,0.7484720574557526
97193,0.32,1.7272727272727273,2.0,0.17721482683982678,0.0045626947102605005,200,44,64,972,530,8,7.1,1098735,4618356,93,lead_stubborn,0.2779592827386458,0.3345825728904498
97913,0.295,1.8181818181818181,2.0,0.14937130647130645,0.003975239419893829,200,44,59,980,530,8,125.0,1098735,4618356,13,lead_stubborn,0.2238256630629619,0.7912632295125752
97810,0.645,1.8043478260869565,2.0,0.4238333333333334,0.0054689105339105325,200,92,129,979,530,8,87.4,1098735,4618356,10,lead_stubborn,0.4737946714611262,0.5224738795684104
9735,0.555,1.8873239436619718,2.0,0.3306031746031746,0.004880396825396824,200,71,111,98,963,5,61.0,650552,1655147,35,lead_stubborn,0.444752781116749,0.3583252290098091
98058,0.475,1.8644067796610169,2.0,0.25028373015873007,0.005925119047619045,200,59,95,981,990,3,5.0,625697,7489363,58,lead_stubborn,0.3409275648695138,0.932574439505853
98203,0.555,1.9701492537313432,2.009009009009009,0.30259541847041854,0.0057093470418470415,200,67,111,983,990,3,10.2,625697,7489363,3,lead_stubborn,0.405342196225377,0.1209354681890304
98496,0.595,1.5853658536585367,2.0168067226890756,0.3512380952380953,0.005952103174603169,200,82,119,985,990,3,20.9,625697,7489363,96,lead_stubborn,0.4626922801013836,0.4528896718855326
99387,0.39,1.7241379310344827,2.0,0.21926190476190474,0.004758267704517704,200,58,78,994,111,7,14.6,901370,2165039,87,lead_stubborn,0.3108669576156866,0.5798034448113424
99439,0.61,1.6962025316455696,2.0,0.36830952380952375,0.00559013888888889,200,79,122,995,111,7,20.9,901370,2165039,39,lead_stubborn,0.4790241755215713,0.6177321915239017
98821,0.33,1.5952380952380953,2.0,0.13655510461760456,0.0037822617660117643,200,42,66,989,990,3,87.4,625697,7489363,21,lead_stubborn,0.2397567210258474,0.5887702959721403
9913,0.3,1.8285714285714285,2.0,0.1380608691417515,0.0038835430487268695,200,35,60,100,963,5,125.0,650552,1655147,13,lead_stubborn,0.2238256630629619,0.7912632295125752
