strategy,row_index,config_id,validator_count,node_degree,bandwidth,attacker_hash_power,note
selfish,109711,109712,170,3,61.0,0.3985108847427614,vcD2/deg3/bw61.0/hpQ4
selfish,13575,13576,582,3,29.9,0.3027820674966874,vcD6/deg3/bw29.9/hpQ2
selfish,108199,108200,776,4,7.1,0.4158727914731683,vcD8/deg4/bw7.1/hpQ4
selfish,115316,115317,669,2,14.6,0.4372556438030128,vcD7/deg2/bw14.6/hpQ4
selfish,105009,105010,423,3,5.0,0.4737946714611262,vcD5/deg3/bw5.0/hpQ5
selfish,55997,55998,475,7,125.0,0.21729239263723,vcD5/deg7/bw125.0/hpQ1
selfish,211451,211452,664,5,20.9,0.3898718220747056,vcD7/deg5/bw20.9/hpQ4
selfish,8513,8514,365,3,29.9,0.4312459512484686,vcD4/deg3/bw29.9/hpQ4
selfish,219435,219436,496,3,20.9,0.3461077870164497,vcD5/deg3/bw20.9/hpQ3
selfish,172764,172765,54,7,61.0,0.3439678088500045,vcD1/deg7/bw61.0/hpQ3
selfish,617,618,195,2,42.7,0.2312345941585266,vcD2/deg2/bw42.7/hpQ1
selfish,102821,102822,741,5,87.4,0.24260325729568,vcD8/deg5/bw87.4/hpQ1
selfish,110260,110261,199,6,10.2,0.3070497535774244,vcD2/deg6/bw10.2/hpQ2
selfish,59228,59229,203,3,10.2,0.2901917465581629,vcD2/deg3/bw10.2/hpQ2
selfish,127439,127440,434,6,20.9,0.2501126952506121,vcD5/deg6/bw20.9/hpQ1
selfish,22422,22423,808,7,20.9,0.3494898166749496,vcD9/deg7/bw20.9/hpQ3
selfish,216424,216425,825,5,20.9,0.454095890072901,vcD9/deg5/bw20.9/hpQ5
selfish,120935,120936,86,2,125.0,0.3461077870164497,vcD1/deg2/bw125.0/hpQ3
selfish,71510,71511,353,7,29.9,0.3777435584279705,vcD4/deg7/bw29.9/hpQ3
selfish,132134,132135,206,4,7.1,0.444752781116749,vcD2/deg4/bw7.1/hpQ5
selfish,124867,124868,544,6,87.4,0.3706046305857265,vcD6/deg6/bw87.4/hpQ3
selfish,229465,229466,24,3,20.9,0.4409284566649496,vcD1/deg3/bw20.9/hpQ5
selfish,197235,197236,482,5,10.2,0.3461077870164497,vcD5/deg5/bw10.2/hpQ3
selfish,53037,53038,245,5,5.0,0.3509947337216052,vcD3/deg5/bw5.0/hpQ3
selfish,188990,188991,517,2,125.0,0.3969614753991711,vcD6/deg2/bw125.0/hpQ4
selfish,58221,58222,555,2,10.2,0.24260325729568,vcD6/deg2/bw10.2/hpQ1
selfish,16165,16166,208,7,7.1,0.4409284566649496,vcD2/deg7/bw7.1/hpQ5
selfish,243528,243529,485,6,29.9,0.2901917465581629,vcD5/deg6/bw29.9/hpQ2
selfish,133217,133218,851,6,10.2,0.2312345941585266,vcD9/deg6/bw10.2/hpQ1
selfish,19946,19947,136,4,125.0,0.4071129309119736,vcD2/deg4/bw125.0/hpQ4
selfish,2434,2435,953,6,20.9,0.444752781116749,vcD10/deg6/bw20.9/hpQ5
selfish,64160,64161,587,3,7.1,0.3070497535774244,vcD6/deg3/bw7.1/hpQ2
selfish,247578,247579,445,4,29.9,0.3642632456563252,vcD5/deg4/bw29.9/hpQ3
selfish,92350,92351,162,6,14.6,0.2182850515748211,vcD2/deg6/bw14.6/hpQ1
selfish,203153,203154,601,6,7.1,0.3585232711576509,vcD6/deg6/bw7.1/hpQ3
selfish,61302,61303,539,4,14.6,0.405342196225377,vcD6/deg4/bw14.6/hpQ4
selfish,132680,132681,206,4,42.7,0.2269416996374781,vcD2/deg4/bw42.7/hpQ1
selfish,246599,246600,281,4,29.9,0.4158727914731683,vcD3/deg4/bw29.9/hpQ4
selfish,104319,104320,900,6,14.6,0.2461140406262255,vcD9/deg6/bw14.6/hpQ1
selfish,45546,45547,892,5,29.9,0.4071129309119736,vcD9/deg5/bw29.9/hpQ4
selfish,240632,240633,771,5,42.7,0.2594311744995365,vcD8/deg5/bw42.7/hpQ1
selfish,119512,119513,766,7,29.9,0.2238256630629619,vcD8/deg7/bw29.9/hpQ1
selfish,140340,140341,821,5,14.6,0.3883150820571905,vcD9/deg5/bw14.6/hpQ4
selfish,69273,69274,463,4,10.2,0.4831039344913304,vcD5/deg4/bw10.2/hpQ5
selfish,65509,65510,488,5,29.9,0.4737946714611262,vcD5/deg5/bw29.9/hpQ5
selfish,225620,225621,965,5,42.7,0.2397567210258474,vcD10/deg5/bw42.7/hpQ1
selfish,222145,222146,558,7,7.1,0.4184444837622084,vcD6/deg7/bw7.1/hpQ4
selfish,170465,170466,780,3,20.9,0.4409284566649496,vcD8/deg3/bw20.9/hpQ5
selfish,66240,66241,424,7,10.2,0.3883150820571905,vcD5/deg7/bw10.2/hpQ4
selfish,5091,5092,29,8,5.0,0.3544902343139808,vcD1/deg8/bw5.0/hpQ3
selfish,71696,71697,353,7,42.7,0.4855618445578609,vcD4/deg7/bw42.7/hpQ5
selfish,56300,56301,323,8,14.6,0.3857676334163057,vcD4/deg8/bw14.6/hpQ4
selfish,138653,138654,472,7,42.7,0.3585232711576509,vcD5/deg7/bw42.7/hpQ3
selfish,119379,119380,766,7,14.6,0.2816906079992455,vcD8/deg7/bw14.6/hpQ2
selfish,117359,117360,267,3,14.6,0.2892063661005389,vcD3/deg3/bw14.6/hpQ2
selfish,35612,35613,455,7,42.7,0.2238256630629619,vcD5/deg7/bw42.7/hpQ1
selfish,236629,236630,861,5,42.7,0.2039812783100412,vcD9/deg5/bw42.7/hpQ1
selfish,208909,208910,512,4,125.0,0.4737946714611262,vcD6/deg4/bw125.0/hpQ5
selfish,10110,10111,104,4,7.1,0.3777435584279705,vcD1/deg4/bw7.1/hpQ3
selfish,75489,75490,755,6,20.9,0.3196298037016608,vcD8/deg6/bw20.9/hpQ2
selfish,243158,243159,485,6,7.1,0.2977847312437251,vcD5/deg6/bw7.1/hpQ2
selfish,103702,103703,429,4,61.0,0.405342196225377,vcD5/deg4/bw61.0/hpQ4
selfish,52477,52478,404,8,20.9,0.3815618301396259,vcD4/deg8/bw20.9/hpQ4
selfish,103092,103093,429,4,5.0,0.2779592827386458,vcD5/deg4/bw5.0/hpQ2
selfish,55402,55403,475,7,20.9,0.405342196225377,vcD5/deg7/bw20.9/hpQ4
selfish,40217,40218,50,3,10.2,0.2312345941585266,vcD1/deg3/bw10.2/hpQ1
selfish,134328,134329,923,7,14.6,0.2901917465581629,vcD10/deg7/bw14.6/hpQ2
selfish,79051,79052,528,8,5.0,0.3898718220747056,vcD6/deg8/bw5.0/hpQ4
selfish,234976,234977,138,8,125.0,0.2375482709814891,vcD2/deg8/bw125.0/hpQ1
selfish,248667,248668,306,6,42.7,0.3706046305857265,vcD3/deg6/bw42.7/hpQ3
selfish,216614,216615,825,5,42.7,0.28091147618982,vcD9/deg5/bw42.7/hpQ2
selfish,65907,65908,488,5,125.0,0.3927810904963459,vcD5/deg5/bw125.0/hpQ4
selfish,135759,135760,242,7,61.0,0.2892063661005389,vcD3/deg7/bw61.0/hpQ2
selfish,160773,160774,685,4,61.0,0.4831039344913304,vcD7/deg4/bw61.0/hpQ5
selfish,240308,240309,771,5,14.6,0.2331676534838964,vcD8/deg5/bw14.6/hpQ1
selfish,106393,106394,869,3,14.6,0.2857700497959219,vcD9/deg3/bw14.6/hpQ2
selfish,75612,75613,755,6,42.7,0.2238256630629619,vcD8/deg6/bw42.7/hpQ1
selfish,205460,205461,436,8,20.9,0.3070497535774244,vcD5/deg8/bw20.9/hpQ2
selfish,26148,26149,469,5,7.1,0.3008118292997498,vcD5/deg5/bw7.1/hpQ2
selfish,58810,58811,555,2,87.4,0.3777435584279705,vcD6/deg2/bw87.4/hpQ3
selfish,153381,153382,518,7,14.6,0.3128186843462212,vcD6/deg7/bw14.6/hpQ2
selfish,226708,226709,257,3,61.0,0.2331676534838964,vcD3/deg3/bw61.0/hpQ1
selfish,105327,105328,423,3,14.6,0.4304538627565802,vcD5/deg3/bw14.6/hpQ4
selfish,155139,155140,985,8,7.1,0.2501126952506121,vcD10/deg8/bw7.1/hpQ1
selfish,3961,3962,842,2,125.0,0.3350709844137344,vcD9/deg2/bw125.0/hpQ3
selfish,77442,77443,285,7,20.9,0.3733963553970497,vcD3/deg7/bw20.9/hpQ3
selfish,59943,59944,203,3,125.0,0.3297294244236074,vcD2/deg3/bw125.0/hpQ3
selfish,21512,21513,213,6,29.9,0.2238256630629619,vcD2/deg6/bw29.9/hpQ1
selfish,85435,85436,945,7,20.9,0.3461077870164497,vcD10/deg7/bw20.9/hpQ3
selfish,131227,131228,935,6,10.2,0.4304538627565802,vcD10/deg6/bw10.2/hpQ4
selfish,113701,113702,236,3,61.0,0.2959114945914544,vcD3/deg3/bw61.0/hpQ2
selfish,92208,92209,162,6,10.2,0.2331676534838964,vcD2/deg6/bw10.2/hpQ1
selfish,200058,200059,697,7,5.0,0.2977847312437251,vcD7/deg7/bw5.0/hpQ2
selfish,246335,246336,281,4,14.6,0.3461077870164497,vcD3/deg4/bw14.6/hpQ3
selfish,29742,29743,931,7,61.0,0.3733963553970497,vcD10/deg7/bw61.0/hpQ3
selfish,5733,5734,29,8,61.0,0.4113840234518945,vcD1/deg8/bw61.0/hpQ4
selfish,104081,104082,900,6,5.0,0.3128186843462212,vcD9/deg6/bw5.0/hpQ2
selfish,167,168,195,2,7.1,0.3706046305857265,vcD2/deg2/bw7.1/hpQ3
selfish,130888,130889,979,6,87.4,0.2129379249701362,vcD10/deg6/bw87.4/hpQ1
selfish,58760,58761,555,2,61.0,0.3070497535774244,vcD6/deg2/bw61.0/hpQ2
selfish,52001,52002,404,8,5.0,0.2959114945914544,vcD4/deg8/bw5.0/hpQ2
selfish,54761,54762,749,5,61.0,0.3350709844137344,vcD8/deg5/bw61.0/hpQ3
selfish,176398,176399,231,5,14.6,0.3227365905845993,vcD3/deg5/bw14.6/hpQ3
selfish,142592,142593,883,5,29.9,0.2779592827386458,vcD9/deg5/bw29.9/hpQ2
selfish,140765,140766,821,5,61.0,0.4409284566649496,vcD9/deg5/bw61.0/hpQ5
selfish,137946,137947,158,5,125.0,0.4071129309119736,vcD2/deg5/bw125.0/hpQ4
selfish,243459,243460,485,6,20.9,0.2892063661005389,vcD5/deg6/bw20.9/hpQ2
selfish,31208,31209,704,3,10.2,0.2331676534838964,vcD7/deg3/bw10.2/hpQ1
selfish,238981,238982,629,6,125.0,0.3128186843462212,vcD7/deg6/bw125.0/hpQ2
selfish,40865,40866,50,3,87.4,0.4409284566649496,vcD1/deg3/bw87.4/hpQ5
selfish,234514,234515,138,8,29.9,0.28091147618982,vcD2/deg8/bw29.9/hpQ2
selfish,115178,115179,669,2,7.1,0.3642632456563252,vcD7/deg2/bw7.1/hpQ3
selfish,89170,89171,396,7,7.1,0.3239323376009491,vcD4/deg7/bw7.1/hpQ3
selfish,190578,190579,187,2,29.9,0.3642632456563252,vcD2/deg2/bw29.9/hpQ3
selfish,167611,167612,75,4,42.7,0.3985108847427614,vcD1/deg4/bw42.7/hpQ4
selfish,45870,45871,892,5,87.4,0.3239323376009491,vcD9/deg5/bw87.4/hpQ3
selfish,243834,243835,485,6,87.4,0.444752781116749,vcD5/deg6/bw87.4/hpQ5
selfish,211704,211705,664,5,61.0,0.4995762557070848,vcD7/deg5/bw61.0/hpQ5
selfish,5252,5253,29,8,10.2,0.366882515038515,vcD1/deg8/bw10.2/hpQ3
selfish,56771,56772,323,8,61.0,0.3156406422303758,vcD4/deg8/bw61.0/hpQ2
selfish,85317,85318,945,7,14.6,0.2312345941585266,vcD10/deg7/bw14.6/hpQ1
selfish,175942,175943,970,6,125.0,0.3733963553970497,vcD10/deg6/bw125.0/hpQ3
selfish,213756,213757,81,6,61.0,0.2281547978409189,vcD1/deg6/bw61.0/hpQ1
selfish,242484,242485,387,4,20.9,0.4024582743628092,vcD4/deg4/bw20.9/hpQ4
selfish,6253,6254,645,7,10.2,0.3585232711576509,vcD7/deg7/bw10.2/hpQ3
selfish,50232,50233,636,4,10.2,0.2594311744995365,vcD7/deg4/bw10.2/hpQ1
selfish,220977,220978,785,3,125.0,0.3815618301396259,vcD8/deg3/bw125.0/hpQ4
selfish,113983,113984,236,3,125.0,0.4277086989642705,vcD3/deg3/bw125.0/hpQ4
selfish,162635,162636,168,7,42.7,0.3461077870164497,vcD2/deg7/bw42.7/hpQ3
selfish,206115,206116,790,7,7.1,0.4208942434349683,vcD8/deg7/bw7.1/hpQ4
selfish,48100,48101,41,7,7.1,0.3857676334163057,vcD1/deg7/bw7.1/hpQ4
selfish,45134,45135,892,5,7.1,0.444752781116749,vcD9/deg5/bw7.1/hpQ5
selfish,25721,25722,133,3,61.0,0.24260325729568,vcD2/deg3/bw61.0/hpQ1
selfish,94429,94430,440,4,20.9,0.2039812783100412,vcD5/deg4/bw20.9/hpQ1
selfish,47275,47276,277,5,10.2,0.3027820674966874,vcD3/deg5/bw10.2/hpQ2
selfish,201074,201075,418,6,5.0,0.2525545317138812,vcD5/deg6/bw5.0/hpQ1
selfish,34233,34234,816,3,10.2,0.4113840234518945,vcD9/deg3/bw10.2/hpQ4
selfish,1407,1408,57,6,20.9,0.3927810904963459,vcD1/deg6/bw20.9/hpQ4
selfish,89059,89060,396,7,5.0,0.2892063661005389,vcD4/deg7/bw5.0/hpQ2
selfish,13865,13866,582,3,87.4,0.4409284566649496,vcD6/deg3/bw87.4/hpQ5
selfish,215555,215556,332,6,29.9,0.4768512858671266,vcD4/deg6/bw29.9/hpQ5
selfish,198635,198636,682,2,42.7,0.3461077870164497,vcD7/deg2/bw42.7/hpQ3
selfish,31625,31626,704,3,42.7,0.2702561230694959,vcD7/deg3/bw42.7/hpQ2
selfish,157439,157440,920,3,20.9,0.2501126952506121,vcD10/deg3/bw20.9/hpQ1
selfish,43334,43335,392,6,14.6,0.444752781116749,vcD4/deg6/bw14.6/hpQ5
selfish,58085,58086,555,2,5.0,0.4461023732799478,vcD6/deg2/bw5.0/hpQ5
selfish,23545,23546,800,5,29.9,0.4184444837622084,vcD8/deg5/bw29.9/hpQ4
selfish,44547,44548,225,6,29.9,0.2114807290736435,vcD3/deg6/bw29.9/hpQ1
selfish,7680,7681,564,3,42.7,0.2269416996374781,vcD6/deg3/bw42.7/hpQ1
selfish,147004,147005,846,5,5.0,0.4995762557070848,vcD9/deg5/bw5.0/hpQ5
selfish,204227,204228,632,3,10.2,0.4304538627565802,vcD7/deg3/bw10.2/hpQ4
selfish,195418,195419,580,6,20.9,0.4954733651280948,vcD6/deg6/bw20.9/hpQ5
selfish,7444,7445,564,3,20.9,0.2747520561924723,vcD6/deg3/bw20.9/hpQ2
selfish,90620,90621,144,5,42.7,0.2397567210258474,vcD2/deg5/bw42.7/hpQ1
selfish,136280,136281,344,2,10.2,0.2269416996374781,vcD4/deg2/bw10.2/hpQ1
selfish,56999,57000,323,8,125.0,0.4158727914731683,vcD4/deg8/bw125.0/hpQ4
selfish,23948,23949,800,5,125.0,0.3008118292997498,vcD8/deg5/bw125.0/hpQ2
selfish,122748,122749,956,3,61.0,0.3008118292997498,vcD10/deg3/bw61.0/hpQ2
selfish,170892,170893,780,3,87.4,0.2779592827386458,vcD8/deg3/bw87.4/hpQ2
selfish,145241,145242,315,7,10.2,0.2544637386172081,vcD4/deg7/bw10.2/hpQ1
selfish,195653,195654,580,6,42.7,0.3585232711576509,vcD6/deg6/bw42.7/hpQ3
selfish,108043,108044,776,4,5.0,0.3297294244236074,vcD8/deg4/bw5.0/hpQ3
selfish,88492,88493,301,8,20.9,0.2779592827386458,vcD3/deg8/bw20.9/hpQ2
selfish,76155,76156,381,6,7.1,0.4768512858671266,vcD4/deg6/bw7.1/hpQ5
selfish,50504,50505,636,4,29.9,0.4995762557070848,vcD7/deg4/bw29.9/hpQ5
selfish,67983,67984,655,4,125.0,0.4277086989642705,vcD7/deg4/bw125.0/hpQ4
selfish,71330,71331,353,7,14.6,0.2689147210983604,vcD4/deg7/bw14.6/hpQ2
selfish,43879,43880,392,6,87.4,0.2816906079992455,vcD4/deg6/bw87.4/hpQ2
selfish,29188,29189,931,7,7.1,0.2129379249701362,vcD10/deg7/bw7.1/hpQ1
selfish,18755,18756,871,3,61.0,0.4768512858671266,vcD9/deg3/bw61.0/hpQ5
selfish,221723,221724,310,5,61.0,0.4574864654719545,vcD3/deg5/bw61.0/hpQ5
selfish,112213,112214,297,4,10.2,0.4312459512484686,vcD3/deg4/bw10.2/hpQ4
selfish,57786,57787,183,4,61.0,0.3108669576156866,vcD2/deg4/bw61.0/hpQ2
selfish,108339,108340,776,4,14.6,0.2501126952506121,vcD8/deg4/bw14.6/hpQ1
selfish,19303,19304,136,4,14.6,0.2627648343443758,vcD2/deg4/bw14.6/hpQ2
selfish,44878,44879,225,6,87.4,0.3642632456563252,vcD3/deg6/bw87.4/hpQ3
selfish,18615,18616,871,3,42.7,0.4208942434349683,vcD9/deg3/bw42.7/hpQ4
selfish,150379,150380,372,4,14.6,0.2816906079992455,vcD4/deg4/bw14.6/hpQ2
selfish,235808,235809,812,2,87.4,0.2331676534838964,vcD9/deg2/bw87.4/hpQ1
selfish,74543,74544,351,4,29.9,0.3297294244236074,vcD4/deg4/bw29.9/hpQ3
selfish,221252,221253,310,5,10.2,0.366882515038515,vcD3/deg5/bw10.2/hpQ3
selfish,158162,158163,875,3,7.1,0.4714045721788255,vcD9/deg3/bw7.1/hpQ5
selfish,90144,90145,144,5,7.1,0.2747520561924723,vcD2/deg5/bw7.1/hpQ2
selfish,18218,18219,871,3,10.2,0.4954733651280948,vcD9/deg3/bw10.2/hpQ5
selfish,144255,144256,723,2,10.2,0.4768512858671266,vcD8/deg2/bw10.2/hpQ5
selfish,199482,199483,358,3,20.9,0.2028601193675408,vcD4/deg3/bw20.9/hpQ1
selfish,26866,26867,469,5,87.4,0.3604525200861999,vcD5/deg5/bw87.4/hpQ3
selfish,206953,206954,790,7,125.0,0.3585232711576509,vcD8/deg7/bw125.0/hpQ3
selfish,13110,13111,582,3,7.1,0.3777435584279705,vcD6/deg3/bw7.1/hpQ3
selfish,242689,242690,387,4,42.7,0.3196298037016608,vcD4/deg4/bw42.7/hpQ2
selfish,61593,61594,539,4,29.9,0.2857700497959219,vcD6/deg4/bw29.9/hpQ2
selfish,145394,145395,315,7,14.6,0.3751229337419657,vcD4/deg7/bw14.6/hpQ3
selfish,237040,237041,523,3,5.0,0.3883150820571905,vcD6/deg3/bw5.0/hpQ4
selfish,92709,92710,162,6,61.0,0.4737946714611262,vcD2/deg6/bw61.0/hpQ5
selfish,177649,177650,147,5,42.7,0.3349244931377773,vcD2/deg5/bw42.7/hpQ3
selfish,73828,73829,898,7,87.4,0.2901917465581629,vcD9/deg7/bw87.4/hpQ2
selfish,141878,141879,110,4,87.4,0.3642632456563252,vcD1/deg4/bw87.4/hpQ3
selfish,84438,84439,948,6,20.9,0.4790241755215713,vcD10/deg6/bw20.9/hpQ5
selfish,69783,69784,463,4,61.0,0.4277086989642705,vcD5/deg4/bw61.0/hpQ4
selfish,141467,141468,110,4,20.9,0.3706046305857265,vcD1/deg4/bw20.9/hpQ3
selfish,219730,219731,496,3,61.0,0.2689147210983604,vcD5/deg3/bw61.0/hpQ2
selfish,245141,245142,288,8,7.1,0.2544637386172081,vcD3/deg8/bw7.1/hpQ1
selfish,32961,32962,726,7,125.0,0.3350709844137344,vcD8/deg7/bw125.0/hpQ3
selfish,97912,97913,530,8,125.0,0.2238256630629619,vcD6/deg8/bw125.0/hpQ1
selfish,46130,46131,677,6,7.1,0.2689147210983604,vcD7/deg6/bw7.1/hpQ2
selfish,45223,45224,892,5,10.2,0.4574864654719545,vcD9/deg5/bw10.2/hpQ5
selfish,120029,120030,86,2,5.0,0.2039812783100412,vcD1/deg2/bw5.0/hpQ1
selfish,79943,79944,528,8,125.0,0.3297294244236074,vcD6/deg8/bw125.0/hpQ3
selfish,172023,172024,54,7,5.0,0.4574864654719545,vcD1/deg7/bw5.0/hpQ5
selfish,107568,107569,914,7,29.9,0.2070972729458678,vcD10/deg7/bw29.9/hpQ1
selfish,143181,143182,658,3,7.1,0.3128186843462212,vcD7/deg3/bw7.1/hpQ2
selfish,185517,185518,411,7,29.9,0.2312345941585266,vcD4/deg7/bw29.9/hpQ1
selfish,6796,6797,645,7,61.0,0.4855618445578609,vcD7/deg7/bw61.0/hpQ5
selfish,206355,206356,790,7,14.6,0.4768512858671266,vcD8/deg7/bw14.6/hpQ5
selfish,34599,34600,816,3,29.9,0.4158727914731683,vcD9/deg3/bw29.9/hpQ4
selfish,142839,142840,883,5,87.4,0.2501126952506121,vcD9/deg5/bw87.4/hpQ1
selfish,151006,151007,346,7,5.0,0.4657787213448116,vcD4/deg7/bw5.0/hpQ5
selfish,44655,44656,225,6,42.7,0.4768512858671266,vcD3/deg6/bw42.7/hpQ5
selfish,77640,77641,285,7,42.7,0.3883150820571905,vcD3/deg7/bw42.7/hpQ4
selfish,169409,169410,310,3,20.9,0.4737946714611262,vcD3/deg3/bw20.9/hpQ5
selfish,132042,132043,206,4,5.0,0.3733963553970497,vcD2/deg4/bw5.0/hpQ3
selfish,218832,218833,37,7,87.4,0.2594311744995365,vcD1/deg7/bw87.4/hpQ1
selfish,231968,231969,101,4,125.0,0.2070972729458678,vcD1/deg4/bw125.0/hpQ1
selfish,24793,24794,957,2,61.0,0.2857700497959219,vcD10/deg2/bw61.0/hpQ2
selfish,241106,241107,605,5,7.1,0.4657787213448116,vcD6/deg5/bw7.1/hpQ5
selfish,75118,75119,755,6,7.1,0.4954733651280948,vcD8/deg6/bw7.1/hpQ5
selfish,185334,185335,411,7,14.6,0.444752781116749,vcD4/deg7/bw14.6/hpQ5
selfish,19810,19811,136,4,87.4,0.3777435584279705,vcD2/deg4/bw87.4/hpQ3
selfish,172930,172931,54,7,125.0,0.2689147210983604,vcD1/deg7/bw125.0/hpQ2
selfish,71173,71174,353,7,7.1,0.4831039344913304,vcD4/deg7/bw7.1/hpQ5
selfish,109460,109461,170,3,20.9,0.3070497535774244,vcD2/deg3/bw20.9/hpQ2
selfish,59341,59342,203,3,14.6,0.2544637386172081,vcD2/deg3/bw14.6/hpQ1
selfish,159648,159649,624,3,42.7,0.3008118292997498,vcD7/deg3/bw42.7/hpQ2
selfish,161579,161580,915,3,29.9,0.2816906079992455,vcD10/deg3/bw29.9/hpQ2
selfish,26769,26770,469,5,61.0,0.4344347691369841,vcD5/deg5/bw61.0/hpQ4
selfish,123672,123673,759,4,42.7,0.2631399047202775,vcD8/deg4/bw42.7/hpQ2
selfish,42150,42151,811,5,7.1,0.2182850515748211,vcD9/deg5/bw7.1/hpQ1
selfish,60884,60885,879,5,87.4,0.4024582743628092,vcD9/deg5/bw87.4/hpQ4
selfish,151452,151453,346,7,20.9,0.366882515038515,vcD4/deg7/bw20.9/hpQ3
selfish,58484,58485,555,2,20.9,0.4024582743628092,vcD6/deg2/bw20.9/hpQ4
selfish,171323,171324,254,3,14.6,0.4574864654719545,vcD3/deg3/bw14.6/hpQ5
selfish,39790,39791,219,5,61.0,0.3969614753991711,vcD3/deg5/bw61.0/hpQ4
selfish,94964,94965,440,4,125.0,0.3439678088500045,vcD5/deg4/bw125.0/hpQ3
selfish,226953,226954,257,3,125.0,0.3585232711576509,vcD3/deg3/bw125.0/hpQ3
selfish,167876,167877,75,4,87.4,0.2375482709814891,vcD1/deg4/bw87.4/hpQ1
selfish,168607,168608,548,5,42.7,0.3927810904963459,vcD6/deg5/bw42.7/hpQ4
selfish,3061,3062,842,2,5.0,0.3350709844137344,vcD9/deg2/bw5.0/hpQ3
selfish,61784,61785,539,4,61.0,0.4024582743628092,vcD6/deg4/bw61.0/hpQ4
selfish,43986,43987,392,6,125.0,0.3108669576156866,vcD4/deg6/bw125.0/hpQ2
selfish,144675,144676,723,2,42.7,0.3027820674966874,vcD8/deg2/bw42.7/hpQ2
selfish,62259,62260,742,4,10.2,0.2892063661005389,vcD8/deg4/bw10.2/hpQ2
selfish,171893,171894,254,3,87.4,0.2857700497959219,vcD3/deg3/bw87.4/hpQ2
selfish,88604,88605,301,8,42.7,0.4995762557070848,vcD3/deg8/bw42.7/hpQ5
selfish,86122,86123,120,3,7.1,0.3494898166749496,vcD2/deg3/bw7.1/hpQ3
selfish,134973,134974,923,7,125.0,0.4831039344913304,vcD10/deg7/bw125.0/hpQ5
selfish,62727,62728,742,4,61.0,0.4304538627565802,vcD8/deg4/bw61.0/hpQ4
selfish,120603,120604,86,2,42.7,0.2627648343443758,vcD1/deg2/bw42.7/hpQ2
selfish,23107,23108,800,5,7.1,0.3927810904963459,vcD8/deg5/bw7.1/hpQ4
selfish,31892,31893,704,3,87.4,0.2779592827386458,vcD7/deg3/bw87.4/hpQ2
selfish,230529,230530,708,6,29.9,0.2039812783100412,vcD8/deg6/bw29.9/hpQ1
selfish,199276,199277,358,3,10.2,0.2375482709814891,vcD4/deg3/bw10.2/hpQ1
selfish,187687,187688,174,3,42.7,0.4229568538429628,vcD2/deg3/bw42.7/hpQ4
selfish,112105,112106,297,4,7.1,0.4911132375299709,vcD3/deg4/bw7.1/hpQ5
selfish,122255,122256,956,3,10.2,0.4768512858671266,vcD10/deg3/bw10.2/hpQ5
selfish,166141,166142,126,6,7.1,0.2544637386172081,vcD2/deg6/bw7.1/hpQ1
selfish,240088,240089,771,5,5.0,0.2129379249701362,vcD8/deg5/bw5.0/hpQ1
selfish,236750,236751,861,5,61.0,0.2182850515748211,vcD9/deg5/bw61.0/hpQ1
selfish,142987,142988,883,5,125.0,0.4229568538429628,vcD9/deg5/bw125.0/hpQ4
selfish,204030,204031,632,3,5.0,0.2689147210983604,vcD7/deg3/bw5.0/hpQ2
selfish,141002,141003,110,4,5.0,0.405342196225377,vcD1/deg4/bw5.0/hpQ4
selfish,149753,149754,408,6,61.0,0.3585232711576509,vcD4/deg6/bw61.0/hpQ3
selfish,8193,8194,365,3,7.1,0.2857700497959219,vcD4/deg3/bw7.1/hpQ2
selfish,221112,221113,310,5,7.1,0.2238256630629619,vcD3/deg5/bw7.1/hpQ1
selfish,193590,193591,178,4,29.9,0.3969614753991711,vcD2/deg4/bw29.9/hpQ4
selfish,136900,136901,344,2,125.0,0.3857676334163057,vcD4/deg2/bw125.0/hpQ4
selfish,56553,56554,323,8,29.9,0.3585232711576509,vcD4/deg8/bw29.9/hpQ3
selfish,244619,244620,414,4,42.7,0.2461140406262255,vcD5/deg4/bw42.7/hpQ1
selfish,197349,197350,482,5,14.6,0.3349244931377773,vcD5/deg5/bw14.6/hpQ3
selfish,144973,144974,723,2,125.0,0.4831039344913304,vcD8/deg2/bw125.0/hpQ5
selfish,122350,122351,956,3,14.6,0.2182850515748211,vcD10/deg3/bw14.6/hpQ1
selfish,92942,92943,162,6,125.0,0.3733963553970497,vcD2/deg6/bw125.0/hpQ3
selfish,104738,104739,900,6,61.0,0.4790241755215713,vcD9/deg6/bw61.0/hpQ5
selfish,54441,54442,749,5,20.9,0.2544637386172081,vcD8/deg5/bw20.9/hpQ1
selfish,94320,94321,440,4,14.6,0.2397567210258474,vcD5/deg4/bw14.6/hpQ1
selfish,40533,40534,50,3,29.9,0.4113840234518945,vcD1/deg3/bw29.9/hpQ4
selfish,239507,239508,96,4,29.9,0.3927810904963459,vcD1/deg4/bw29.9/hpQ4
selfish,247648,247649,445,4,42.7,0.3008118292997498,vcD5/deg4/bw42.7/hpQ2
selfish,198758,198759,682,2,61.0,0.2977847312437251,vcD7/deg2/bw61.0/hpQ2
selfish,224595,224596,62,2,29.9,0.4626922801013836,vcD1/deg2/bw29.9/hpQ5
selfish,60536,60537,879,5,29.9,0.469568977189866,vcD9/deg5/bw29.9/hpQ5
selfish,173228,173229,69,3,10.2,0.2901917465581629,vcD1/deg3/bw10.2/hpQ2
selfish,125860,125861,716,4,87.4,0.3070497535774244,vcD8/deg4/bw87.4/hpQ2
selfish,218177,218178,37,7,7.1,0.3815618301396259,vcD1/deg7/bw7.1/hpQ4
selfish,136319,136320,344,2,14.6,0.2461140406262255,vcD4/deg2/bw14.6/hpQ1
selfish,137583,137584,158,5,29.9,0.4277086989642705,vcD2/deg5/bw29.9/hpQ4
selfish,144568,144569,723,2,29.9,0.2070972729458678,vcD8/deg2/bw29.9/hpQ1
selfish,114267,114268,693,6,10.2,0.3706046305857265,vcD7/deg6/bw10.2/hpQ3
selfish,48723,48724,41,7,61.0,0.4574864654719545,vcD1/deg7/bw61.0/hpQ5
selfish,225964,225965,965,5,125.0,0.3439678088500045,vcD10/deg5/bw125.0/hpQ3
selfish,48447,48448,41,7,20.9,0.2114807290736435,vcD1/deg7/bw20.9/hpQ1
selfish,93273,93274,153,8,10.2,0.4831039344913304,vcD2/deg8/bw10.2/hpQ5
selfish,88517,88518,301,8,29.9,0.2312345941585266,vcD3/deg8/bw29.9/hpQ1
selfish,33798,33799,223,6,61.0,0.3227365905845993,vcD3/deg6/bw61.0/hpQ3
selfish,146213,146214,829,7,10.2,0.4312459512484686,vcD9/deg7/bw10.2/hpQ4
selfish,14405,14406,618,4,20.9,0.4911132375299709,vcD7/deg4/bw20.9/hpQ5
selfish,145805,145806,315,7,87.4,0.4911132375299709,vcD4/deg7/bw87.4/hpQ5
selfish,162065,162066,168,7,5.0,0.4409284566649496,vcD2/deg7/bw5.0/hpQ5
selfish,2179,2180,953,6,7.1,0.2816906079992455,vcD10/deg6/bw7.1/hpQ2
selfish,67051,67052,655,4,5.0,0.3898718220747056,vcD7/deg4/bw5.0/hpQ4
selfish,129348,129349,73,8,14.6,0.3008118292997498,vcD1/deg8/bw14.6/hpQ2
selfish,75876,75877,755,6,87.4,0.2375482709814891,vcD8/deg6/bw87.4/hpQ1
selfish,127235,127236,434,6,10.2,0.3461077870164497,vcD5/deg6/bw10.2/hpQ3
selfish,139877,139878,503,5,87.4,0.3815618301396259,vcD5/deg5/bw87.4/hpQ4
selfish,162734,162735,168,7,61.0,0.444752781116749,vcD2/deg7/bw61.0/hpQ5
selfish,41911,41912,903,4,125.0,0.3985108847427614,vcD10/deg4/bw125.0/hpQ4
selfish,185433,185434,411,7,20.9,0.4113840234518945,vcD4/deg7/bw20.9/hpQ4
selfish,110510,110511,199,6,29.9,0.3777435584279705,vcD2/deg6/bw29.9/hpQ3
selfish,128824,128825,32,6,87.4,0.454095890072901,vcD1/deg6/bw87.4/hpQ5
selfish,142202,142203,883,5,10.2,0.405342196225377,vcD9/deg5/bw10.2/hpQ4
selfish,77044,77045,285,7,5.0,0.2747520561924723,vcD3/deg7/bw5.0/hpQ2
selfish,184045,184046,571,6,5.0,0.4184444837622084,vcD6/deg6/bw5.0/hpQ4
selfish,28823,28824,939,2,87.4,0.4574864654719545,vcD10/deg2/bw87.4/hpQ5
selfish,129597,129598,73,8,29.9,0.21729239263723,vcD1/deg8/bw29.9/hpQ1
selfish,55204,55205,475,7,10.2,0.4995762557070848,vcD5/deg7/bw10.2/hpQ5
selfish,23878,23879,800,5,87.4,0.3642632456563252,vcD8/deg5/bw87.4/hpQ3
selfish,190242,190243,187,2,10.2,0.3733963553970497,vcD2/deg2/bw10.2/hpQ3
selfish,25020,25021,133,3,5.0,0.2397567210258474,vcD2/deg3/bw5.0/hpQ1
selfish,28638,28639,939,2,42.7,0.4790241755215713,vcD10/deg2/bw42.7/hpQ5
selfish,107402,107403,914,7,20.9,0.405342196225377,vcD10/deg7/bw20.9/hpQ4
selfish,211648,211649,664,5,42.7,0.3008118292997498,vcD7/deg5/bw42.7/hpQ2
selfish,167254,167255,75,4,10.2,0.3277016708096898,vcD1/deg4/bw10.2/hpQ3
selfish,82066,82067,994,4,5.0,0.3604525200861999,vcD10/deg4/bw5.0/hpQ3
selfish,234413,234414,138,8,20.9,0.4312459512484686,vcD2/deg8/bw20.9/hpQ4
selfish,201998,201999,418,6,125.0,0.3227365905845993,vcD5/deg6/bw125.0/hpQ3
selfish,213398,213399,81,6,14.6,0.3227365905845993,vcD1/deg6/bw14.6/hpQ3
selfish,167985,167986,75,4,125.0,0.4461023732799478,vcD1/deg4/bw125.0/hpQ5
selfish,204831,204832,632,3,87.4,0.4495856593533723,vcD7/deg3/bw87.4/hpQ5
selfish,94807,94808,440,4,87.4,0.3927810904963459,vcD5/deg4/bw87.4/hpQ4
selfish,68774,68775,399,7,61.0,0.2525545317138812,vcD4/deg7/bw61.0/hpQ1
selfish,130525,130526,979,6,29.9,0.2702561230694959,vcD10/deg6/bw29.9/hpQ2
selfish,13910,13911,582,3,125.0,0.3777435584279705,vcD6/deg3/bw125.0/hpQ3
selfish,127056,127057,434,6,5.0,0.2281547978409189,vcD5/deg6/bw5.0/hpQ1
selfish,8004,8005,365,3,5.0,0.4995762557070848,vcD4/deg3/bw5.0/hpQ5
selfish,12611,12612,621,7,42.7,0.3985108847427614,vcD7/deg7/bw42.7/hpQ4
selfish,25523,25524,133,3,29.9,0.4574864654719545,vcD2/deg3/bw29.9/hpQ5
selfish,38011,38012,63,2,5.0,0.3985108847427614,vcD1/deg2/bw5.0/hpQ4
selfish,231023,231024,101,4,5.0,0.4574864654719545,vcD1/deg4/bw5.0/hpQ5
selfish,15448,15449,855,7,20.9,0.3008118292997498,vcD9/deg7/bw20.9/hpQ2
selfish,86409,86410,120,3,20.9,0.4737946714611262,vcD2/deg3/bw20.9/hpQ5
selfish,147428,147429,846,5,20.9,0.2901917465581629,vcD9/deg5/bw20.9/hpQ2
selfish,225492,225493,965,5,20.9,0.2779592827386458,vcD10/deg5/bw20.9/hpQ2
selfish,105688,105689,423,3,42.7,0.2129379249701362,vcD5/deg3/bw42.7/hpQ1
selfish,232908,232909,116,3,125.0,0.2331676534838964,vcD1/deg3/bw125.0/hpQ1
selfish,12950,12951,621,7,125.0,0.2182850515748211,vcD7/deg7/bw125.0/hpQ1
selfish,160265,160266,685,4,10.2,0.4409284566649496,vcD7/deg4/bw10.2/hpQ5
selfish,21683,21684,213,6,42.7,0.4277086989642705,vcD2/deg6/bw42.7/hpQ4
selfish,95883,95884,155,7,87.4,0.4277086989642705,vcD2/deg7/bw87.4/hpQ4
selfish,212513,212514,700,6,29.9,0.4312459512484686,vcD7/deg6/bw29.9/hpQ4
selfish,229994,229995,24,3,125.0,0.3751229337419657,vcD1/deg3/bw125.0/hpQ3
selfish,54532,54533,749,5,29.9,0.2594311744995365,vcD8/deg5/bw29.9/hpQ1
selfish,231514,231515,101,4,29.9,0.28091147618982,vcD1/deg4/bw29.9/hpQ2
selfish,129465,129466,73,8,20.9,0.4409284566649496,vcD1/deg8/bw20.9/hpQ5
selfish,49762,49763,26,4,61.0,0.4714045721788255,vcD1/deg4/bw61.0/hpQ5
selfish,172618,172619,54,7,42.7,0.4954733651280948,vcD1/deg7/bw42.7/hpQ5
selfish,158795,158796,875,3,61.0,0.4626922801013836,vcD9/deg3/bw61.0/hpQ5
selfish,238725,238726,629,6,61.0,0.2702561230694959,vcD7/deg6/bw61.0/hpQ2
selfish,88057,88058,301,8,5.0,0.3409275648695138,vcD3/deg8/bw5.0/hpQ3
selfish,4308,4309,599,8,14.6,0.2331676534838964,vcD6/deg8/bw14.6/hpQ1
selfish,154424,154425,611,3,20.9,0.454095890072901,vcD7/deg3/bw20.9/hpQ5
selfish,132874,132875,206,4,87.4,0.2525545317138812,vcD2/deg4/bw87.4/hpQ1
selfish,87289,87290,574,8,10.2,0.3196298037016608,vcD6/deg8/bw10.2/hpQ2
selfish,163165,163166,851,5,7.1,0.4409284566649496,vcD9/deg5/bw7.1/hpQ5
selfish,180733,180734,535,5,61.0,0.4113840234518945,vcD6/deg5/bw61.0/hpQ4
selfish,125514,125515,716,4,29.9,0.28091147618982,vcD8/deg4/bw29.9/hpQ2
selfish,248507,248508,306,6,29.9,0.3927810904963459,vcD3/deg6/bw29.9/hpQ4
selfish,238097,238098,629,6,5.0,0.21729239263723,vcD7/deg6/bw5.0/hpQ1
selfish,177036,177037,147,5,5.0,0.469568977189866,vcD2/deg5/bw5.0/hpQ5
selfish,230989,230990,708,6,125.0,0.3196298037016608,vcD8/deg6/bw125.0/hpQ2
selfish,11531,11532,642,5,29.9,0.4495856593533723,vcD7/deg5/bw29.9/hpQ5
selfish,14652,14653,618,4,42.7,0.366882515038515,vcD7/deg4/bw42.7/hpQ3
selfish,64410,64411,587,3,20.9,0.3777435584279705,vcD6/deg3/bw20.9/hpQ3
selfish,114146,114147,693,6,7.1,0.4071129309119736,vcD7/deg6/bw7.1/hpQ4
selfish,224725,224726,62,2,61.0,0.2702561230694959,vcD1/deg2/bw61.0/hpQ2
selfish,202292,202293,833,2,10.2,0.2779592827386458,vcD9/deg2/bw10.2/hpQ2
selfish,6384,6385,645,7,14.6,0.4024582743628092,vcD7/deg7/bw14.6/hpQ4
selfish,115576,115577,669,2,29.9,0.2375482709814891,vcD7/deg2/bw29.9/hpQ1
selfish,124668,124669,544,6,42.7,0.2070972729458678,vcD6/deg6/bw42.7/hpQ1
selfish,150977,150978,372,4,125.0,0.3815618301396259,vcD4/deg4/bw125.0/hpQ4
selfish,77287,77288,285,7,10.2,0.4229568538429628,vcD3/deg7/bw10.2/hpQ4
selfish,420,421,195,2,20.9,0.2397567210258474,vcD2/deg2/bw20.9/hpQ1
selfish,128566,128567,32,6,29.9,0.3604525200861999,vcD1/deg6/bw29.9/hpQ3
selfish,201834,201835,418,6,87.4,0.444752781116749,vcD5/deg6/bw87.4/hpQ5
selfish,248384,248385,306,6,14.6,0.4024582743628092,vcD3/deg6/bw14.6/hpQ4
selfish,208473,208474,512,4,20.9,0.4831039344913304,vcD6/deg4/bw20.9/hpQ5
selfish,134012,134013,923,7,5.0,0.2238256630629619,vcD10/deg7/bw5.0/hpQ1
selfish,98495,98496,990,3,20.9,0.4626922801013836,vcD10/deg3/bw20.9/hpQ5
selfish,59892,59893,203,3,87.4,0.2779592827386458,vcD2/deg3/bw87.4/hpQ2
selfish,86624,86625,120,3,42.7,0.454095890072901,vcD2/deg3/bw42.7/hpQ5
selfish,159465,159466,624,3,20.9,0.4409284566649496,vcD7/deg3/bw20.9/hpQ5
selfish,4625,4626,599,8,42.7,0.2702561230694959,vcD6/deg8/bw42.7/hpQ2
selfish,66462,66463,424,7,20.9,0.4714045721788255,vcD5/deg7/bw20.9/hpQ5
selfish,248064,248065,306,6,5.0,0.3439678088500045,vcD3/deg6/bw5.0/hpQ3
selfish,25983,25984,133,3,125.0,0.4277086989642705,vcD2/deg3/bw125.0/hpQ4
selfish,24531,24532,957,2,29.9,0.4495856593533723,vcD10/deg2/bw29.9/hpQ5
selfish,194672,194673,491,6,42.7,0.2631399047202775,vcD5/deg6/bw42.7/hpQ2
selfish,243928,243929,485,6,125.0,0.2901917465581629,vcD5/deg6/bw125.0/hpQ2
selfish,236455,236456,861,5,20.9,0.4768512858671266,vcD9/deg5/bw20.9/hpQ5
selfish,41263,41264,903,4,10.2,0.4895135847322587,vcD10/deg4/bw10.2/hpQ5
selfish,242077,242078,387,4,5.0,0.3815618301396259,vcD4/deg4/bw5.0/hpQ4
selfish,37062,37063,552,7,5.0,0.4714045721788255,vcD6/deg7/bw5.0/hpQ5
selfish,92431,92432,162,6,20.9,0.4495856593533723,vcD2/deg6/bw20.9/hpQ5
selfish,113636,113637,236,3,42.7,0.469568977189866,vcD3/deg3/bw42.7/hpQ5
selfish,106400,106401,869,3,20.9,0.3857676334163057,vcD9/deg3/bw20.9/hpQ4
selfish,8396,8397,365,3,14.6,0.4855618445578609,vcD4/deg3/bw14.6/hpQ5
selfish,107968,107969,914,7,125.0,0.2070972729458678,vcD10/deg7/bw125.0/hpQ1
selfish,225124,225125,965,5,7.1,0.454095890072901,vcD10/deg5/bw7.1/hpQ5
selfish,119695,119696,766,7,42.7,0.4626922801013836,vcD8/deg7/bw42.7/hpQ5
selfish,47612,47613,277,5,42.7,0.2238256630629619,vcD3/deg5/bw42.7/hpQ1
selfish,161689,161690,915,3,42.7,0.3196298037016608,vcD10/deg3/bw42.7/hpQ2
selfish,142692,142693,883,5,42.7,0.2779592827386458,vcD9/deg5/bw42.7/hpQ2
selfish,136808,136809,344,2,87.4,0.2331676534838964,vcD4/deg2/bw87.4/hpQ1
selfish,2740,2741,953,6,61.0,0.3883150820571905,vcD10/deg6/bw61.0/hpQ4
selfish,172224,172225,54,7,10.2,0.454095890072901,vcD1/deg7/bw10.2/hpQ5
selfish,202683,202684,833,2,42.7,0.4277086989642705,vcD9/deg2/bw42.7/hpQ4
selfish,223173,223174,294,3,7.1,0.4831039344913304,vcD3/deg3/bw7.1/hpQ5
selfish,81017,81018,687,2,5.0,0.2312345941585266,vcD7/deg2/bw5.0/hpQ1
selfish,206768,206769,790,7,61.0,0.2070972729458678,vcD8/deg7/bw61.0/hpQ1
selfish,19448,19449,136,4,20.9,0.3008118292997498,vcD2/deg4/bw20.9/hpQ2
selfish,229133,229134,24,3,7.1,0.4113840234518945,vcD1/deg3/bw7.1/hpQ4
selfish,198441,198442,682,2,20.9,0.2544637386172081,vcD7/deg2/bw20.9/hpQ1
selfish,163261,163262,851,5,10.2,0.3350709844137344,vcD9/deg5/bw10.2/hpQ3
selfish,203951,203952,601,6,125.0,0.3898718220747056,vcD6/deg6/bw125.0/hpQ4
selfish,125616,125617,716,4,42.7,0.4372556438030128,vcD8/deg4/bw42.7/hpQ4
selfish,74826,74827,351,4,87.4,0.4590052735626949,vcD4/deg4/bw87.4/hpQ5
selfish,7260,7261,564,3,10.2,0.3070497535774244,vcD6/deg3/bw10.2/hpQ2
selfish,70657,70658,975,5,42.7,0.3409275648695138,vcD10/deg5/bw42.7/hpQ3
selfish,107629,107630,914,7,42.7,0.2039812783100412,vcD10/deg7/bw42.7/hpQ1
selfish,39043,39044,219,5,5.0,0.3297294244236074,vcD3/deg5/bw5.0/hpQ3
selfish,159542,159543,624,3,29.9,0.3733963553970497,vcD7/deg3/bw29.9/hpQ3
selfish,28144,28145,939,2,7.1,0.2747520561924723,vcD10/deg2/bw7.1/hpQ2
selfish,97192,97193,530,8,7.1,0.2779592827386458,vcD6/deg8/bw7.1/hpQ2
selfish,29808,29809,931,7,87.4,0.2331676534838964,vcD10/deg7/bw87.4/hpQ1
selfish,4582,4583,599,8,29.9,0.2028601193675408,vcD6/deg8/bw29.9/hpQ1
selfish,65610,65611,488,5,42.7,0.3777435584279705,vcD5/deg5/bw42.7/hpQ3
selfish,83815,83816,782,2,87.4,0.4208942434349683,vcD8/deg2/bw87.4/hpQ4
selfish,173471,173472,69,3,20.9,0.3156406422303758,vcD1/deg3/bw20.9/hpQ2
selfish,130657,130658,979,6,42.7,0.3409275648695138,vcD10/deg6/bw42.7/hpQ3
selfish,93101,93102,153,8,7.1,0.2959114945914544,vcD2/deg8/bw7.1/hpQ2
selfish,143076,143077,658,3,5.0,0.2375482709814891,vcD7/deg3/bw5.0/hpQ1
selfish,31906,31907,704,3,125.0,0.4657787213448116,vcD7/deg3/bw125.0/hpQ5
selfish,218382,218383,37,7,14.6,0.2028601193675408,vcD1/deg7/bw14.6/hpQ1
selfish,224489,224490,62,2,20.9,0.3196298037016608,vcD1/deg2/bw20.9/hpQ2
selfish,110114,110115,199,6,7.1,0.28091147618982,vcD2/deg6/bw7.1/hpQ2
selfish,153926,153927,518,7,125.0,0.4590052735626949,vcD6/deg7/bw125.0/hpQ5
selfish,164778,164779,764,7,61.0,0.3642632456563252,vcD8/deg7/bw61.0/hpQ3
selfish,18336,18337,871,3,14.6,0.469568977189866,vcD9/deg3/bw14.6/hpQ5
selfish,229880,229881,24,3,87.4,0.2269416996374781,vcD1/deg3/bw87.4/hpQ1
selfish,185882,185883,411,7,87.4,0.2028601193675408,vcD4/deg7/bw87.4/hpQ1
selfish,83465,83466,782,2,20.9,0.4409284566649496,vcD8/deg2/bw20.9/hpQ5
selfish,196447,196448,88,4,20.9,0.2114807290736435,vcD1/deg4/bw20.9/hpQ1
selfish,70443,70444,975,5,20.9,0.3297294244236074,vcD10/deg5/bw20.9/hpQ3
selfish,117495,117496,267,3,20.9,0.4626922801013836,vcD3/deg3/bw20.9/hpQ5
selfish,177196,177197,147,5,7.1,0.4855618445578609,vcD2/deg5/bw7.1/hpQ5
selfish,183923,183924,364,4,125.0,0.4574864654719545,vcD4/deg4/bw125.0/hpQ5
selfish,69599,69600,463,4,29.9,0.4158727914731683,vcD5/deg4/bw29.9/hpQ4
selfish,134227,134228,923,7,10.2,0.4304538627565802,vcD10/deg7/bw10.2/hpQ4
selfish,42390,42391,811,5,14.6,0.3969614753991711,vcD9/deg5/bw14.6/hpQ4
selfish,193423,193424,178,4,20.9,0.4574864654719545,vcD2/deg4/bw20.9/hpQ5
selfish,122583,122584,956,3,29.9,0.4277086989642705,vcD10/deg3/bw29.9/hpQ4
selfish,150048,150049,372,4,5.0,0.3008118292997498,vcD4/deg4/bw5.0/hpQ2
selfish,218031,218032,37,7,5.0,0.4495856593533723,vcD1/deg7/bw5.0/hpQ5
selfish,137801,137802,158,5,87.4,0.2959114945914544,vcD2/deg5/bw87.4/hpQ2
selfish,41182,41183,903,4,7.1,0.2028601193675408,vcD10/deg4/bw7.1/hpQ1
selfish,86053,86054,120,3,5.0,0.3585232711576509,vcD2/deg3/bw5.0/hpQ3
selfish,3446,3447,842,2,20.9,0.4071129309119736,vcD9/deg2/bw20.9/hpQ4
selfish,212260,212261,700,6,10.2,0.3070497535774244,vcD7/deg6/bw10.2/hpQ2
selfish,79300,79301,528,8,14.6,0.3857676334163057,vcD6/deg8/bw14.6/hpQ4
selfish,157128,157129,920,3,7.1,0.2901917465581629,vcD10/deg3/bw7.1/hpQ2
selfish,90861,90862,144,5,87.4,0.3350709844137344,vcD2/deg5/bw87.4/hpQ3
selfish,73356,73357,898,7,14.6,0.2281547978409189,vcD9/deg7/bw14.6/hpQ1
selfish,205921,205922,436,8,125.0,0.24260325729568,vcD5/deg8/bw125.0/hpQ1
selfish,229592,229593,24,3,29.9,0.2779592827386458,vcD1/deg3/bw29.9/hpQ2
selfish,84145,84146,948,6,7.1,0.4184444837622084,vcD10/deg6/bw7.1/hpQ4
selfish,89989,89990,396,7,125.0,0.3196298037016608,vcD4/deg7/bw125.0/hpQ2
selfish,227780,227781,793,6,61.0,0.2269416996374781,vcD8/deg6/bw61.0/hpQ1
selfish,107298,107299,914,7,10.2,0.3227365905845993,vcD10/deg7/bw10.2/hpQ3
selfish,160368,160369,685,4,14.6,0.2070972729458678,vcD7/deg4/bw14.6/hpQ1
selfish,237730,237731,523,3,61.0,0.2689147210983604,vcD6/deg3/bw61.0/hpQ2
selfish,108957,108958,776,4,125.0,0.3409275648695138,vcD8/deg4/bw125.0/hpQ3
selfish,242741,242742,387,4,61.0,0.2544637386172081,vcD4/deg4/bw61.0/hpQ1
selfish,180305,180306,535,5,14.6,0.4911132375299709,vcD6/deg5/bw14.6/hpQ5
selfish,211209,211210,664,5,10.2,0.4737946714611262,vcD7/deg5/bw10.2/hpQ5
selfish,111954,111955,569,6,125.0,0.3277016708096898,vcD6/deg6/bw125.0/hpQ3
selfish,105257,105258,423,3,10.2,0.3409275648695138,vcD5/deg3/bw10.2/hpQ3
selfish,189220,189221,996,8,10.2,0.2397567210258474,vcD10/deg8/bw10.2/hpQ1
selfish,33007,33008,223,6,5.0,0.3927810904963459,vcD3/deg6/bw5.0/hpQ4
selfish,16959,16960,208,7,125.0,0.2892063661005389,vcD2/deg7/bw125.0/hpQ2
selfish,36546,36547,590,8,29.9,0.4071129309119736,vcD6/deg8/bw29.9/hpQ4
selfish,47515,47516,277,5,29.9,0.4208942434349683,vcD3/deg5/bw29.9/hpQ4
selfish,72240,72241,250,8,10.2,0.3883150820571905,vcD3/deg8/bw10.2/hpQ4
selfish,88966,88967,301,8,125.0,0.3604525200861999,vcD3/deg8/bw125.0/hpQ3
selfish,177582,177583,147,5,29.9,0.2028601193675408,vcD2/deg5/bw29.9/hpQ1
selfish,12450,12451,621,7,20.9,0.2182850515748211,vcD7/deg7/bw20.9/hpQ1
selfish,211049,211050,664,5,5.0,0.3349244931377773,vcD7/deg5/bw5.0/hpQ3
selfish,66561,66562,424,7,29.9,0.3350709844137344,vcD5/deg7/bw29.9/hpQ3
selfish,84611,84612,948,6,42.7,0.3985108847427614,vcD10/deg6/bw42.7/hpQ4
selfish,1674,1675,57,6,42.7,0.2525545317138812,vcD1/deg6/bw42.7/hpQ1
selfish,63477,63478,328,2,20.9,0.3815618301396259,vcD4/deg2/bw20.9/hpQ4
selfish,114487,114488,693,6,20.9,0.4229568538429628,vcD7/deg6/bw20.9/hpQ4
selfish,22889,22890,808,7,87.4,0.3196298037016608,vcD9/deg7/bw87.4/hpQ2
selfish,235361,235362,812,2,14.6,0.3350709844137344,vcD9/deg2/bw14.6/hpQ3
selfish,44261,44262,225,6,10.2,0.3350709844137344,vcD3/deg6/bw10.2/hpQ3
selfish,77911,77912,285,7,125.0,0.3985108847427614,vcD3/deg7/bw125.0/hpQ4
selfish,117001,117002,267,3,5.0,0.2959114945914544,vcD3/deg3/bw5.0/hpQ2
selfish,83747,83748,782,2,61.0,0.2114807290736435,vcD8/deg2/bw61.0/hpQ1
selfish,124520,124521,544,6,29.9,0.2397567210258474,vcD6/deg6/bw29.9/hpQ1
selfish,237572,237573,523,3,29.9,0.2631399047202775,vcD6/deg3/bw29.9/hpQ2
selfish,138783,138784,472,7,61.0,0.4277086989642705,vcD5/deg7/bw61.0/hpQ4
selfish,116954,116955,448,3,125.0,0.3277016708096898,vcD5/deg3/bw125.0/hpQ3
selfish,146721,146722,829,7,61.0,0.24260325729568,vcD9/deg7/bw61.0/hpQ1
selfish,239152,239153,96,4,7.1,0.366882515038515,vcD1/deg4/bw7.1/hpQ3
selfish,5605,5606,29,8,42.7,0.4911132375299709,vcD1/deg8/bw42.7/hpQ5
selfish,81994,81995,687,2,125.0,0.3751229337419657,vcD7/deg2/bw125.0/hpQ3
selfish,46880,46881,677,6,87.4,0.2269416996374781,vcD7/deg6/bw87.4/hpQ1
selfish,14134,14135,618,4,7.1,0.444752781116749,vcD7/deg4/bw7.1/hpQ5
selfish,15731,15732,855,7,61.0,0.4495856593533723,vcD9/deg7/bw61.0/hpQ5
selfish,113039,113040,236,3,5.0,0.2501126952506121,vcD3/deg3/bw5.0/hpQ1
selfish,125298,125299,716,4,10.2,0.3227365905845993,vcD8/deg4/bw10.2/hpQ3
selfish,24470,24471,957,2,20.9,0.3239323376009491,vcD10/deg2/bw20.9/hpQ3
selfish,149131,149132,408,6,7.1,0.4495856593533723,vcD4/deg6/bw7.1/hpQ5
selfish,57160,57161,183,4,7.1,0.3070497535774244,vcD2/deg4/bw7.1/hpQ2
selfish,47320,47321,277,5,14.6,0.2397567210258474,vcD3/deg5/bw14.6/hpQ1
selfish,73603,73604,898,7,42.7,0.2627648343443758,vcD9/deg7/bw42.7/hpQ2
selfish,240168,240169,771,5,7.1,0.2070972729458678,vcD8/deg5/bw7.1/hpQ1
selfish,188655,188656,517,2,42.7,0.4768512858671266,vcD6/deg2/bw42.7/hpQ5
selfish,98820,98821,990,3,87.4,0.2397567210258474,vcD10/deg3/bw87.4/hpQ1
selfish,238677,238678,629,6,42.7,0.3815618301396259,vcD7/deg6/bw42.7/hpQ4
selfish,117662,117663,267,3,42.7,0.4714045721788255,vcD3/deg3/bw42.7/hpQ5
selfish,208185,208186,512,4,7.1,0.4461023732799478,vcD6/deg4/bw7.1/hpQ5
selfish,110941,110942,199,6,125.0,0.2544637386172081,vcD2/deg6/bw125.0/hpQ1
selfish,203490,203491,601,6,20.9,0.3969614753991711,vcD6/deg6/bw20.9/hpQ4
selfish,156061,156062,462,8,5.0,0.3350709844137344,vcD5/deg8/bw5.0/hpQ3
selfish,137035,137036,158,5,5.0,0.3461077870164497,vcD2/deg5/bw5.0/hpQ3
selfish,44703,44704,225,6,61.0,0.2627648343443758,vcD3/deg6/bw61.0/hpQ2
selfish,50414,50415,636,4,20.9,0.28091147618982,vcD7/deg4/bw20.9/hpQ2
selfish,36404,36405,590,8,20.9,0.4995762557070848,vcD6/deg8/bw20.9/hpQ5
selfish,32815,32816,726,7,87.4,0.4208942434349683,vcD8/deg7/bw87.4/hpQ4
selfish,62041,62042,742,4,5.0,0.2544637386172081,vcD8/deg4/bw5.0/hpQ1
selfish,230381,230382,708,6,14.6,0.3128186843462212,vcD8/deg6/bw14.6/hpQ2
selfish,193933,193934,178,4,125.0,0.4113840234518945,vcD2/deg4/bw125.0/hpQ4
selfish,236263,236264,861,5,10.2,0.4895135847322587,vcD9/deg5/bw10.2/hpQ5
selfish,35831,35832,455,7,87.4,0.4495856593533723,vcD5/deg7/bw87.4/hpQ5
selfish,183292,183293,364,4,10.2,0.2779592827386458,vcD4/deg4/bw10.2/hpQ2
selfish,109167,109168,170,3,7.1,0.3706046305857265,vcD2/deg3/bw7.1/hpQ3
selfish,77867,77868,285,7,87.4,0.3706046305857265,vcD3/deg7/bw87.4/hpQ3
selfish,50912,50913,636,4,125.0,0.2238256630629619,vcD7/deg4/bw125.0/hpQ1
selfish,211817,211818,664,5,87.4,0.2312345941585266,vcD7/deg5/bw87.4/hpQ1
selfish,179973,179974,46,2,125.0,0.4831039344913304,vcD1/deg2/bw125.0/hpQ5
selfish,95436,95437,155,7,20.9,0.469568977189866,vcD2/deg7/bw20.9/hpQ5
selfish,98202,98203,990,3,10.2,0.405342196225377,vcD10/deg3/bw10.2/hpQ4
selfish,224823,224824,62,2,87.4,0.4574864654719545,vcD1/deg2/bw87.4/hpQ5
selfish,26048,26049,469,5,5.0,0.3008118292997498,vcD5/deg5/bw5.0/hpQ2
selfish,14517,14518,618,4,29.9,0.2312345941585266,vcD7/deg4/bw29.9/hpQ1
selfish,206210,206211,790,7,10.2,0.3777435584279705,vcD8/deg7/bw10.2/hpQ3
selfish,2006,2007,953,6,5.0,0.4657787213448116,vcD10/deg6/bw5.0/hpQ5
selfish,82822,82823,994,4,87.4,0.3494898166749496,vcD10/deg4/bw87.4/hpQ3
selfish,203740,203741,601,6,61.0,0.3883150820571905,vcD6/deg6/bw61.0/hpQ4
selfish,159385,159386,624,3,14.6,0.4461023732799478,vcD7/deg3/bw14.6/hpQ5
selfish,200578,200579,697,7,29.9,0.3642632456563252,vcD7/deg7/bw29.9/hpQ3
selfish,166721,166722,126,6,61.0,0.24260325729568,vcD2/deg6/bw61.0/hpQ1
selfish,145171,145172,315,7,7.1,0.3156406422303758,vcD4/deg7/bw7.1/hpQ2
selfish,69822,69823,463,4,87.4,0.3494898166749496,vcD5/deg4/bw87.4/hpQ3
selfish,170675,170676,780,3,42.7,0.3027820674966874,vcD8/deg3/bw42.7/hpQ2
selfish,234011,234012,138,8,5.0,0.3985108847427614,vcD2/deg8/bw5.0/hpQ4
selfish,52211,52212,404,8,10.2,0.3985108847427614,vcD4/deg8/bw10.2/hpQ4
selfish,243372,243373,485,6,14.6,0.2631399047202775,vcD5/deg6/bw14.6/hpQ2
selfish,103432,103433,429,4,20.9,0.2594311744995365,vcD5/deg4/bw20.9/hpQ1
selfish,229760,229761,24,3,61.0,0.3070497535774244,vcD1/deg3/bw61.0/hpQ2
selfish,97809,97810,530,8,87.4,0.4737946714611262,vcD6/deg8/bw87.4/hpQ5
selfish,120814,120815,86,2,87.4,0.28091147618982,vcD1/deg2/bw87.4/hpQ2
selfish,214835,214836,264,6,87.4,0.3461077870164497,vcD3/deg6/bw87.4/hpQ3
selfish,188550,188551,517,2,29.9,0.2182850515748211,vcD6/deg2/bw29.9/hpQ1
selfish,194367,194368,491,6,14.6,0.3706046305857265,vcD5/deg6/bw14.6/hpQ3
selfish,48267,48268,41,7,10.2,0.3706046305857265,vcD1/deg7/bw10.2/hpQ3
selfish,42456,42457,811,5,20.9,0.2281547978409189,vcD9/deg5/bw20.9/hpQ1
selfish,158471,158472,875,3,20.9,0.3156406422303758,vcD9/deg3/bw20.9/hpQ2
selfish,174936,174937,800,5,125.0,0.469568977189866,vcD8/deg5/bw125.0/hpQ5
selfish,53898,53899,245,5,87.4,0.3227365905845993,vcD3/deg5/bw87.4/hpQ3
selfish,116184,116185,448,3,7.1,0.4024582743628092,vcD5/deg3/bw7.1/hpQ4
selfish,193699,193700,178,4,42.7,0.4158727914731683,vcD2/deg4/bw42.7/hpQ4
selfish,190977,190978,187,2,125.0,0.3815618301396259,vcD2/deg2/bw125.0/hpQ4
selfish,231328,231329,101,4,14.6,0.2901917465581629,vcD1/deg4/bw14.6/hpQ2
selfish,151810,151811,346,7,87.4,0.3777435584279705,vcD4/deg7/bw87.4/hpQ3
selfish,202580,202581,833,2,29.9,0.2269416996374781,vcD9/deg2/bw29.9/hpQ1
selfish,51037,51038,984,8,5.0,0.3509947337216052,vcD10/deg8/bw5.0/hpQ3
selfish,64618,64619,587,3,42.7,0.4954733651280948,vcD6/deg3/bw42.7/hpQ5
selfish,190787,190788,187,2,61.0,0.4229568538429628,vcD2/deg2/bw61.0/hpQ4
selfish,20964,20965,865,7,125.0,0.3439678088500045,vcD9/deg7/bw125.0/hpQ3
selfish,78666,78667,594,4,42.7,0.3604525200861999,vcD6/deg4/bw42.7/hpQ3
selfish,149978,149979,408,6,125.0,0.3642632456563252,vcD4/deg6/bw125.0/hpQ3
selfish,195802,195803,580,6,87.4,0.405342196225377,vcD6/deg6/bw87.4/hpQ4
selfish,242372,242373,387,4,14.6,0.2631399047202775,vcD4/deg4/bw14.6/hpQ2
selfish,121976,121977,338,3,125.0,0.2375482709814891,vcD4/deg3/bw125.0/hpQ1
selfish,54242,54243,749,5,10.2,0.3733963553970497,vcD8/deg5/bw10.2/hpQ3
selfish,242563,242564,387,4,29.9,0.4895135847322587,vcD4/deg4/bw29.9/hpQ5
selfish,183180,183181,364,4,7.1,0.2269416996374781,vcD4/deg4/bw7.1/hpQ1
selfish,189986,189987,996,8,125.0,0.3108669576156866,vcD10/deg8/bw125.0/hpQ2
selfish,196548,196549,88,4,29.9,0.3008118292997498,vcD1/deg4/bw29.9/hpQ2
selfish,204374,204375,632,3,14.6,0.2525545317138812,vcD7/deg3/bw14.6/hpQ1
selfish,181174,181175,736,4,7.1,0.2525545317138812,vcD8/deg4/bw7.1/hpQ1
selfish,153239,153240,518,7,10.2,0.2501126952506121,vcD6/deg7/bw10.2/hpQ1
selfish,128244,128245,32,6,10.2,0.2747520561924723,vcD1/deg6/bw10.2/hpQ2
selfish,197149,197150,482,5,7.1,0.3349244931377773,vcD5/deg5/bw7.1/hpQ3
selfish,48819,48820,41,7,87.4,0.2461140406262255,vcD1/deg7/bw87.4/hpQ1
selfish,129996,129997,73,8,125.0,0.4855618445578609,vcD1/deg8/bw125.0/hpQ5
selfish,103197,103198,429,4,7.1,0.21729239263723,vcD5/deg4/bw7.1/hpQ1
selfish,22063,22064,808,7,5.0,0.4895135847322587,vcD9/deg7/bw5.0/hpQ5
selfish,57527,57528,183,4,29.9,0.4304538627565802,vcD2/deg4/bw29.9/hpQ4
selfish,198216,198217,682,2,10.2,0.4372556438030128,vcD7/deg2/bw10.2/hpQ4
selfish,185790,185791,411,7,61.0,0.3969614753991711,vcD4/deg7/bw61.0/hpQ4
selfish,30532,30533,336,6,29.9,0.2594311744995365,vcD4/deg6/bw29.9/hpQ1
selfish,204101,204102,632,3,7.1,0.2959114945914544,vcD7/deg3/bw7.1/hpQ2
selfish,68963,68964,399,7,125.0,0.4895135847322587,vcD4/deg7/bw125.0/hpQ5
selfish,213030,213031,81,6,5.0,0.2689147210983604,vcD1/deg6/bw5.0/hpQ2
selfish,158602,158603,875,3,42.7,0.405342196225377,vcD9/deg3/bw42.7/hpQ4
selfish,44479,44480,225,6,20.9,0.2816906079992455,vcD3/deg6/bw20.9/hpQ2
selfish,216843,216844,825,5,87.4,0.3297294244236074,vcD9/deg5/bw87.4/hpQ3
selfish,100890,100891,720,4,87.4,0.3969614753991711,vcD8/deg4/bw87.4/hpQ4
selfish,219559,219560,496,3,29.9,0.2892063661005389,vcD5/deg3/bw29.9/hpQ2
selfish,230010,230011,708,6,5.0,0.3777435584279705,vcD8/deg6/bw5.0/hpQ3
selfish,220172,220173,785,3,7.1,0.2631399047202775,vcD8/deg3/bw7.1/hpQ2
selfish,133958,133959,851,6,125.0,0.2977847312437251,vcD9/deg6/bw125.0/hpQ2
selfish,160838,160839,685,4,87.4,0.4790241755215713,vcD7/deg4/bw87.4/hpQ5
selfish,182435,182436,374,7,20.9,0.3461077870164497,vcD4/deg7/bw20.9/hpQ3
selfish,179185,179186,46,2,7.1,0.4461023732799478,vcD1/deg2/bw7.1/hpQ5
selfish,37538,37539,552,7,29.9,0.4790241755215713,vcD6/deg7/bw29.9/hpQ5
selfish,120466,120467,86,2,20.9,0.3604525200861999,vcD1/deg2/bw20.9/hpQ3
selfish,215843,215844,332,6,87.4,0.3297294244236074,vcD4/deg6/bw87.4/hpQ3
selfish,86372,86373,120,3,14.6,0.2631399047202775,vcD2/deg3/bw14.6/hpQ2
selfish,181708,181709,736,4,61.0,0.2331676534838964,vcD8/deg4/bw61.0/hpQ1
selfish,119177,119178,766,7,7.1,0.3815618301396259,vcD8/deg7/bw7.1/hpQ4
selfish,36822,36823,590,8,87.4,0.3494898166749496,vcD6/deg8/bw87.4/hpQ3
selfish,100403,100404,720,4,20.9,0.2627648343443758,vcD8/deg4/bw20.9/hpQ2
selfish,49263,49264,26,4,10.2,0.4895135847322587,vcD1/deg4/bw10.2/hpQ5
selfish,106060,106061,869,3,5.0,0.3070497535774244,vcD9/deg3/bw5.0/hpQ2
selfish,218519,218520,37,7,29.9,0.2461140406262255,vcD1/deg7/bw29.9/hpQ1
selfish,167495,167496,75,4,20.9,0.4626922801013836,vcD1/deg4/bw20.9/hpQ5
selfish,243274,243275,485,6,10.2,0.2525545317138812,vcD5/deg6/bw10.2/hpQ1
selfish,149644,149645,408,6,42.7,0.2747520561924723,vcD4/deg6/bw42.7/hpQ2
selfish,190389,190390,187,2,14.6,0.3196298037016608,vcD2/deg2/bw14.6/hpQ2
selfish,231228,231229,101,4,10.2,0.2901917465581629,vcD1/deg4/bw10.2/hpQ2
selfish,204768,204769,632,3,61.0,0.2070972729458678,vcD7/deg3/bw61.0/hpQ1
selfish,136137,136138,344,2,7.1,0.3509947337216052,vcD4/deg2/bw7.1/hpQ3
selfish,85888,85889,945,7,87.4,0.2129379249701362,vcD10/deg7/bw87.4/hpQ1
selfish,82419,82420,994,4,20.9,0.2461140406262255,vcD10/deg4/bw20.9/hpQ1
selfish,45703,45704,892,5,61.0,0.2627648343443758,vcD9/deg5/bw61.0/hpQ2
selfish,177394,177395,147,5,14.6,0.3751229337419657,vcD2/deg5/bw14.6/hpQ3
selfish,91157,91158,662,4,7.1,0.3409275648695138,vcD7/deg4/bw7.1/hpQ3
selfish,162247,162248,168,7,10.2,0.2114807290736435,vcD2/deg7/bw10.2/hpQ1
selfish,225241,225242,965,5,10.2,0.2544637386172081,vcD10/deg5/bw10.2/hpQ1
selfish,2953,2954,953,6,125.0,0.3585232711576509,vcD10/deg6/bw125.0/hpQ3
selfish,249919,249920,649,5,125.0,0.2461140406262255,vcD7/deg5/bw125.0/hpQ1
selfish,243709,243710,485,6,61.0,0.4737946714611262,vcD5/deg6/bw61.0/hpQ5
selfish,26929,26930,469,5,125.0,0.2039812783100412,vcD5/deg5/bw125.0/hpQ1
selfish,4711,4712,599,8,61.0,0.3985108847427614,vcD6/deg8/bw61.0/hpQ4
selfish,212335,212336,700,6,14.6,0.3461077870164497,vcD7/deg6/bw14.6/hpQ3
selfish,205270,205271,436,8,10.2,0.3239323376009491,vcD5/deg8/bw10.2/hpQ3
selfish,137299,137300,158,5,10.2,0.4158727914731683,vcD2/deg5/bw10.2/hpQ4
selfish,215675,215676,332,6,42.7,0.3027820674966874,vcD4/deg6/bw42.7/hpQ2
selfish,100573,100574,720,4,29.9,0.4831039344913304,vcD8/deg4/bw29.9/hpQ5
selfish,49998,49999,26,4,125.0,0.3227365905845993,vcD1/deg4/bw125.0/hpQ3
selfish,132215,132216,206,4,10.2,0.4208942434349683,vcD2/deg4/bw10.2/hpQ4
selfish,152236,152237,909,5,10.2,0.469568977189866,vcD10/deg5/bw10.2/hpQ5
selfish,48512,48513,41,7,29.9,0.2238256630629619,vcD1/deg7/bw29.9/hpQ1
selfish,33145,33146,223,6,7.1,0.4184444837622084,vcD3/deg6/bw7.1/hpQ4
selfish,51729,51730,984,8,61.0,0.2039812783100412,vcD10/deg8/bw61.0/hpQ1
selfish,9734,9735,963,5,61.0,0.444752781116749,vcD10/deg5/bw61.0/hpQ5
selfish,144148,144149,723,2,7.1,0.3008118292997498,vcD8/deg2/bw7.1/hpQ2
selfish,178075,178076,508,7,5.0,0.3027820674966874,vcD5/deg7/bw5.0/hpQ2
selfish,12838,12839,621,7,87.4,0.4790241755215713,vcD7/deg7/bw87.4/hpQ5
selfish,101954,101955,887,5,125.0,0.3277016708096898,vcD9/deg5/bw125.0/hpQ3
selfish,201637,201638,418,6,42.7,0.3509947337216052,vcD5/deg6/bw42.7/hpQ3
selfish,135578,135579,242,7,29.9,0.3642632456563252,vcD3/deg7/bw29.9/hpQ3
selfish,98057,98058,990,3,5.0,0.3409275648695138,vcD10/deg3/bw5.0/hpQ3
selfish,41531,41532,903,4,29.9,0.4495856593533723,vcD10/deg4/bw29.9/hpQ5
selfish,165481,165482,713,5,20.9,0.3128186843462212,vcD8/deg5/bw20.9/hpQ2
selfish,52117,52118,404,8,7.1,0.2312345941585266,vcD4/deg8/bw7.1/hpQ1
selfish,137477,137478,158,5,20.9,0.3815618301396259,vcD2/deg5/bw20.9/hpQ4
selfish,224182,224183,62,2,7.1,0.2028601193675408,vcD1/deg2/bw7.1/hpQ1
selfish,170214,170215,780,3,10.2,0.28091147618982,vcD8/deg3/bw10.2/hpQ2
selfish,3151,3152,842,2,7.1,0.3898718220747056,vcD9/deg2/bw7.1/hpQ4
selfish,66892,66893,424,7,87.4,0.2779592827386458,vcD5/deg7/bw87.4/hpQ2
selfish,74468,74469,351,4,20.9,0.2070972729458678,vcD4/deg4/bw20.9/hpQ1
selfish,173742,173743,69,3,61.0,0.3733963553970497,vcD1/deg3/bw61.0/hpQ3
selfish,50350,50351,636,4,14.6,0.2182850515748211,vcD7/deg4/bw14.6/hpQ1
selfish,65246,65247,488,5,10.2,0.4071129309119736,vcD5/deg5/bw10.2/hpQ4
selfish,51523,51524,984,8,29.9,0.4574864654719545,vcD10/deg8/bw29.9/hpQ5
selfish,158539,158540,875,3,29.9,0.2501126952506121,vcD9/deg3/bw29.9/hpQ1
selfish,196898,196899,88,4,87.4,0.3227365905845993,vcD1/deg4/bw87.4/hpQ3
selfish,167787,167788,75,4,61.0,0.4229568538429628,vcD1/deg4/bw61.0/hpQ4
selfish,59549,59550,203,3,29.9,0.3349244931377773,vcD2/deg3/bw29.9/hpQ3
selfish,232029,232030,116,3,5.0,0.2039812783100412,vcD1/deg3/bw5.0/hpQ1
selfish,101521,101522,887,5,29.9,0.24260325729568,vcD9/deg5/bw29.9/hpQ1
selfish,214141,214142,264,6,7.1,0.2544637386172081,vcD3/deg6/bw7.1/hpQ1
selfish,25244,25245,133,3,10.2,0.2747520561924723,vcD2/deg3/bw10.2/hpQ2
selfish,163093,163094,851,5,5.0,0.2857700497959219,vcD9/deg5/bw5.0/hpQ2
selfish,229304,229305,24,3,14.6,0.4995762557070848,vcD1/deg3/bw14.6/hpQ5
selfish,99438,99439,111,7,20.9,0.4790241755215713,vcD1/deg7/bw20.9/hpQ5
selfish,119478,119479,766,7,20.9,0.3642632456563252,vcD8/deg7/bw20.9/hpQ3
selfish,225554,225555,965,5,29.9,0.3277016708096898,vcD10/deg5/bw29.9/hpQ3
selfish,183873,183874,364,4,87.4,0.4831039344913304,vcD4/deg4/bw87.4/hpQ5
selfish,36073,36074,590,8,5.0,0.4831039344913304,vcD6/deg8/bw5.0/hpQ5
selfish,161866,161867,915,3,87.4,0.3604525200861999,vcD10/deg3/bw87.4/hpQ3
selfish,70399,70400,975,5,14.6,0.4158727914731683,vcD10/deg5/bw14.6/hpQ4
selfish,92895,92896,162,6,87.4,0.4626922801013836,vcD2/deg6/bw87.4/hpQ5
selfish,142344,142345,883,5,14.6,0.2747520561924723,vcD9/deg5/bw14.6/hpQ2
selfish,35060,35061,455,7,5.0,0.3070497535774244,vcD5/deg7/bw5.0/hpQ2
selfish,102060,102061,741,5,5.0,0.3070497535774244,vcD8/deg5/bw5.0/hpQ2
selfish,201729,201730,418,6,61.0,0.2039812783100412,vcD5/deg6/bw61.0/hpQ1
selfish,158817,158818,875,3,87.4,0.2312345941585266,vcD9/deg3/bw87.4/hpQ1
selfish,117813,117814,267,3,87.4,0.4312459512484686,vcD3/deg3/bw87.4/hpQ4
selfish,51823,51824,984,8,87.4,0.4574864654719545,vcD10/deg8/bw87.4/hpQ5
selfish,247193,247194,445,4,7.1,0.2857700497959219,vcD5/deg4/bw7.1/hpQ2
selfish,79157,79158,528,8,7.1,0.3409275648695138,vcD6/deg8/bw7.1/hpQ3
selfish,166686,166687,126,6,42.7,0.3108669576156866,vcD2/deg6/bw42.7/hpQ2
selfish,33977,33978,223,6,125.0,0.3815618301396259,vcD3/deg6/bw125.0/hpQ4
selfish,83072,83073,782,2,5.0,0.2631399047202775,vcD8/deg2/bw5.0/hpQ2
selfish,206646,206647,790,7,42.7,0.4071129309119736,vcD8/deg7/bw42.7/hpQ4
selfish,185923,185924,411,7,125.0,0.4574864654719545,vcD4/deg7/bw125.0/hpQ5
selfish,111187,111188,569,6,7.1,0.4229568538429628,vcD6/deg6/bw7.1/hpQ4
selfish,124094,124095,544,6,5.0,0.3751229337419657,vcD6/deg6/bw5.0/hpQ3
selfish,112001,112002,297,4,5.0,0.2959114945914544,vcD3/deg4/bw5.0/hpQ2
selfish,153730,153731,518,7,61.0,0.2689147210983604,vcD6/deg7/bw61.0/hpQ2
selfish,135184,135185,242,7,7.1,0.4024582743628092,vcD3/deg7/bw7.1/hpQ4
selfish,216338,216339,825,5,14.6,0.4790241755215713,vcD9/deg5/bw14.6/hpQ5
selfish,195539,195540,580,6,29.9,0.2501126952506121,vcD6/deg6/bw29.9/hpQ1
selfish,249174,249175,649,5,7.1,0.2525545317138812,vcD7/deg5/bw7.1/hpQ1
selfish,7916,7917,564,3,125.0,0.4372556438030128,vcD6/deg3/bw125.0/hpQ4
selfish,224216,224217,62,2,10.2,0.4372556438030128,vcD1/deg2/bw10.2/hpQ4
selfish,65347,65348,488,5,14.6,0.2114807290736435,vcD5/deg5/bw14.6/hpQ1
selfish,53572,53573,245,5,29.9,0.2631399047202775,vcD3/deg5/bw29.9/hpQ2
selfish,119231,119232,766,7,10.2,0.4495856593533723,vcD8/deg7/bw10.2/hpQ5
selfish,30202,30203,336,6,10.2,0.405342196225377,vcD4/deg6/bw10.2/hpQ4
selfish,117549,117550,267,3,29.9,0.3349244931377773,vcD3/deg3/bw29.9/hpQ3
selfish,34878,34879,816,3,87.4,0.3642632456563252,vcD9/deg3/bw87.4/hpQ3
selfish,163933,163934,851,5,125.0,0.4113840234518945,vcD9/deg5/bw125.0/hpQ4
selfish,9912,9913,963,5,125.0,0.2238256630629619,vcD10/deg5/bw125.0/hpQ1
selfish,33291,33292,223,6,10.2,0.3544902343139808,vcD3/deg6/bw10.2/hpQ3
selfish,35596,35597,455,7,29.9,0.4855618445578609,vcD5/deg7/bw29.9/hpQ5
selfish,176922,176923,231,5,125.0,0.3494898166749496,vcD3/deg5/bw125.0/hpQ3
selfish,114761,114762,693,6,61.0,0.3350709844137344,vcD7/deg6/bw61.0/hpQ3
selfish,15356,15357,855,7,14.6,0.2281547978409189,vcD9/deg7/bw14.6/hpQ1
selfish,64355,64356,587,3,14.6,0.4768512858671266,vcD6/deg3/bw14.6/hpQ5
selfish,104637,104638,900,6,42.7,0.3509947337216052,vcD9/deg6/bw42.7/hpQ3
selfish,116890,116891,448,3,87.4,0.3969614753991711,vcD5/deg3/bw87.4/hpQ4
selfish,171153,171154,254,3,7.1,0.3585232711576509,vcD3/deg3/bw7.1/hpQ3
selfish,201535,201536,418,6,29.9,0.3461077870164497,vcD5/deg6/bw29.9/hpQ3
selfish,225052,225053,965,5,5.0,0.366882515038515,vcD10/deg5/bw5.0/hpQ3
selfish,22938,22939,808,7,125.0,0.4790241755215713,vcD9/deg7/bw125.0/hpQ5
selfish,51674,51675,984,8,42.7,0.2525545317138812,vcD10/deg8/bw42.7/hpQ1
selfish,197465,197466,482,5,20.9,0.4409284566649496,vcD5/deg5/bw20.9/hpQ5
selfish,191751,191752,732,3,61.0,0.3898718220747056,vcD8/deg3/bw61.0/hpQ4
selfish,41605,41606,903,4,42.7,0.4911132375299709,vcD10/deg4/bw42.7/hpQ5
selfish,74648,74649,351,4,42.7,0.3008118292997498,vcD4/deg4/bw42.7/hpQ2
selfish,51382,51383,984,8,14.6,0.2028601193675408,vcD10/deg8/bw14.6/hpQ1
selfish,164418,164419,764,7,20.9,0.4954733651280948,vcD8/deg7/bw20.9/hpQ5
selfish,84539,84540,948,6,29.9,0.2501126952506121,vcD10/deg6/bw29.9/hpQ1
selfish,21434,21435,213,6,20.9,0.444752781116749,vcD2/deg6/bw20.9/hpQ5
selfish,215263,215264,332,6,10.2,0.4895135847322587,vcD4/deg6/bw10.2/hpQ5
selfish,85531,85532,945,7,29.9,0.4495856593533723,vcD10/deg7/bw29.9/hpQ5
selfish,64023,64024,587,3,5.0,0.4574864654719545,vcD6/deg3/bw5.0/hpQ5
selfish,15638,15639,855,7,42.7,0.4790241755215713,vcD9/deg7/bw42.7/hpQ5
selfish,205814,205815,436,8,87.4,0.28091147618982,vcD5/deg8/bw87.4/hpQ2
selfish,79262,79263,528,8,10.2,0.4714045721788255,vcD6/deg8/bw10.2/hpQ5
selfish,73203,73204,898,7,10.2,0.2627648343443758,vcD9/deg7/bw10.2/hpQ2
selfish,120331,120332,86,2,14.6,0.4495856593533723,vcD1/deg2/bw14.6/hpQ5
selfish,84383,84384,948,6,14.6,0.4277086989642705,vcD10/deg6/bw14.6/hpQ4
selfish,232322,232323,116,3,14.6,0.3494898166749496,vcD1/deg3/bw14.6/hpQ3
selfish,49141,49142,26,4,7.1,0.2544637386172081,vcD1/deg4/bw7.1/hpQ1
selfish,125962,125963,716,4,125.0,0.4714045721788255,vcD8/deg4/bw125.0/hpQ5
selfish,88856,88857,301,8,87.4,0.2281547978409189,vcD3/deg8/bw87.4/hpQ1
selfish,110335,110336,199,6,14.6,0.3461077870164497,vcD2/deg6/bw14.6/hpQ3
selfish,191589,191590,732,3,29.9,0.3196298037016608,vcD8/deg3/bw29.9/hpQ2
selfish,194111,194112,491,6,7.1,0.3985108847427614,vcD5/deg6/bw7.1/hpQ4
selfish,146031,146032,829,7,5.0,0.4495856593533723,vcD9/deg7/bw5.0/hpQ5
selfish,129146,129147,73,8,7.1,0.4071129309119736,vcD1/deg8/bw7.1/hpQ4
selfish,70137,70138,975,5,7.1,0.3509947337216052,vcD10/deg5/bw7.1/hpQ3
selfish,131077,131078,935,6,5.0,0.3815618301396259,vcD10/deg6/bw5.0/hpQ4
selfish,130771,130772,979,6,61.0,0.3156406422303758,vcD10/deg6/bw61.0/hpQ2
selfish,158010,158011,875,3,5.0,0.3777435584279705,vcD9/deg3/bw5.0/hpQ3
selfish,24382,24383,957,2,14.6,0.2028601193675408,vcD10/deg2/bw14.6/hpQ1
selfish,134689,134690,923,7,42.7,0.3196298037016608,vcD10/deg7/bw42.7/hpQ2
selfish,102309,102310,741,5,14.6,0.4737946714611262,vcD8/deg5/bw14.6/hpQ5
selfish,10374,10375,104,4,14.6,0.2525545317138812,vcD1/deg4/bw14.6/hpQ1
selfish,167367,167368,75,4,14.6,0.3706046305857265,vcD1/deg4/bw14.6/hpQ3
selfish,79602,79603,528,8,42.7,0.405342196225377,vcD6/deg8/bw42.7/hpQ4
selfish,79498,79499,528,8,20.9,0.3227365905845993,vcD6/deg8/bw20.9/hpQ3
selfish,44340,44341,225,6,14.6,0.3883150820571905,vcD3/deg6/bw14.6/hpQ4
selfish,132735,132736,206,4,61.0,0.3461077870164497,vcD2/deg4/bw61.0/hpQ3
selfish,99386,99387,111,7,14.6,0.3108669576156866,vcD1/deg7/bw14.6/hpQ2
selfish,241427,241428,605,5,20.9,0.4304538627565802,vcD6/deg5/bw20.9/hpQ4
selfish,178948,178949,508,7,125.0,0.3008118292997498,vcD5/deg7/bw125.0/hpQ2
selfish,52669,52670,404,8,42.7,0.4344347691369841,vcD4/deg8/bw42.7/hpQ4
selfish,112838,112839,297,4,87.4,0.4790241755215713,vcD3/deg4/bw87.4/hpQ5
selfish,218689,218690,37,7,42.7,0.3196298037016608,vcD1/deg7/bw42.7/hpQ2
selfish,85183,85184,945,7,7.1,0.4277086989642705,vcD10/deg7/bw7.1/hpQ4
selfish,113501,113502,236,3,29.9,0.2959114945914544,vcD3/deg3/bw29.9/hpQ2
selfish,191346,191347,732,3,14.6,0.4071129309119736,vcD8/deg3/bw14.6/hpQ4
selfish,66162,66163,424,7,7.1,0.4714045721788255,vcD5/deg7/bw7.1/hpQ5
selfish,40144,40145,50,3,7.1,0.2747520561924723,vcD1/deg3/bw7.1/hpQ2
selfish,190821,190822,187,2,87.4,0.24260325729568,vcD2/deg2/bw87.4/hpQ1
selfish,26618,26619,469,5,42.7,0.4954733651280948,vcD5/deg5/bw42.7/hpQ5
selfish,90376,90377,144,5,14.6,0.2375482709814891,vcD2/deg5/bw14.6/hpQ1
selfish,47148,47149,277,5,7.1,0.3008118292997498,vcD3/deg5/bw7.1/hpQ2
selfish,62497,62498,742,4,20.9,0.21729239263723,vcD8/deg4/bw20.9/hpQ1
selfish,208840,208841,512,4,87.4,0.3883150820571905,vcD6/deg4/bw87.4/hpQ4
selfish,30447,30448,336,6,20.9,0.2114807290736435,vcD4/deg6/bw20.9/hpQ1
selfish,199693,199694,358,3,42.7,0.2857700497959219,vcD4/deg3/bw42.7/hpQ2
selfish,42088,42089,811,5,5.0,0.2129379249701362,vcD9/deg5/bw5.0/hpQ1
selfish,236167,236168,861,5,7.1,0.3706046305857265,vcD9/deg5/bw7.1/hpQ3
selfish,168258,168259,548,5,10.2,0.2977847312437251,vcD6/deg5/bw10.2/hpQ2
selfish,20561,20562,865,7,29.9,0.3350709844137344,vcD9/deg7/bw29.9/hpQ3
selfish,60030,60031,879,5,5.0,0.2689147210983604,vcD9/deg5/bw5.0/hpQ2
selfish,196678,196679,88,4,42.7,0.3642632456563252,vcD1/deg4/bw42.7/hpQ3
selfish,69056,69057,463,4,5.0,0.2281547978409189,vcD5/deg4/bw5.0/hpQ1
selfish,205647,205648,436,8,42.7,0.2114807290736435,vcD5/deg8/bw42.7/hpQ1
selfish,136099,136100,344,2,5.0,0.4158727914731683,vcD4/deg2/bw5.0/hpQ4
selfish,112600,112601,297,4,42.7,0.3857676334163057,vcD3/deg4/bw42.7/hpQ4
selfish,136513,136514,344,2,29.9,0.4312459512484686,vcD4/deg2/bw29.9/hpQ4
selfish,152869,152870,909,5,87.4,0.4344347691369841,vcD10/deg5/bw87.4/hpQ4
selfish,197027,197028,482,5,5.0,0.4304538627565802,vcD5/deg5/bw5.0/hpQ4
selfish,110801,110802,199,6,87.4,0.2959114945914544,vcD2/deg6/bw87.4/hpQ2
selfish,50062,50063,636,4,5.0,0.4714045721788255,vcD7/deg4/bw5.0/hpQ5
selfish,225346,225347,965,5,14.6,0.4071129309119736,vcD10/deg5/bw14.6/hpQ4
selfish,184355,184356,571,6,14.6,0.4768512858671266,vcD6/deg6/bw14.6/hpQ5
selfish,106906,106907,869,3,125.0,0.4657787213448116,vcD9/deg3/bw125.0/hpQ5
selfish,204965,204966,632,3,125.0,0.4409284566649496,vcD7/deg3/bw125.0/hpQ5
selfish,167018,167019,75,4,5.0,0.4954733651280948,vcD1/deg4/bw5.0/hpQ5
selfish,212834,212835,700,6,87.4,0.444752781116749,vcD7/deg6/bw87.4/hpQ5
selfish,198887,198888,682,2,87.4,0.4229568538429628,vcD7/deg2/bw87.4/hpQ4
selfish,8870,8871,365,3,87.4,0.3239323376009491,vcD4/deg3/bw87.4/hpQ3
selfish,136608,136609,344,2,42.7,0.2331676534838964,vcD4/deg2/bw42.7/hpQ1
selfish,79702,79703,528,8,61.0,0.405342196225377,vcD6/deg8/bw61.0/hpQ4
selfish,120788,120789,86,2,61.0,0.2129379249701362,vcD1/deg2/bw61.0/hpQ1
selfish,16584,16585,208,7,29.9,0.4024582743628092,vcD2/deg7/bw29.9/hpQ4
selfish,205353,205354,436,8,14.6,0.3585232711576509,vcD5/deg8/bw14.6/hpQ3
selfish,218996,218997,37,7,125.0,0.4855618445578609,vcD1/deg7/bw125.0/hpQ5
selfish,229024,229025,24,3,5.0,0.454095890072901,vcD1/deg3/bw5.0/hpQ5
selfish,193010,193011,178,4,5.0,0.3777435584279705,vcD2/deg4/bw5.0/hpQ3
selfish,204502,204503,632,3,29.9,0.405342196225377,vcD7/deg3/bw29.9/hpQ4
selfish,246785,246786,281,4,61.0,0.4461023732799478,vcD3/deg4/bw61.0/hpQ5
selfish,156510,156511,462,8,29.9,0.3777435584279705,vcD5/deg8/bw29.9/hpQ3
selfish,234752,234753,138,8,61.0,0.366882515038515,vcD2/deg8/bw61.0/hpQ3
selfish,24013,24014,957,2,5.0,0.4312459512484686,vcD10/deg2/bw5.0/hpQ4
selfish,184242,184243,571,6,10.2,0.3733963553970497,vcD6/deg6/bw10.2/hpQ3
selfish,104559,104560,900,6,29.9,0.2892063661005389,vcD9/deg6/bw29.9/hpQ2
selfish,84898,84899,948,6,87.4,0.3227365905845993,vcD10/deg6/bw87.4/hpQ3
selfish,226219,226220,257,3,10.2,0.2461140406262255,vcD3/deg3/bw10.2/hpQ1
selfish,224380,224381,62,2,14.6,0.2269416996374781,vcD1/deg2/bw14.6/hpQ1
selfish,47426,47427,277,5,20.9,0.4590052735626949,vcD3/deg5/bw20.9/hpQ5
selfish,111759,111760,569,6,61.0,0.2892063661005389,vcD6/deg6/bw61.0/hpQ2
selfish,104127,104128,900,6,7.1,0.4304538627565802,vcD9/deg6/bw7.1/hpQ4
selfish,76043,76044,381,6,5.0,0.3297294244236074,vcD4/deg6/bw5.0/hpQ3
selfish,89256,89257,396,7,10.2,0.2281547978409189,vcD4/deg7/bw10.2/hpQ1
selfish,161349,161350,915,3,14.6,0.3349244931377773,vcD10/deg3/bw14.6/hpQ3
selfish,149492,149493,408,6,20.9,0.2779592827386458,vcD4/deg6/bw20.9/hpQ2
selfish,150246,150247,372,4,10.2,0.4071129309119736,vcD4/deg4/bw10.2/hpQ4
selfish,232635,232636,116,3,42.7,0.3461077870164497,vcD1/deg3/bw42.7/hpQ3
selfish,112468,112469,297,4,20.9,0.2070972729458678,vcD3/deg4/bw20.9/hpQ1
selfish,22505,22506,808,7,29.9,0.4911132375299709,vcD9/deg7/bw29.9/hpQ5
selfish,248470,248471,306,6,20.9,0.3239323376009491,vcD3/deg6/bw20.9/hpQ3
selfish,124237,124238,544,6,10.2,0.3509947337216052,vcD6/deg6/bw10.2/hpQ3
selfish,188388,188389,517,2,14.6,0.2129379249701362,vcD6/deg2/bw14.6/hpQ1
selfish,225831,225832,965,5,87.4,0.4495856593533723,vcD10/deg5/bw87.4/hpQ5
selfish,221644,221645,310,5,42.7,0.2747520561924723,vcD3/deg5/bw42.7/hpQ2
selfish,182636,182637,374,7,42.7,0.469568977189866,vcD4/deg7/bw42.7/hpQ5
selfish,199746,199747,358,3,61.0,0.4071129309119736,vcD4/deg3/bw61.0/hpQ4
selfish,145513,145514,315,7,29.9,0.4312459512484686,vcD4/deg7/bw29.9/hpQ4
selfish,45600,45601,892,5,42.7,0.3857676334163057,vcD9/deg5/bw42.7/hpQ4
selfish,2218,2219,953,6,10.2,0.4954733651280948,vcD10/deg6/bw10.2/hpQ5
selfish,176450,176451,231,5,20.9,0.2182850515748211,vcD3/deg5/bw20.9/hpQ1
selfish,222458,222459,558,7,20.9,0.2977847312437251,vcD6/deg7/bw20.9/hpQ2
selfish,50799,50800,636,4,61.0,0.4158727914731683,vcD7/deg4/bw61.0/hpQ4
selfish,150199,150200,372,4,7.1,0.4158727914731683,vcD4/deg4/bw7.1/hpQ4
selfish,162310,162311,168,7,14.6,0.3777435584279705,vcD2/deg7/bw14.6/hpQ3
selfish,90719,90720,144,5,61.0,0.2461140406262255,vcD2/deg5/bw61.0/hpQ1
selfish,13753,13754,582,3,61.0,0.3585232711576509,vcD6/deg3/bw61.0/hpQ3
selfish,64227,64228,587,3,10.2,0.4304538627565802,vcD6/deg3/bw10.2/hpQ4
selfish,205111,205112,436,8,7.1,0.3985108847427614,vcD5/deg8/bw7.1/hpQ4
selfish,209330,209331,454,4,14.6,0.2689147210983604,vcD5/deg4/bw14.6/hpQ2
selfish,24281,24282,957,2,10.2,0.3128186843462212,vcD10/deg2/bw10.2/hpQ2
selfish,109808,109809,170,3,87.4,0.2331676534838964,vcD2/deg3/bw87.4/hpQ1
selfish,128924,128925,32,6,125.0,0.454095890072901,vcD1/deg6/bw125.0/hpQ5
selfish,210339,210340,235,7,14.6,0.2501126952506121,vcD3/deg7/bw14.6/hpQ1
selfish,88719,88720,301,8,61.0,0.2461140406262255,vcD3/deg8/bw61.0/hpQ1
selfish,129820,129821,73,8,87.4,0.2397567210258474,vcD1/deg8/bw87.4/hpQ1
selfish,133855,133856,851,6,87.4,0.4768512858671266,vcD9/deg6/bw87.4/hpQ5
selfish,19248,19249,136,4,10.2,0.3008118292997498,vcD2/deg4/bw10.2/hpQ2
selfish,238484,238485,629,6,20.9,0.4024582743628092,vcD7/deg6/bw20.9/hpQ4
selfish,190004,190005,187,2,5.0,0.4995762557070848,vcD2/deg2/bw5.0/hpQ5
selfish,58180,58181,555,2,7.1,0.2269416996374781,vcD6/deg2/bw7.1/hpQ1
selfish,38549,38550,63,2,29.9,0.3349244931377773,vcD1/deg2/bw29.9/hpQ3
selfish,249332,249333,649,5,14.6,0.2594311744995365,vcD7/deg5/bw14.6/hpQ1
selfish,161913,161914,915,3,125.0,0.4312459512484686,vcD10/deg3/bw125.0/hpQ4
selfish,216920,216921,825,5,125.0,0.2397567210258474,vcD9/deg5/bw125.0/hpQ1
selfish,128133,128134,32,6,7.1,0.4113840234518945,vcD1/deg6/bw7.1/hpQ4
selfish,90235,90236,144,5,10.2,0.3461077870164497,vcD2/deg5/bw10.2/hpQ3
selfish,234661,234662,138,8,42.7,0.3350709844137344,vcD2/deg8/bw42.7/hpQ3
selfish,157985,157986,920,3,125.0,0.4461023732799478,vcD10/deg3/bw125.0/hpQ5
selfish,132328,132329,206,4,14.6,0.2901917465581629,vcD2/deg4/bw14.6/hpQ2
selfish,46907,46908,677,6,125.0,0.3927810904963459,vcD7/deg6/bw125.0/hpQ4
selfish,151605,151606,346,7,42.7,0.4911132375299709,vcD4/deg7/bw42.7/hpQ5
selfish,197597,197598,482,5,29.9,0.21729239263723,vcD5/deg5/bw29.9/hpQ1
selfish,141787,141788,110,4,61.0,0.4229568538429628,vcD1/deg4/bw61.0/hpQ4
selfish,35339,35340,455,7,14.6,0.2501126952506121,vcD5/deg7/bw14.6/hpQ1
selfish,10656,10657,104,4,42.7,0.2281547978409189,vcD1/deg4/bw42.7/hpQ1
selfish,70558,70559,975,5,29.9,0.2977847312437251,vcD10/deg5/bw29.9/hpQ2
selfish,214930,214931,264,6,125.0,0.2689147210983604,vcD3/deg6/bw125.0/hpQ2
selfish,7851,7852,564,3,87.4,0.3898718220747056,vcD6/deg3/bw87.4/hpQ4
selfish,180571,180572,535,5,29.9,0.3156406422303758,vcD6/deg5/bw29.9/hpQ2
selfish,101736,101737,887,5,61.0,0.469568977189866,vcD9/deg5/bw61.0/hpQ5
selfish,30385,30386,336,6,14.6,0.4461023732799478,vcD4/deg6/bw14.6/hpQ5
selfish,200168,200169,697,7,7.1,0.2070972729458678,vcD7/deg7/bw7.1/hpQ1
selfish,20133,20134,865,7,7.1,0.4113840234518945,vcD9/deg7/bw7.1/hpQ4
selfish,178140,178141,508,7,7.1,0.3883150820571905,vcD5/deg7/bw7.1/hpQ4
selfish,181386,181387,736,4,14.6,0.3108669576156866,vcD8/deg4/bw14.6/hpQ2
selfish,245398,245399,288,8,14.6,0.3227365905845993,vcD3/deg8/bw14.6/hpQ3
selfish,144348,144349,723,2,14.6,0.3008118292997498,vcD8/deg2/bw14.6/hpQ2
selfish,230293,230294,708,6,10.2,0.2857700497959219,vcD8/deg6/bw10.2/hpQ2
selfish,70093,70094,975,5,5.0,0.2857700497959219,vcD10/deg5/bw5.0/hpQ2
selfish,161175,161176,915,3,7.1,0.3027820674966874,vcD10/deg3/bw7.1/hpQ2
selfish,126070,126071,671,6,5.0,0.3239323376009491,vcD7/deg6/bw5.0/hpQ3
selfish,52848,52849,404,8,87.4,0.3008118292997498,vcD4/deg8/bw87.4/hpQ2
selfish,119046,119047,766,7,5.0,0.4071129309119736,vcD8/deg7/bw5.0/hpQ4
selfish,39873,39874,219,5,87.4,0.4831039344913304,vcD3/deg5/bw87.4/hpQ5
selfish,26443,26444,469,5,20.9,0.3297294244236074,vcD5/deg5/bw20.9/hpQ3
selfish,157727,157728,920,3,61.0,0.4304538627565802,vcD10/deg3/bw61.0/hpQ4
selfish,217993,217994,262,5,125.0,0.2857700497959219,vcD3/deg5/bw125.0/hpQ2
selfish,157027,157028,920,3,5.0,0.4304538627565802,vcD10/deg3/bw5.0/hpQ4
selfish,244903,244904,414,4,125.0,0.2627648343443758,vcD5/deg4/bw125.0/hpQ2
selfish,18199,18200,871,3,7.1,0.4158727914731683,vcD9/deg3/bw7.1/hpQ4
selfish,165633,165634,713,5,42.7,0.4113840234518945,vcD8/deg5/bw42.7/hpQ4
selfish,146111,146112,829,7,7.1,0.3985108847427614,vcD9/deg7/bw7.1/hpQ4
selfish,21094,21095,213,6,5.0,0.3751229337419657,vcD2/deg6/bw5.0/hpQ3
selfish,208219,208220,512,4,10.2,0.2461140406262255,vcD6/deg4/bw10.2/hpQ1
selfish,28910,28911,939,2,125.0,0.3777435584279705,vcD10/deg2/bw125.0/hpQ3
selfish,241874,241875,605,5,87.4,0.2525545317138812,vcD6/deg5/bw87.4/hpQ1
selfish,174225,174226,800,5,10.2,0.2702561230694959,vcD8/deg5/bw10.2/hpQ2
selfish,133451,133452,851,6,20.9,0.3898718220747056,vcD9/deg6/bw20.9/hpQ4
selfish,65791,65792,488,5,61.0,0.3544902343139808,vcD5/deg5/bw61.0/hpQ3
selfish,222679,222680,558,7,42.7,0.2816906079992455,vcD6/deg7/bw42.7/hpQ2
selfish,82309,82310,994,4,14.6,0.4737946714611262,vcD10/deg4/bw14.6/hpQ5
selfish,168050,168051,548,5,5.0,0.2182850515748211,vcD6/deg5/bw5.0/hpQ1
selfish,228987,228988,271,4,125.0,0.4229568538429628,vcD3/deg4/bw125.0/hpQ4
selfish,43037,43038,392,6,5.0,0.3509947337216052,vcD4/deg6/bw5.0/hpQ3
selfish,203378,203379,601,6,14.6,0.3642632456563252,vcD6/deg6/bw14.6/hpQ3
selfish,206506,206507,790,7,29.9,0.4657787213448116,vcD8/deg7/bw29.9/hpQ5
selfish,117237,117238,267,3,10.2,0.3509947337216052,vcD3/deg3/bw10.2/hpQ3
selfish,177913,177914,147,5,125.0,0.4312459512484686,vcD2/deg5/bw125.0/hpQ4
selfish,168902,168903,548,5,125.0,0.405342196225377,vcD6/deg5/bw125.0/hpQ4
selfish,35767,35768,455,7,61.0,0.3706046305857265,vcD5/deg7/bw61.0/hpQ3
selfish,71748,71749,353,7,61.0,0.3008118292997498,vcD4/deg7/bw61.0/hpQ2
selfish,143757,143758,658,3,61.0,0.3409275648695138,vcD7/deg3/bw61.0/hpQ3
selfish,120255,120256,86,2,10.2,0.4768512858671266,vcD1/deg2/bw10.2/hpQ5
selfish,74761,74762,351,4,61.0,0.3350709844137344,vcD4/deg4/bw61.0/hpQ3
selfish,46552,46553,677,6,29.9,0.366882515038515,vcD7/deg6/bw29.9/hpQ3
selfish,206036,206037,790,7,5.0,0.469568977189866,vcD8/deg7/bw5.0/hpQ5
selfish,209273,209274,454,4,10.2,0.4831039344913304,vcD5/deg4/bw10.2/hpQ5
selfish,93871,93872,153,8,87.4,0.3156406422303758,vcD2/deg8/bw87.4/hpQ2
selfish,222835,222836,558,7,87.4,0.3461077870164497,vcD6/deg7/bw87.4/hpQ3
selfish,38630,38631,63,2,42.7,0.2689147210983604,vcD1/deg2/bw42.7/hpQ2
selfish,212661,212662,700,6,42.7,0.3350709844137344,vcD7/deg6/bw42.7/hpQ3
selfish,122668,122669,956,3,42.7,0.2070972729458678,vcD10/deg3/bw42.7/hpQ1
selfish,235729,235730,812,2,61.0,0.2039812783100412,vcD9/deg2/bw61.0/hpQ1
selfish,152750,152751,909,5,61.0,0.2182850515748211,vcD10/deg5/bw61.0/hpQ1
selfish,14838,14839,618,4,87.4,0.4790241755215713,vcD7/deg4/bw87.4/hpQ5
selfish,155484,155485,985,8,20.9,0.4024582743628092,vcD10/deg8/bw20.9/hpQ4
selfish,158942,158943,875,3,125.0,0.3733963553970497,vcD9/deg3/bw125.0/hpQ3
selfish,30728,30729,336,6,61.0,0.2901917465581629,vcD4/deg6/bw61.0/hpQ2
selfish,237346,237347,523,3,14.6,0.4071129309119736,vcD6/deg3/bw14.6/hpQ4
selfish,85732,85733,945,7,61.0,0.2594311744995365,vcD10/deg7/bw61.0/hpQ1
selfish,191086,191087,732,3,5.0,0.3108669576156866,vcD8/deg3/bw5.0/hpQ2
selfish,174798,174799,800,5,61.0,0.3227365905845993,vcD8/deg5/bw61.0/hpQ3
selfish,182265,182266,374,7,10.2,0.4409284566649496,vcD4/deg7/bw10.2/hpQ5
selfish,110013,110014,199,6,5.0,0.4312459512484686,vcD2/deg6/bw5.0/hpQ4
selfish,137798,137799,158,5,61.0,0.3227365905845993,vcD2/deg5/bw61.0/hpQ3
selfish,2302,2303,953,6,14.6,0.405342196225377,vcD10/deg6/bw14.6/hpQ4
selfish,185027,185028,411,7,5.0,0.4304538627565802,vcD4/deg7/bw5.0/hpQ4
selfish,173678,173679,69,3,42.7,0.3642632456563252,vcD1/deg3/bw42.7/hpQ3
selfish,160679,160680,685,4,42.7,0.2816906079992455,vcD7/deg4/bw42.7/hpQ2
selfish,118771,118772,928,4,61.0,0.3156406422303758,vcD10/deg4/bw61.0/hpQ2
selfish,178315,178316,508,7,14.6,0.4208942434349683,vcD5/deg7/bw14.6/hpQ4
selfish,156774,156775,462,8,61.0,0.2525545317138812,vcD5/deg8/bw61.0/hpQ1
selfish,90484,90485,144,5,20.9,0.4024582743628092,vcD2/deg5/bw20.9/hpQ4
selfish,119857,119858,766,7,87.4,0.3409275648695138,vcD8/deg7/bw87.4/hpQ3
selfish,93372,93373,153,8,14.6,0.2631399047202775,vcD2/deg8/bw14.6/hpQ2
selfish,85085,85086,945,7,5.0,0.4461023732799478,vcD10/deg7/bw5.0/hpQ5
selfish,208065,208066,512,4,5.0,0.4409284566649496,vcD6/deg4/bw5.0/hpQ5
selfish,63703,63704,328,2,61.0,0.2627648343443758,vcD4/deg2/bw61.0/hpQ2
selfish,126362,126363,671,6,14.6,0.4714045721788255,vcD7/deg6/bw14.6/hpQ5
lead_stubborn,109711,109712,170,3,61.0,0.3985108847427614,vcD2/deg3/bw61.0/hpQ4
lead_stubborn,13575,13576,582,3,29.9,0.3027820674966874,vcD6/deg3/bw29.9/hpQ2
lead_stubborn,108199,108200,776,4,7.1,0.4158727914731683,vcD8/deg4/bw7.1/hpQ4
lead_stubborn,115316,115317,669,2,14.6,0.4372556438030128,vcD7/deg2/bw14.6/hpQ4
lead_stubborn,105009,105010,423,3,5.0,0.4737946714611262,vcD5/deg3/bw5.0/hpQ5
lead_stubborn,55997,55998,475,7,125.0,0.21729239263723,vcD5/deg7/bw125.0/hpQ1
lead_stubborn,211451,211452,664,5,20.9,0.3898718220747056,vcD7/deg5/bw20.9/hpQ4
lead_stubborn,8513,8514,365,3,29.9,0.4312459512484686,vcD4/deg3/bw29.9/hpQ4
lead_stubborn,219435,219436,496,3,20.9,0.3461077870164497,vcD5/deg3/bw20.9/hpQ3
lead_stubborn,172764,172765,54,7,61.0,0.3439678088500045,vcD1/deg7/bw61.0/hpQ3
lead_stubborn,617,618,195,2,42.7,0.2312345941585266,vcD2/deg2/bw42.7/hpQ1
lead_stubborn,102821,102822,741,5,87.4,0.24260325729568,vcD8/deg5/bw87.4/hpQ1
lead_stubborn,110260,110261,199,6,10.2,0.3070497535774244,vcD2/deg6/bw10.2/hpQ2
lead_stubborn,59228,59229,203,3,10.2,0.2901917465581629,vcD2/deg3/bw10.2/hpQ2
lead_stubborn,127439,127440,434,6,20.9,0.2501126952506121,vcD5/deg6/bw20.9/hpQ1
lead_stubborn,22422,22423,808,7,20.9,0.3494898166749496,vcD9/deg7/bw20.9/hpQ3
lead_stubborn,216424,216425,825,5,20.9,0.454095890072901,vcD9/deg5/bw20.9/hpQ5
lead_stubborn,120935,120936,86,2,125.0,0.3461077870164497,vcD1/deg2/bw125.0/hpQ3
lead_stubborn,71510,71511,353,7,29.9,0.3777435584279705,vcD4/deg7/bw29.9/hpQ3
lead_stubborn,132134,132135,206,4,7.1,0.444752781116749,vcD2/deg4/bw7.1/hpQ5
lead_stubborn,124867,124868,544,6,87.4,0.3706046305857265,vcD6/deg6/bw87.4/hpQ3
lead_stubborn,229465,229466,24,3,20.9,0.4409284566649496,vcD1/deg3/bw20.9/hpQ5
lead_stubborn,197235,197236,482,5,10.2,0.3461077870164497,vcD5/deg5/bw10.2/hpQ3
lead_stubborn,53037,53038,245,5,5.0,0.3509947337216052,vcD3/deg5/bw5.0/hpQ3
lead_stubborn,188990,188991,517,2,125.0,0.3969614753991711,vcD6/deg2/bw125.0/hpQ4
lead_stubborn,58221,58222,555,2,10.2,0.24260325729568,vcD6/deg2/bw10.2/hpQ1
lead_stubborn,16165,16166,208,7,7.1,0.4409284566649496,vcD2/deg7/bw7.1/hpQ5
lead_stubborn,243528,243529,485,6,29.9,0.2901917465581629,vcD5/deg6/bw29.9/hpQ2
lead_stubborn,133217,133218,851,6,10.2,0.2312345941585266,vcD9/deg6/bw10.2/hpQ1
lead_stubborn,19946,19947,136,4,125.0,0.4071129309119736,vcD2/deg4/bw125.0/hpQ4
lead_stubborn,2434,2435,953,6,20.9,0.444752781116749,vcD10/deg6/bw20.9/hpQ5
lead_stubborn,64160,64161,587,3,7.1,0.3070497535774244,vcD6/deg3/bw7.1/hpQ2
lead_stubborn,247578,247579,445,4,29.9,0.3642632456563252,vcD5/deg4/bw29.9/hpQ3
lead_stubborn,92350,92351,162,6,14.6,0.2182850515748211,vcD2/deg6/bw14.6/hpQ1
lead_stubborn,203153,203154,601,6,7.1,0.3585232711576509,vcD6/deg6/bw7.1/hpQ3
lead_stubborn,61302,61303,539,4,14.6,0.405342196225377,vcD6/deg4/bw14.6/hpQ4
lead_stubborn,132680,132681,206,4,42.7,0.2269416996374781,vcD2/deg4/bw42.7/hpQ1
lead_stubborn,246599,246600,281,4,29.9,0.4158727914731683,vcD3/deg4/bw29.9/hpQ4
lead_stubborn,104319,104320,900,6,14.6,0.2461140406262255,vcD9/deg6/bw14.6/hpQ1
lead_stubborn,45546,45547,892,5,29.9,0.4071129309119736,vcD9/deg5/bw29.9/hpQ4
lead_stubborn,240632,240633,771,5,42.7,0.2594311744995365,vcD8/deg5/bw42.7/hpQ1
lead_stubborn,119512,119513,766,7,29.9,0.2238256630629619,vcD8/deg7/bw29.9/hpQ1
lead_stubborn,140340,140341,821,5,14.6,0.3883150820571905,vcD9/deg5/bw14.6/hpQ4
lead_stubborn,69273,69274,463,4,10.2,0.4831039344913304,vcD5/deg4/bw10.2/hpQ5
lead_stubborn,65509,65510,488,5,29.9,0.4737946714611262,vcD5/deg5/bw29.9/hpQ5
lead_stubborn,225620,225621,965,5,42.7,0.2397567210258474,vcD10/deg5/bw42.7/hpQ1
lead_stubborn,222145,222146,558,7,7.1,0.4184444837622084,vcD6/deg7/bw7.1/hpQ4
lead_stubborn,170465,170466,780,3,20.9,0.4409284566649496,vcD8/deg3/bw20.9/hpQ5
lead_stubborn,66240,66241,424,7,10.2,0.3883150820571905,vcD5/deg7/bw10.2/hpQ4
lead_stubborn,5091,5092,29,8,5.0,0.3544902343139808,vcD1/deg8/bw5.0/hpQ3
lead_stubborn,71696,71697,353,7,42.7,0.4855618445578609,vcD4/deg7/bw42.7/hpQ5
lead_stubborn,56300,56301,323,8,14.6,0.3857676334163057,vcD4/deg8/bw14.6/hpQ4
lead_stubborn,138653,138654,472,7,42.7,0.3585232711576509,vcD5/deg7/bw42.7/hpQ3
lead_stubborn,119379,119380,766,7,14.6,0.2816906079992455,vcD8/deg7/bw14.6/hpQ2
lead_stubborn,117359,117360,267,3,14.6,0.2892063661005389,vcD3/deg3/bw14.6/hpQ2
lead_stubborn,35612,35613,455,7,42.7,0.2238256630629619,vcD5/deg7/bw42.7/hpQ1
lead_stubborn,236629,236630,861,5,42.7,0.2039812783100412,vcD9/deg5/bw42.7/hpQ1
lead_stubborn,208909,208910,512,4,125.0,0.4737946714611262,vcD6/deg4/bw125.0/hpQ5
lead_stubborn,10110,10111,104,4,7.1,0.3777435584279705,vcD1/deg4/bw7.1/hpQ3
lead_stubborn,75489,75490,755,6,20.9,0.3196298037016608,vcD8/deg6/bw20.9/hpQ2
lead_stubborn,243158,243159,485,6,7.1,0.2977847312437251,vcD5/deg6/bw7.1/hpQ2
lead_stubborn,103702,103703,429,4,61.0,0.405342196225377,vcD5/deg4/bw61.0/hpQ4
lead_stubborn,52477,52478,404,8,20.9,0.3815618301396259,vcD4/deg8/bw20.9/hpQ4
lead_stubborn,103092,103093,429,4,5.0,0.2779592827386458,vcD5/deg4/bw5.0/hpQ2
lead_stubborn,55402,55403,475,7,20.9,0.405342196225377,vcD5/deg7/bw20.9/hpQ4
lead_stubborn,40217,40218,50,3,10.2,0.2312345941585266,vcD1/deg3/bw10.2/hpQ1
lead_stubborn,134328,134329,923,7,14.6,0.2901917465581629,vcD10/deg7/bw14.6/hpQ2
lead_stubborn,79051,79052,528,8,5.0,0.3898718220747056,vcD6/deg8/bw5.0/hpQ4
lead_stubborn,234976,234977,138,8,125.0,0.2375482709814891,vcD2/deg8/bw125.0/hpQ1
lead_stubborn,248667,248668,306,6,42.7,0.3706046305857265,vcD3/deg6/bw42.7/hpQ3
lead_stubborn,216614,216615,825,5,42.7,0.28091147618982,vcD9/deg5/bw42.7/hpQ2
lead_stubborn,65907,65908,488,5,125.0,0.3927810904963459,vcD5/deg5/bw125.0/hpQ4
lead_stubborn,135759,135760,242,7,61.0,0.2892063661005389,vcD3/deg7/bw61.0/hpQ2
lead_stubborn,160773,160774,685,4,61.0,0.4831039344913304,vcD7/deg4/bw61.0/hpQ5
lead_stubborn,240308,240309,771,5,14.6,0.2331676534838964,vcD8/deg5/bw14.6/hpQ1
lead_stubborn,106393,106394,869,3,14.6,0.2857700497959219,vcD9/deg3/bw14.6/hpQ2
lead_stubborn,75612,75613,755,6,42.7,0.2238256630629619,vcD8/deg6/bw42.7/hpQ1
lead_stubborn,205460,205461,436,8,20.9,0.3070497535774244,vcD5/deg8/bw20.9/hpQ2
lead_stubborn,26148,26149,469,5,7.1,0.3008118292997498,vcD5/deg5/bw7.1/hpQ2
lead_stubborn,58810,58811,555,2,87.4,0.3777435584279705,vcD6/deg2/bw87.4/hpQ3
lead_stubborn,153381,153382,518,7,14.6,0.3128186843462212,vcD6/deg7/bw14.6/hpQ2
lead_stubborn,226708,226709,257,3,61.0,0.2331676534838964,vcD3/deg3/bw61.0/hpQ1
lead_stubborn,105327,105328,423,3,14.6,0.4304538627565802,vcD5/deg3/bw14.6/hpQ4
lead_stubborn,155139,155140,985,8,7.1,0.2501126952506121,vcD10/deg8/bw7.1/hpQ1
lead_stubborn,3961,3962,842,2,125.0,0.3350709844137344,vcD9/deg2/bw125.0/hpQ3
lead_stubborn,77442,77443,285,7,20.9,0.3733963553970497,vcD3/deg7/bw20.9/hpQ3
lead_stubborn,59943,59944,203,3,125.0,0.3297294244236074,vcD2/deg3/bw125.0/hpQ3
lead_stubborn,21512,21513,213,6,29.9,0.2238256630629619,vcD2/deg6/bw29.9/hpQ1
lead_stubborn,85435,85436,945,7,20.9,0.3461077870164497,vcD10/deg7/bw20.9/hpQ3
lead_stubborn,131227,131228,935,6,10.2,0.4304538627565802,vcD10/deg6/bw10.2/hpQ4
lead_stubborn,113701,113702,236,3,61.0,0.2959114945914544,vcD3/deg3/bw61.0/hpQ2
lead_stubborn,92208,92209,162,6,10.2,0.2331676534838964,vcD2/deg6/bw10.2/hpQ1
lead_stubborn,200058,200059,697,7,5.0,0.2977847312437251,vcD7/deg7/bw5.0/hpQ2
lead_stubborn,246335,246336,281,4,14.6,0.3461077870164497,vcD3/deg4/bw14.6/hpQ3
lead_stubborn,29742,29743,931,7,61.0,0.3733963553970497,vcD10/deg7/bw61.0/hpQ3
lead_stubborn,5733,5734,29,8,61.0,0.4113840234518945,vcD1/deg8/bw61.0/hpQ4
lead_stubborn,104081,104082,900,6,5.0,0.3128186843462212,vcD9/deg6/bw5.0/hpQ2
lead_stubborn,167,168,195,2,7.1,0.3706046305857265,vcD2/deg2/bw7.1/hpQ3
lead_stubborn,130888,130889,979,6,87.4,0.2129379249701362,vcD10/deg6/bw87.4/hpQ1
lead_stubborn,58760,58761,555,2,61.0,0.3070497535774244,vcD6/deg2/bw61.0/hpQ2
lead_stubborn,52001,52002,404,8,5.0,0.2959114945914544,vcD4/deg8/bw5.0/hpQ2
lead_stubborn,54761,54762,749,5,61.0,0.3350709844137344,vcD8/deg5/bw61.0/hpQ3
lead_stubborn,176398,176399,231,5,14.6,0.3227365905845993,vcD3/deg5/bw14.6/hpQ3
lead_stubborn,142592,142593,883,5,29.9,0.2779592827386458,vcD9/deg5/bw29.9/hpQ2
lead_stubborn,140765,140766,821,5,61.0,0.4409284566649496,vcD9/deg5/bw61.0/hpQ5
lead_stubborn,137946,137947,158,5,125.0,0.4071129309119736,vcD2/deg5/bw125.0/hpQ4
lead_stubborn,243459,243460,485,6,20.9,0.2892063661005389,vcD5/deg6/bw20.9/hpQ2
lead_stubborn,31208,31209,704,3,10.2,0.2331676534838964,vcD7/deg3/bw10.2/hpQ1
lead_stubborn,238981,238982,629,6,125.0,0.3128186843462212,vcD7/deg6/bw125.0/hpQ2
lead_stubborn,40865,40866,50,3,87.4,0.4409284566649496,vcD1/deg3/bw87.4/hpQ5
lead_stubborn,234514,234515,138,8,29.9,0.28091147618982,vcD2/deg8/bw29.9/hpQ2
lead_stubborn,115178,115179,669,2,7.1,0.3642632456563252,vcD7/deg2/bw7.1/hpQ3
lead_stubborn,89170,89171,396,7,7.1,0.3239323376009491,vcD4/deg7/bw7.1/hpQ3
lead_stubborn,190578,190579,187,2,29.9,0.3642632456563252,vcD2/deg2/bw29.9/hpQ3
lead_stubborn,167611,167612,75,4,42.7,0.3985108847427614,vcD1/deg4/bw42.7/hpQ4
lead_stubborn,45870,45871,892,5,87.4,0.3239323376009491,vcD9/deg5/bw87.4/hpQ3
lead_stubborn,243834,243835,485,6,87.4,0.444752781116749,vcD5/deg6/bw87.4/hpQ5
lead_stubborn,211704,211705,664,5,61.0,0.4995762557070848,vcD7/deg5/bw61.0/hpQ5
lead_stubborn,5252,5253,29,8,10.2,0.366882515038515,vcD1/deg8/bw10.2/hpQ3
lead_stubborn,56771,56772,323,8,61.0,0.3156406422303758,vcD4/deg8/bw61.0/hpQ2
lead_stubborn,85317,85318,945,7,14.6,0.2312345941585266,vcD10/deg7/bw14.6/hpQ1
lead_stubborn,175942,175943,970,6,125.0,0.3733963553970497,vcD10/deg6/bw125.0/hpQ3
lead_stubborn,213756,213757,81,6,61.0,0.2281547978409189,vcD1/deg6/bw61.0/hpQ1
lead_stubborn,242484,242485,387,4,20.9,0.4024582743628092,vcD4/deg4/bw20.9/hpQ4
lead_stubborn,6253,6254,645,7,10.2,0.3585232711576509,vcD7/deg7/bw10.2/hpQ3
lead_stubborn,50232,50233,636,4,10.2,0.2594311744995365,vcD7/deg4/bw10.2/hpQ1
lead_stubborn,220977,220978,785,3,125.0,0.3815618301396259,vcD8/deg3/bw125.0/hpQ4
lead_stubborn,113983,113984,236,3,125.0,0.4277086989642705,vcD3/deg3/bw125.0/hpQ4
lead_stubborn,162635,162636,168,7,42.7,0.3461077870164497,vcD2/deg7/bw42.7/hpQ3
lead_stubborn,206115,206116,790,7,7.1,0.4208942434349683,vcD8/deg7/bw7.1/hpQ4
lead_stubborn,48100,48101,41,7,7.1,0.3857676334163057,vcD1/deg7/bw7.1/hpQ4
lead_stubborn,45134,45135,892,5,7.1,0.444752781116749,vcD9/deg5/bw7.1/hpQ5
lead_stubborn,25721,25722,133,3,61.0,0.24260325729568,vcD2/deg3/bw61.0/hpQ1
lead_stubborn,94429,94430,440,4,20.9,0.2039812783100412,vcD5/deg4/bw20.9/hpQ1
lead_stubborn,47275,47276,277,5,10.2,0.3027820674966874,vcD3/deg5/bw10.2/hpQ2
lead_stubborn,201074,201075,418,6,5.0,0.2525545317138812,vcD5/deg6/bw5.0/hpQ1
lead_stubborn,34233,34234,816,3,10.2,0.4113840234518945,vcD9/deg3/bw10.2/hpQ4
lead_stubborn,1407,1408,57,6,20.9,0.3927810904963459,vcD1/deg6/bw20.9/hpQ4
lead_stubborn,89059,89060,396,7,5.0,0.2892063661005389,vcD4/deg7/bw5.0/hpQ2
lead_stubborn,13865,13866,582,3,87.4,0.4409284566649496,vcD6/deg3/bw87.4/hpQ5
lead_stubborn,215555,215556,332,6,29.9,0.4768512858671266,vcD4/deg6/bw29.9/hpQ5
lead_stubborn,198635,198636,682,2,42.7,0.3461077870164497,vcD7/deg2/bw42.7/hpQ3
lead_stubborn,31625,31626,704,3,42.7,0.2702561230694959,vcD7/deg3/bw42.7/hpQ2
lead_stubborn,157439,157440,920,3,20.9,0.2501126952506121,vcD10/deg3/bw20.9/hpQ1
lead_stubborn,43334,43335,392,6,14.6,0.444752781116749,vcD4/deg6/bw14.6/hpQ5
lead_stubborn,58085,58086,555,2,5.0,0.4461023732799478,vcD6/deg2/bw5.0/hpQ5
lead_stubborn,23545,23546,800,5,29.9,0.4184444837622084,vcD8/deg5/bw29.9/hpQ4
lead_stubborn,44547,44548,225,6,29.9,0.2114807290736435,vcD3/deg6/bw29.9/hpQ1
lead_stubborn,7680,7681,564,3,42.7,0.2269416996374781,vcD6/deg3/bw42.7/hpQ1
lead_stubborn,147004,147005,846,5,5.0,0.4995762557070848,vcD9/deg5/bw5.0/hpQ5
lead_stubborn,204227,204228,632,3,10.2,0.4304538627565802,vcD7/deg3/bw10.2/hpQ4
lead_stubborn,195418,195419,580,6,20.9,0.4954733651280948,vcD6/deg6/bw20.9/hpQ5
lead_stubborn,7444,7445,564,3,20.9,0.2747520561924723,vcD6/deg3/bw20.9/hpQ2
lead_stubborn,90620,90621,144,5,42.7,0.2397567210258474,vcD2/deg5/bw42.7/hpQ1
lead_stubborn,136280,136281,344,2,10.2,0.2269416996374781,vcD4/deg2/bw10.2/hpQ1
lead_stubborn,56999,57000,323,8,125.0,0.4158727914731683,vcD4/deg8/bw125.0/hpQ4
lead_stubborn,23948,23949,800,5,125.0,0.3008118292997498,vcD8/deg5/bw125.0/hpQ2
lead_stubborn,122748,122749,956,3,61.0,0.3008118292997498,vcD10/deg3/bw61.0/hpQ2
lead_stubborn,170892,170893,780,3,87.4,0.2779592827386458,vcD8/deg3/bw87.4/hpQ2
lead_stubborn,145241,145242,315,7,10.2,0.2544637386172081,vcD4/deg7/bw10.2/hpQ1
lead_stubborn,195653,195654,580,6,42.7,0.3585232711576509,vcD6/deg6/bw42.7/hpQ3
lead_stubborn,108043,108044,776,4,5.0,0.3297294244236074,vcD8/deg4/bw5.0/hpQ3
lead_stubborn,88492,88493,301,8,20.9,0.2779592827386458,vcD3/deg8/bw20.9/hpQ2
lead_stubborn,76155,76156,381,6,7.1,0.4768512858671266,vcD4/deg6/bw7.1/hpQ5
lead_stubborn,50504,50505,636,4,29.9,0.4995762557070848,vcD7/deg4/bw29.9/hpQ5
lead_stubborn,67983,67984,655,4,125.0,0.4277086989642705,vcD7/deg4/bw125.0/hpQ4
lead_stubborn,71330,71331,353,7,14.6,0.2689147210983604,vcD4/deg7/bw14.6/hpQ2
lead_stubborn,43879,43880,392,6,87.4,0.2816906079992455,vcD4/deg6/bw87.4/hpQ2
lead_stubborn,29188,29189,931,7,7.1,0.2129379249701362,vcD10/deg7/bw7.1/hpQ1
lead_stubborn,18755,18756,871,3,61.0,0.4768512858671266,vcD9/deg3/bw61.0/hpQ5
lead_stubborn,221723,221724,310,5,61.0,0.4574864654719545,vcD3/deg5/bw61.0/hpQ5
lead_stubborn,112213,112214,297,4,10.2,0.4312459512484686,vcD3/deg4/bw10.2/hpQ4
lead_stubborn,57786,57787,183,4,61.0,0.3108669576156866,vcD2/deg4/bw61.0/hpQ2
lead_stubborn,108339,108340,776,4,14.6,0.2501126952506121,vcD8/deg4/bw14.6/hpQ1
lead_stubborn,19303,19304,136,4,14.6,0.2627648343443758,vcD2/deg4/bw14.6/hpQ2
lead_stubborn,44878,44879,225,6,87.4,0.3642632456563252,vcD3/deg6/bw87.4/hpQ3
lead_stubborn,18615,18616,871,3,42.7,0.4208942434349683,vcD9/deg3/bw42.7/hpQ4
lead_stubborn,150379,150380,372,4,14.6,0.2816906079992455,vcD4/deg4/bw14.6/hpQ2
lead_stubborn,235808,235809,812,2,87.4,0.2331676534838964,vcD9/deg2/bw87.4/hpQ1
lead_stubborn,74543,74544,351,4,29.9,0.3297294244236074,vcD4/deg4/bw29.9/hpQ3
lead_stubborn,221252,221253,310,5,10.2,0.366882515038515,vcD3/deg5/bw10.2/hpQ3
lead_stubborn,158162,158163,875,3,7.1,0.4714045721788255,vcD9/deg3/bw7.1/hpQ5
lead_stubborn,90144,90145,144,5,7.1,0.2747520561924723,vcD2/deg5/bw7.1/hpQ2
lead_stubborn,18218,18219,871,3,10.2,0.4954733651280948,vcD9/deg3/bw10.2/hpQ5
lead_stubborn,144255,144256,723,2,10.2,0.4768512858671266,vcD8/deg2/bw10.2/hpQ5
lead_stubborn,199482,199483,358,3,20.9,0.2028601193675408,vcD4/deg3/bw20.9/hpQ1
lead_stubborn,26866,26867,469,5,87.4,0.3604525200861999,vcD5/deg5/bw87.4/hpQ3
lead_stubborn,206953,206954,790,7,125.0,0.3585232711576509,vcD8/deg7/bw125.0/hpQ3
lead_stubborn,13110,13111,582,3,7.1,0.3777435584279705,vcD6/deg3/bw7.1/hpQ3
lead_stubborn,242689,242690,387,4,42.7,0.3196298037016608,vcD4/deg4/bw42.7/hpQ2
lead_stubborn,61593,61594,539,4,29.9,0.2857700497959219,vcD6/deg4/bw29.9/hpQ2
lead_stubborn,145394,145395,315,7,14.6,0.3751229337419657,vcD4/deg7/bw14.6/hpQ3
lead_stubborn,237040,237041,523,3,5.0,0.3883150820571905,vcD6/deg3/bw5.0/hpQ4
lead_stubborn,92709,92710,162,6,61.0,0.4737946714611262,vcD2/deg6/bw61.0/hpQ5
lead_stubborn,177649,177650,147,5,42.7,0.3349244931377773,vcD2/deg5/bw42.7/hpQ3
lead_stubborn,73828,73829,898,7,87.4,0.2901917465581629,vcD9/deg7/bw87.4/hpQ2
lead_stubborn,141878,141879,110,4,87.4,0.3642632456563252,vcD1/deg4/bw87.4/hpQ3
lead_stubborn,84438,84439,948,6,20.9,0.4790241755215713,vcD10/deg6/bw20.9/hpQ5
lead_stubborn,69783,69784,463,4,61.0,0.4277086989642705,vcD5/deg4/bw61.0/hpQ4
lead_stubborn,141467,141468,110,4,20.9,0.3706046305857265,vcD1/deg4/bw20.9/hpQ3
lead_stubborn,219730,219731,496,3,61.0,0.2689147210983604,vcD5/deg3/bw61.0/hpQ2
lead_stubborn,245141,245142,288,8,7.1,0.2544637386172081,vcD3/deg8/bw7.1/hpQ1
lead_stubborn,32961,32962,726,7,125.0,0.3350709844137344,vcD8/deg7/bw125.0/hpQ3
lead_stubborn,97912,97913,530,8,125.0,0.2238256630629619,vcD6/deg8/bw125.0/hpQ1
lead_stubborn,46130,46131,677,6,7.1,0.2689147210983604,vcD7/deg6/bw7.1/hpQ2
lead_stubborn,45223,45224,892,5,10.2,0.4574864654719545,vcD9/deg5/bw10.2/hpQ5
lead_stubborn,120029,120030,86,2,5.0,0.2039812783100412,vcD1/deg2/bw5.0/hpQ1
lead_stubborn,79943,79944,528,8,125.0,0.3297294244236074,vcD6/deg8/bw125.0/hpQ3
lead_stubborn,172023,172024,54,7,5.0,0.4574864654719545,vcD1/deg7/bw5.0/hpQ5
lead_stubborn,107568,107569,914,7,29.9,0.2070972729458678,vcD10/deg7/bw29.9/hpQ1
lead_stubborn,143181,143182,658,3,7.1,0.3128186843462212,vcD7/deg3/bw7.1/hpQ2
lead_stubborn,185517,185518,411,7,29.9,0.2312345941585266,vcD4/deg7/bw29.9/hpQ1
lead_stubborn,6796,6797,645,7,61.0,0.4855618445578609,vcD7/deg7/bw61.0/hpQ5
lead_stubborn,206355,206356,790,7,14.6,0.4768512858671266,vcD8/deg7/bw14.6/hpQ5
lead_stubborn,34599,34600,816,3,29.9,0.4158727914731683,vcD9/deg3/bw29.9/hpQ4
lead_stubborn,142839,142840,883,5,87.4,0.2501126952506121,vcD9/deg5/bw87.4/hpQ1
lead_stubborn,151006,151007,346,7,5.0,0.4657787213448116,vcD4/deg7/bw5.0/hpQ5
lead_stubborn,44655,44656,225,6,42.7,0.4768512858671266,vcD3/deg6/bw42.7/hpQ5
lead_stubborn,77640,77641,285,7,42.7,0.3883150820571905,vcD3/deg7/bw42.7/hpQ4
lead_stubborn,169409,169410,310,3,20.9,0.4737946714611262,vcD3/deg3/bw20.9/hpQ5
lead_stubborn,132042,132043,206,4,5.0,0.3733963553970497,vcD2/deg4/bw5.0/hpQ3
lead_stubborn,218832,218833,37,7,87.4,0.2594311744995365,vcD1/deg7/bw87.4/hpQ1
lead_stubborn,231968,231969,101,4,125.0,0.2070972729458678,vcD1/deg4/bw125.0/hpQ1
lead_stubborn,24793,24794,957,2,61.0,0.2857700497959219,vcD10/deg2/bw61.0/hpQ2
lead_stubborn,241106,241107,605,5,7.1,0.4657787213448116,vcD6/deg5/bw7.1/hpQ5
lead_stubborn,75118,75119,755,6,7.1,0.4954733651280948,vcD8/deg6/bw7.1/hpQ5
lead_stubborn,185334,185335,411,7,14.6,0.444752781116749,vcD4/deg7/bw14.6/hpQ5
lead_stubborn,19810,19811,136,4,87.4,0.3777435584279705,vcD2/deg4/bw87.4/hpQ3
lead_stubborn,172930,172931,54,7,125.0,0.2689147210983604,vcD1/deg7/bw125.0/hpQ2
lead_stubborn,71173,71174,353,7,7.1,0.4831039344913304,vcD4/deg7/bw7.1/hpQ5
lead_stubborn,109460,109461,170,3,20.9,0.3070497535774244,vcD2/deg3/bw20.9/hpQ2
lead_stubborn,59341,59342,203,3,14.6,0.2544637386172081,vcD2/deg3/bw14.6/hpQ1
lead_stubborn,159648,159649,624,3,42.7,0.3008118292997498,vcD7/deg3/bw42.7/hpQ2
lead_stubborn,161579,161580,915,3,29.9,0.2816906079992455,vcD10/deg3/bw29.9/hpQ2
lead_stubborn,26769,26770,469,5,61.0,0.4344347691369841,vcD5/deg5/bw61.0/hpQ4
lead_stubborn,123672,123673,759,4,42.7,0.2631399047202775,vcD8/deg4/bw42.7/hpQ2
lead_stubborn,42150,42151,811,5,7.1,0.2182850515748211,vcD9/deg5/bw7.1/hpQ1
lead_stubborn,60884,60885,879,5,87.4,0.4024582743628092,vcD9/deg5/bw87.4/hpQ4
lead_stubborn,151452,151453,346,7,20.9,0.366882515038515,vcD4/deg7/bw20.9/hpQ3
lead_stubborn,58484,58485,555,2,20.9,0.4024582743628092,vcD6/deg2/bw20.9/hpQ4
lead_stubborn,171323,171324,254,3,14.6,0.4574864654719545,vcD3/deg3/bw14.6/hpQ5
lead_stubborn,39790,39791,219,5,61.0,0.3969614753991711,vcD3/deg5/bw61.0/hpQ4
lead_stubborn,94964,94965,440,4,125.0,0.3439678088500045,vcD5/deg4/bw125.0/hpQ3
lead_stubborn,226953,226954,257,3,125.0,0.3585232711576509,vcD3/deg3/bw125.0/hpQ3
lead_stubborn,167876,167877,75,4,87.4,0.2375482709814891,vcD1/deg4/bw87.4/hpQ1
lead_stubborn,168607,168608,548,5,42.7,0.3927810904963459,vcD6/deg5/bw42.7/hpQ4
lead_stubborn,3061,3062,842,2,5.0,0.3350709844137344,vcD9/deg2/bw5.0/hpQ3
lead_stubborn,61784,61785,539,4,61.0,0.4024582743628092,vcD6/deg4/bw61.0/hpQ4
lead_stubborn,43986,43987,392,6,125.0,0.3108669576156866,vcD4/deg6/bw125.0/hpQ2
lead_stubborn,144675,144676,723,2,42.7,0.3027820674966874,vcD8/deg2/bw42.7/hpQ2
lead_stubborn,62259,62260,742,4,10.2,0.2892063661005389,vcD8/deg4/bw10.2/hpQ2
lead_stubborn,171893,171894,254,3,87.4,0.2857700497959219,vcD3/deg3/bw87.4/hpQ2
lead_stubborn,88604,88605,301,8,42.7,0.4995762557070848,vcD3/deg8/bw42.7/hpQ5
lead_stubborn,86122,86123,120,3,7.1,0.3494898166749496,vcD2/deg3/bw7.1/hpQ3
lead_stubborn,134973,134974,923,7,125.0,0.4831039344913304,vcD10/deg7/bw125.0/hpQ5
lead_stubborn,62727,62728,742,4,61.0,0.4304538627565802,vcD8/deg4/bw61.0/hpQ4
lead_stubborn,120603,120604,86,2,42.7,0.2627648343443758,vcD1/deg2/bw42.7/hpQ2
lead_stubborn,23107,23108,800,5,7.1,0.3927810904963459,vcD8/deg5/bw7.1/hpQ4
lead_stubborn,31892,31893,704,3,87.4,0.2779592827386458,vcD7/deg3/bw87.4/hpQ2
lead_stubborn,230529,230530,708,6,29.9,0.2039812783100412,vcD8/deg6/bw29.9/hpQ1
lead_stubborn,199276,199277,358,3,10.2,0.2375482709814891,vcD4/deg3/bw10.2/hpQ1
lead_stubborn,187687,187688,174,3,42.7,0.4229568538429628,vcD2/deg3/bw42.7/hpQ4
lead_stubborn,112105,112106,297,4,7.1,0.4911132375299709,vcD3/deg4/bw7.1/hpQ5
lead_stubborn,122255,122256,956,3,10.2,0.4768512858671266,vcD10/deg3/bw10.2/hpQ5
lead_stubborn,166141,166142,126,6,7.1,0.2544637386172081,vcD2/deg6/bw7.1/hpQ1
lead_stubborn,240088,240089,771,5,5.0,0.2129379249701362,vcD8/deg5/bw5.0/hpQ1
lead_stubborn,236750,236751,861,5,61.0,0.2182850515748211,vcD9/deg5/bw61.0/hpQ1
lead_stubborn,142987,142988,883,5,125.0,0.4229568538429628,vcD9/deg5/bw125.0/hpQ4
lead_stubborn,204030,204031,632,3,5.0,0.2689147210983604,vcD7/deg3/bw5.0/hpQ2
lead_stubborn,141002,141003,110,4,5.0,0.405342196225377,vcD1/deg4/bw5.0/hpQ4
lead_stubborn,149753,149754,408,6,61.0,0.3585232711576509,vcD4/deg6/bw61.0/hpQ3
lead_stubborn,8193,8194,365,3,7.1,0.2857700497959219,vcD4/deg3/bw7.1/hpQ2
lead_stubborn,221112,221113,310,5,7.1,0.2238256630629619,vcD3/deg5/bw7.1/hpQ1
lead_stubborn,193590,193591,178,4,29.9,0.3969614753991711,vcD2/deg4/bw29.9/hpQ4
lead_stubborn,136900,136901,344,2,125.0,0.3857676334163057,vcD4/deg2/bw125.0/hpQ4
lead_stubborn,56553,56554,323,8,29.9,0.3585232711576509,vcD4/deg8/bw29.9/hpQ3
lead_stubborn,244619,244620,414,4,42.7,0.2461140406262255,vcD5/deg4/bw42.7/hpQ1
lead_stubborn,197349,197350,482,5,14.6,0.3349244931377773,vcD5/deg5/bw14.6/hpQ3
lead_stubborn,144973,144974,723,2,125.0,0.4831039344913304,vcD8/deg2/bw125.0/hpQ5
lead_stubborn,122350,122351,956,3,14.6,0.2182850515748211,vcD10/deg3/bw14.6/hpQ1
lead_stubborn,92942,92943,162,6,125.0,0.3733963553970497,vcD2/deg6/bw125.0/hpQ3
lead_stubborn,104738,104739,900,6,61.0,0.4790241755215713,vcD9/deg6/bw61.0/hpQ5
lead_stubborn,54441,54442,749,5,20.9,0.2544637386172081,vcD8/deg5/bw20.9/hpQ1
lead_stubborn,94320,94321,440,4,14.6,0.2397567210258474,vcD5/deg4/bw14.6/hpQ1
lead_stubborn,40533,40534,50,3,29.9,0.4113840234518945,vcD1/deg3/bw29.9/hpQ4
lead_stubborn,239507,239508,96,4,29.9,0.3927810904963459,vcD1/deg4/bw29.9/hpQ4
lead_stubborn,247648,247649,445,4,42.7,0.3008118292997498,vcD5/deg4/bw42.7/hpQ2
lead_stubborn,198758,198759,682,2,61.0,0.2977847312437251,vcD7/deg2/bw61.0/hpQ2
lead_stubborn,224595,224596,62,2,29.9,0.4626922801013836,vcD1/deg2/bw29.9/hpQ5
lead_stubborn,60536,60537,879,5,29.9,0.469568977189866,vcD9/deg5/bw29.9/hpQ5
lead_stubborn,173228,173229,69,3,10.2,0.2901917465581629,vcD1/deg3/bw10.2/hpQ2
lead_stubborn,125860,125861,716,4,87.4,0.3070497535774244,vcD8/deg4/bw87.4/hpQ2
lead_stubborn,218177,218178,37,7,7.1,0.3815618301396259,vcD1/deg7/bw7.1/hpQ4
lead_stubborn,136319,136320,344,2,14.6,0.2461140406262255,vcD4/deg2/bw14.6/hpQ1
lead_stubborn,137583,137584,158,5,29.9,0.4277086989642705,vcD2/deg5/bw29.9/hpQ4
lead_stubborn,144568,144569,723,2,29.9,0.2070972729458678,vcD8/deg2/bw29.9/hpQ1
lead_stubborn,114267,114268,693,6,10.2,0.3706046305857265,vcD7/deg6/bw10.2/hpQ3
lead_stubborn,48723,48724,41,7,61.0,0.4574864654719545,vcD1/deg7/bw61.0/hpQ5
lead_stubborn,225964,225965,965,5,125.0,0.3439678088500045,vcD10/deg5/bw125.0/hpQ3
lead_stubborn,48447,48448,41,7,20.9,0.2114807290736435,vcD1/deg7/bw20.9/hpQ1
lead_stubborn,93273,93274,153,8,10.2,0.4831039344913304,vcD2/deg8/bw10.2/hpQ5
lead_stubborn,88517,88518,301,8,29.9,0.2312345941585266,vcD3/deg8/bw29.9/hpQ1
lead_stubborn,33798,33799,223,6,61.0,0.3227365905845993,vcD3/deg6/bw61.0/hpQ3
lead_stubborn,146213,146214,829,7,10.2,0.4312459512484686,vcD9/deg7/bw10.2/hpQ4
lead_stubborn,14405,14406,618,4,20.9,0.4911132375299709,vcD7/deg4/bw20.9/hpQ5
lead_stubborn,145805,145806,315,7,87.4,0.4911132375299709,vcD4/deg7/bw87.4/hpQ5
lead_stubborn,162065,162066,168,7,5.0,0.4409284566649496,vcD2/deg7/bw5.0/hpQ5
lead_stubborn,2179,2180,953,6,7.1,0.2816906079992455,vcD10/deg6/bw7.1/hpQ2
lead_stubborn,67051,67052,655,4,5.0,0.3898718220747056,vcD7/deg4/bw5.0/hpQ4
lead_stubborn,129348,129349,73,8,14.6,0.3008118292997498,vcD1/deg8/bw14.6/hpQ2
lead_stubborn,75876,75877,755,6,87.4,0.2375482709814891,vcD8/deg6/bw87.4/hpQ1
lead_stubborn,127235,127236,434,6,10.2,0.3461077870164497,vcD5/deg6/bw10.2/hpQ3
lead_stubborn,139877,139878,503,5,87.4,0.3815618301396259,vcD5/deg5/bw87.4/hpQ4
lead_stubborn,162734,162735,168,7,61.0,0.444752781116749,vcD2/deg7/bw61.0/hpQ5
lead_stubborn,41911,41912,903,4,125.0,0.3985108847427614,vcD10/deg4/bw125.0/hpQ4
lead_stubborn,185433,185434,411,7,20.9,0.4113840234518945,vcD4/deg7/bw20.9/hpQ4
lead_stubborn,110510,110511,199,6,29.9,0.3777435584279705,vcD2/deg6/bw29.9/hpQ3
lead_stubborn,128824,128825,32,6,87.4,0.454095890072901,vcD1/deg6/bw87.4/hpQ5
lead_stubborn,142202,142203,883,5,10.2,0.405342196225377,vcD9/deg5/bw10.2/hpQ4
lead_stubborn,77044,77045,285,7,5.0,0.2747520561924723,vcD3/deg7/bw5.0/hpQ2
lead_stubborn,184045,184046,571,6,5.0,0.4184444837622084,vcD6/deg6/bw5.0/hpQ4
lead_stubborn,28823,28824,939,2,87.4,0.4574864654719545,vcD10/deg2/bw87.4/hpQ5
lead_stubborn,129597,129598,73,8,29.9,0.21729239263723,vcD1/deg8/bw29.9/hpQ1
lead_stubborn,55204,55205,475,7,10.2,0.4995762557070848,vcD5/deg7/bw10.2/hpQ5
lead_stubborn,23878,23879,800,5,87.4,0.3642632456563252,vcD8/deg5/bw87.4/hpQ3
lead_stubborn,190242,190243,187,2,10.2,0.3733963553970497,vcD2/deg2/bw10.2/hpQ3
lead_stubborn,25020,25021,133,3,5.0,0.2397567210258474,vcD2/deg3/bw5.0/hpQ1
lead_stubborn,28638,28639,939,2,42.7,0.4790241755215713,vcD10/deg2/bw42.7/hpQ5
lead_stubborn,107402,107403,914,7,20.9,0.405342196225377,vcD10/deg7/bw20.9/hpQ4
lead_stubborn,211648,211649,664,5,42.7,0.3008118292997498,vcD7/deg5/bw42.7/hpQ2
lead_stubborn,167254,167255,75,4,10.2,0.3277016708096898,vcD1/deg4/bw10.2/hpQ3
lead_stubborn,82066,82067,994,4,5.0,0.3604525200861999,vcD10/deg4/bw5.0/hpQ3
lead_stubborn,234413,234414,138,8,20.9,0.4312459512484686,vcD2/deg8/bw20.9/hpQ4
lead_stubborn,201998,201999,418,6,125.0,0.3227365905845993,vcD5/deg6/bw125.0/hpQ3
lead_stubborn,213398,213399,81,6,14.6,0.3227365905845993,vcD1/deg6/bw14.6/hpQ3
lead_stubborn,167985,167986,75,4,125.0,0.4461023732799478,vcD1/deg4/bw125.0/hpQ5
lead_stubborn,204831,204832,632,3,87.4,0.4495856593533723,vcD7/deg3/bw87.4/hpQ5
lead_stubborn,94807,94808,440,4,87.4,0.3927810904963459,vcD5/deg4/bw87.4/hpQ4
lead_stubborn,68774,68775,399,7,61.0,0.2525545317138812,vcD4/deg7/bw61.0/hpQ1
lead_stubborn,130525,130526,979,6,29.9,0.2702561230694959,vcD10/deg6/bw29.9/hpQ2
lead_stubborn,13910,13911,582,3,125.0,0.3777435584279705,vcD6/deg3/bw125.0/hpQ3
lead_stubborn,127056,127057,434,6,5.0,0.2281547978409189,vcD5/deg6/bw5.0/hpQ1
lead_stubborn,8004,8005,365,3,5.0,0.4995762557070848,vcD4/deg3/bw5.0/hpQ5
lead_stubborn,12611,12612,621,7,42.7,0.3985108847427614,vcD7/deg7/bw42.7/hpQ4
lead_stubborn,25523,25524,133,3,29.9,0.4574864654719545,vcD2/deg3/bw29.9/hpQ5
lead_stubborn,38011,38012,63,2,5.0,0.3985108847427614,vcD1/deg2/bw5.0/hpQ4
lead_stubborn,231023,231024,101,4,5.0,0.4574864654719545,vcD1/deg4/bw5.0/hpQ5
lead_stubborn,15448,15449,855,7,20.9,0.3008118292997498,vcD9/deg7/bw20.9/hpQ2
lead_stubborn,86409,86410,120,3,20.9,0.4737946714611262,vcD2/deg3/bw20.9/hpQ5
lead_stubborn,147428,147429,846,5,20.9,0.2901917465581629,vcD9/deg5/bw20.9/hpQ2
lead_stubborn,225492,225493,965,5,20.9,0.2779592827386458,vcD10/deg5/bw20.9/hpQ2
lead_stubborn,105688,105689,423,3,42.7,0.2129379249701362,vcD5/deg3/bw42.7/hpQ1
lead_stubborn,232908,232909,116,3,125.0,0.2331676534838964,vcD1/deg3/bw125.0/hpQ1
lead_stubborn,12950,12951,621,7,125.0,0.2182850515748211,vcD7/deg7/bw125.0/hpQ1
lead_stubborn,160265,160266,685,4,10.2,0.4409284566649496,vcD7/deg4/bw10.2/hpQ5
lead_stubborn,21683,21684,213,6,42.7,0.4277086989642705,vcD2/deg6/bw42.7/hpQ4
lead_stubborn,95883,95884,155,7,87.4,0.4277086989642705,vcD2/deg7/bw87.4/hpQ4
lead_stubborn,212513,212514,700,6,29.9,0.4312459512484686,vcD7/deg6/bw29.9/hpQ4
lead_stubborn,229994,229995,24,3,125.0,0.3751229337419657,vcD1/deg3/bw125.0/hpQ3
lead_stubborn,54532,54533,749,5,29.9,0.2594311744995365,vcD8/deg5/bw29.9/hpQ1
lead_stubborn,231514,231515,101,4,29.9,0.28091147618982,vcD1/deg4/bw29.9/hpQ2
lead_stubborn,129465,129466,73,8,20.9,0.4409284566649496,vcD1/deg8/bw20.9/hpQ5
lead_stubborn,49762,49763,26,4,61.0,0.4714045721788255,vcD1/deg4/bw61.0/hpQ5
lead_stubborn,172618,172619,54,7,42.7,0.4954733651280948,vcD1/deg7/bw42.7/hpQ5
lead_stubborn,158795,158796,875,3,61.0,0.4626922801013836,vcD9/deg3/bw61.0/hpQ5
lead_stubborn,238725,238726,629,6,61.0,0.2702561230694959,vcD7/deg6/bw61.0/hpQ2
lead_stubborn,88057,88058,301,8,5.0,0.3409275648695138,vcD3/deg8/bw5.0/hpQ3
lead_stubborn,4308,4309,599,8,14.6,0.2331676534838964,vcD6/deg8/bw14.6/hpQ1
lead_stubborn,154424,154425,611,3,20.9,0.454095890072901,vcD7/deg3/bw20.9/hpQ5
lead_stubborn,132874,132875,206,4,87.4,0.2525545317138812,vcD2/deg4/bw87.4/hpQ1
lead_stubborn,87289,87290,574,8,10.2,0.3196298037016608,vcD6/deg8/bw10.2/hpQ2
lead_stubborn,163165,163166,851,5,7.1,0.4409284566649496,vcD9/deg5/bw7.1/hpQ5
lead_stubborn,180733,180734,535,5,61.0,0.4113840234518945,vcD6/deg5/bw61.0/hpQ4
lead_stubborn,125514,125515,716,4,29.9,0.28091147618982,vcD8/deg4/bw29.9/hpQ2
lead_stubborn,248507,248508,306,6,29.9,0.3927810904963459,vcD3/deg6/bw29.9/hpQ4
lead_stubborn,238097,238098,629,6,5.0,0.21729239263723,vcD7/deg6/bw5.0/hpQ1
lead_stubborn,177036,177037,147,5,5.0,0.469568977189866,vcD2/deg5/bw5.0/hpQ5
lead_stubborn,230989,230990,708,6,125.0,0.3196298037016608,vcD8/deg6/bw125.0/hpQ2
lead_stubborn,11531,11532,642,5,29.9,0.4495856593533723,vcD7/deg5/bw29.9/hpQ5
lead_stubborn,14652,14653,618,4,42.7,0.366882515038515,vcD7/deg4/bw42.7/hpQ3
lead_stubborn,64410,64411,587,3,20.9,0.3777435584279705,vcD6/deg3/bw20.9/hpQ3
lead_stubborn,114146,114147,693,6,7.1,0.4071129309119736,vcD7/deg6/bw7.1/hpQ4
lead_stubborn,224725,224726,62,2,61.0,0.2702561230694959,vcD1/deg2/bw61.0/hpQ2
lead_stubborn,202292,202293,833,2,10.2,0.2779592827386458,vcD9/deg2/bw10.2/hpQ2
lead_stubborn,6384,6385,645,7,14.6,0.4024582743628092,vcD7/deg7/bw14.6/hpQ4
lead_stubborn,115576,115577,669,2,29.9,0.2375482709814891,vcD7/deg2/bw29.9/hpQ1
lead_stubborn,124668,124669,544,6,42.7,0.2070972729458678,vcD6/deg6/bw42.7/hpQ1
lead_stubborn,150977,150978,372,4,125.0,0.3815618301396259,vcD4/deg4/bw125.0/hpQ4
lead_stubborn,77287,77288,285,7,10.2,0.4229568538429628,vcD3/deg7/bw10.2/hpQ4
lead_stubborn,420,421,195,2,20.9,0.2397567210258474,vcD2/deg2/bw20.9/hpQ1
lead_stubborn,128566,128567,32,6,29.9,0.3604525200861999,vcD1/deg6/bw29.9/hpQ3
lead_stubborn,201834,201835,418,6,87.4,0.444752781116749,vcD5/deg6/bw87.4/hpQ5
lead_stubborn,248384,248385,306,6,14.6,0.4024582743628092,vcD3/deg6/bw14.6/hpQ4
lead_stubborn,208473,208474,512,4,20.9,0.4831039344913304,vcD6/deg4/bw20.9/hpQ5
lead_stubborn,134012,134013,923,7,5.0,0.2238256630629619,vcD10/deg7/bw5.0/hpQ1
lead_stubborn,98495,98496,990,3,20.9,0.4626922801013836,vcD10/deg3/bw20.9/hpQ5
lead_stubborn,59892,59893,203,3,87.4,0.2779592827386458,vcD2/deg3/bw87.4/hpQ2
lead_stubborn,86624,86625,120,3,42.7,0.454095890072901,vcD2/deg3/bw42.7/hpQ5
lead_stubborn,159465,159466,624,3,20.9,0.4409284566649496,vcD7/deg3/bw20.9/hpQ5
lead_stubborn,4625,4626,599,8,42.7,0.2702561230694959,vcD6/deg8/bw42.7/hpQ2
lead_stubborn,66462,66463,424,7,20.9,0.4714045721788255,vcD5/deg7/bw20.9/hpQ5
lead_stubborn,248064,248065,306,6,5.0,0.3439678088500045,vcD3/deg6/bw5.0/hpQ3
lead_stubborn,25983,25984,133,3,125.0,0.4277086989642705,vcD2/deg3/bw125.0/hpQ4
lead_stubborn,24531,24532,957,2,29.9,0.4495856593533723,vcD10/deg2/bw29.9/hpQ5
lead_stubborn,194672,194673,491,6,42.7,0.2631399047202775,vcD5/deg6/bw42.7/hpQ2
lead_stubborn,243928,243929,485,6,125.0,0.2901917465581629,vcD5/deg6/bw125.0/hpQ2
lead_stubborn,236455,236456,861,5,20.9,0.4768512858671266,vcD9/deg5/bw20.9/hpQ5
lead_stubborn,41263,41264,903,4,10.2,0.4895135847322587,vcD10/deg4/bw10.2/hpQ5
lead_stubborn,242077,242078,387,4,5.0,0.3815618301396259,vcD4/deg4/bw5.0/hpQ4
lead_stubborn,37062,37063,552,7,5.0,0.4714045721788255,vcD6/deg7/bw5.0/hpQ5
lead_stubborn,92431,92432,162,6,20.9,0.4495856593533723,vcD2/deg6/bw20.9/hpQ5
lead_stubborn,113636,113637,236,3,42.7,0.469568977189866,vcD3/deg3/bw42.7/hpQ5
lead_stubborn,106400,106401,869,3,20.9,0.3857676334163057,vcD9/deg3/bw20.9/hpQ4
lead_stubborn,8396,8397,365,3,14.6,0.4855618445578609,vcD4/deg3/bw14.6/hpQ5
lead_stubborn,107968,107969,914,7,125.0,0.2070972729458678,vcD10/deg7/bw125.0/hpQ1
lead_stubborn,225124,225125,965,5,7.1,0.454095890072901,vcD10/deg5/bw7.1/hpQ5
lead_stubborn,119695,119696,766,7,42.7,0.4626922801013836,vcD8/deg7/bw42.7/hpQ5
lead_stubborn,47612,47613,277,5,42.7,0.2238256630629619,vcD3/deg5/bw42.7/hpQ1
lead_stubborn,161689,161690,915,3,42.7,0.3196298037016608,vcD10/deg3/bw42.7/hpQ2
lead_stubborn,142692,142693,883,5,42.7,0.2779592827386458,vcD9/deg5/bw42.7/hpQ2
lead_stubborn,136808,136809,344,2,87.4,0.2331676534838964,vcD4/deg2/bw87.4/hpQ1
lead_stubborn,2740,2741,953,6,61.0,0.3883150820571905,vcD10/deg6/bw61.0/hpQ4
lead_stubborn,172224,172225,54,7,10.2,0.454095890072901,vcD1/deg7/bw10.2/hpQ5
lead_stubborn,202683,202684,833,2,42.7,0.4277086989642705,vcD9/deg2/bw42.7/hpQ4
lead_stubborn,223173,223174,294,3,7.1,0.4831039344913304,vcD3/deg3/bw7.1/hpQ5
lead_stubborn,81017,81018,687,2,5.0,0.2312345941585266,vcD7/deg2/bw5.0/hpQ1
lead_stubborn,206768,206769,790,7,61.0,0.2070972729458678,vcD8/deg7/bw61.0/hpQ1
lead_stubborn,19448,19449,136,4,20.9,0.3008118292997498,vcD2/deg4/bw20.9/hpQ2
lead_stubborn,229133,229134,24,3,7.1,0.4113840234518945,vcD1/deg3/bw7.1/hpQ4
lead_stubborn,198441,198442,682,2,20.9,0.2544637386172081,vcD7/deg2/bw20.9/hpQ1
lead_stubborn,163261,163262,851,5,10.2,0.3350709844137344,vcD9/deg5/bw10.2/hpQ3
lead_stubborn,203951,203952,601,6,125.0,0.3898718220747056,vcD6/deg6/bw125.0/hpQ4
lead_stubborn,125616,125617,716,4,42.7,0.4372556438030128,vcD8/deg4/bw42.7/hpQ4
lead_stubborn,74826,74827,351,4,87.4,0.4590052735626949,vcD4/deg4/bw87.4/hpQ5
lead_stubborn,7260,7261,564,3,10.2,0.3070497535774244,vcD6/deg3/bw10.2/hpQ2
lead_stubborn,70657,70658,975,5,42.7,0.3409275648695138,vcD10/deg5/bw42.7/hpQ3
lead_stubborn,107629,107630,914,7,42.7,0.2039812783100412,vcD10/deg7/bw42.7/hpQ1
lead_stubborn,39043,39044,219,5,5.0,0.3297294244236074,vcD3/deg5/bw5.0/hpQ3
lead_stubborn,159542,159543,624,3,29.9,0.3733963553970497,vcD7/deg3/bw29.9/hpQ3
lead_stubborn,28144,28145,939,2,7.1,0.2747520561924723,vcD10/deg2/bw7.1/hpQ2
lead_stubborn,97192,97193,530,8,7.1,0.2779592827386458,vcD6/deg8/bw7.1/hpQ2
lead_stubborn,29808,29809,931,7,87.4,0.2331676534838964,vcD10/deg7/bw87.4/hpQ1
lead_stubborn,4582,4583,599,8,29.9,0.2028601193675408,vcD6/deg8/bw29.9/hpQ1
lead_stubborn,65610,65611,488,5,42.7,0.3777435584279705,vcD5/deg5/bw42.7/hpQ3
lead_stubborn,83815,83816,782,2,87.4,0.4208942434349683,vcD8/deg2/bw87.4/hpQ4
lead_stubborn,173471,173472,69,3,20.9,0.3156406422303758,vcD1/deg3/bw20.9/hpQ2
lead_stubborn,130657,130658,979,6,42.7,0.3409275648695138,vcD10/deg6/bw42.7/hpQ3
lead_stubborn,93101,93102,153,8,7.1,0.2959114945914544,vcD2/deg8/bw7.1/hpQ2
lead_stubborn,143076,143077,658,3,5.0,0.2375482709814891,vcD7/deg3/bw5.0/hpQ1
lead_stubborn,31906,31907,704,3,125.0,0.4657787213448116,vcD7/deg3/bw125.0/hpQ5
lead_stubborn,218382,218383,37,7,14.6,0.2028601193675408,vcD1/deg7/bw14.6/hpQ1
lead_stubborn,224489,224490,62,2,20.9,0.3196298037016608,vcD1/deg2/bw20.9/hpQ2
lead_stubborn,110114,110115,199,6,7.1,0.28091147618982,vcD2/deg6/bw7.1/hpQ2
lead_stubborn,153926,153927,518,7,125.0,0.4590052735626949,vcD6/deg7/bw125.0/hpQ5
lead_stubborn,164778,164779,764,7,61.0,0.3642632456563252,vcD8/deg7/bw61.0/hpQ3
lead_stubborn,18336,18337,871,3,14.6,0.469568977189866,vcD9/deg3/bw14.6/hpQ5
lead_stubborn,229880,229881,24,3,87.4,0.2269416996374781,vcD1/deg3/bw87.4/hpQ1
lead_stubborn,185882,185883,411,7,87.4,0.2028601193675408,vcD4/deg7/bw87.4/hpQ1
lead_stubborn,83465,83466,782,2,20.9,0.4409284566649496,vcD8/deg2/bw20.9/hpQ5
lead_stubborn,196447,196448,88,4,20.9,0.2114807290736435,vcD1/deg4/bw20.9/hpQ1
lead_stubborn,70443,70444,975,5,20.9,0.3297294244236074,vcD10/deg5/bw20.9/hpQ3
lead_stubborn,117495,117496,267,3,20.9,0.4626922801013836,vcD3/deg3/bw20.9/hpQ5
lead_stubborn,177196,177197,147,5,7.1,0.4855618445578609,vcD2/deg5/bw7.1/hpQ5
lead_stubborn,183923,183924,364,4,125.0,0.4574864654719545,vcD4/deg4/bw125.0/hpQ5
lead_stubborn,69599,69600,463,4,29.9,0.4158727914731683,vcD5/deg4/bw29.9/hpQ4
lead_stubborn,134227,134228,923,7,10.2,0.4304538627565802,vcD10/deg7/bw10.2/hpQ4
lead_stubborn,42390,42391,811,5,14.6,0.3969614753991711,vcD9/deg5/bw14.6/hpQ4
lead_stubborn,193423,193424,178,4,20.9,0.4574864654719545,vcD2/deg4/bw20.9/hpQ5
lead_stubborn,122583,122584,956,3,29.9,0.4277086989642705,vcD10/deg3/bw29.9/hpQ4
lead_stubborn,150048,150049,372,4,5.0,0.3008118292997498,vcD4/deg4/bw5.0/hpQ2
lead_stubborn,218031,218032,37,7,5.0,0.4495856593533723,vcD1/deg7/bw5.0/hpQ5
lead_stubborn,137801,137802,158,5,87.4,0.2959114945914544,vcD2/deg5/bw87.4/hpQ2
lead_stubborn,41182,41183,903,4,7.1,0.2028601193675408,vcD10/deg4/bw7.1/hpQ1
lead_stubborn,86053,86054,120,3,5.0,0.3585232711576509,vcD2/deg3/bw5.0/hpQ3
lead_stubborn,3446,3447,842,2,20.9,0.4071129309119736,vcD9/deg2/bw20.9/hpQ4
lead_stubborn,212260,212261,700,6,10.2,0.3070497535774244,vcD7/deg6/bw10.2/hpQ2
lead_stubborn,79300,79301,528,8,14.6,0.3857676334163057,vcD6/deg8/bw14.6/hpQ4
lead_stubborn,157128,157129,920,3,7.1,0.2901917465581629,vcD10/deg3/bw7.1/hpQ2
lead_stubborn,90861,90862,144,5,87.4,0.3350709844137344,vcD2/deg5/bw87.4/hpQ3
lead_stubborn,73356,73357,898,7,14.6,0.2281547978409189,vcD9/deg7/bw14.6/hpQ1
lead_stubborn,205921,205922,436,8,125.0,0.24260325729568,vcD5/deg8/bw125.0/hpQ1
lead_stubborn,229592,229593,24,3,29.9,0.2779592827386458,vcD1/deg3/bw29.9/hpQ2
lead_stubborn,84145,84146,948,6,7.1,0.4184444837622084,vcD10/deg6/bw7.1/hpQ4
lead_stubborn,89989,89990,396,7,125.0,0.3196298037016608,vcD4/deg7/bw125.0/hpQ2
lead_stubborn,227780,227781,793,6,61.0,0.2269416996374781,vcD8/deg6/bw61.0/hpQ1
lead_stubborn,107298,107299,914,7,10.2,0.3227365905845993,vcD10/deg7/bw10.2/hpQ3
lead_stubborn,160368,160369,685,4,14.6,0.2070972729458678,vcD7/deg4/bw14.6/hpQ1
lead_stubborn,237730,237731,523,3,61.0,0.2689147210983604,vcD6/deg3/bw61.0/hpQ2
lead_stubborn,108957,108958,776,4,125.0,0.3409275648695138,vcD8/deg4/bw125.0/hpQ3
lead_stubborn,242741,242742,387,4,61.0,0.2544637386172081,vcD4/deg4/bw61.0/hpQ1
lead_stubborn,180305,180306,535,5,14.6,0.4911132375299709,vcD6/deg5/bw14.6/hpQ5
lead_stubborn,211209,211210,664,5,10.2,0.4737946714611262,vcD7/deg5/bw10.2/hpQ5
lead_stubborn,111954,111955,569,6,125.0,0.3277016708096898,vcD6/deg6/bw125.0/hpQ3
lead_stubborn,105257,105258,423,3,10.2,0.3409275648695138,vcD5/deg3/bw10.2/hpQ3
lead_stubborn,189220,189221,996,8,10.2,0.2397567210258474,vcD10/deg8/bw10.2/hpQ1
lead_stubborn,33007,33008,223,6,5.0,0.3927810904963459,vcD3/deg6/bw5.0/hpQ4
lead_stubborn,16959,16960,208,7,125.0,0.2892063661005389,vcD2/deg7/bw125.0/hpQ2
lead_stubborn,36546,36547,590,8,29.9,0.4071129309119736,vcD6/deg8/bw29.9/hpQ4
lead_stubborn,47515,47516,277,5,29.9,0.4208942434349683,vcD3/deg5/bw29.9/hpQ4
lead_stubborn,72240,72241,250,8,10.2,0.3883150820571905,vcD3/deg8/bw10.2/hpQ4
lead_stubborn,88966,88967,301,8,125.0,0.3604525200861999,vcD3/deg8/bw125.0/hpQ3
lead_stubborn,177582,177583,147,5,29.9,0.2028601193675408,vcD2/deg5/bw29.9/hpQ1
lead_stubborn,12450,12451,621,7,20.9,0.2182850515748211,vcD7/deg7/bw20.9/hpQ1
lead_stubborn,211049,211050,664,5,5.0,0.3349244931377773,vcD7/deg5/bw5.0/hpQ3
lead_stubborn,66561,66562,424,7,29.9,0.3350709844137344,vcD5/deg7/bw29.9/hpQ3
lead_stubborn,84611,84612,948,6,42.7,0.3985108847427614,vcD10/deg6/bw42.7/hpQ4
lead_stubborn,1674,1675,57,6,42.7,0.2525545317138812,vcD1/deg6/bw42.7/hpQ1
lead_stubborn,63477,63478,328,2,20.9,0.3815618301396259,vcD4/deg2/bw20.9/hpQ4
lead_stubborn,114487,114488,693,6,20.9,0.4229568538429628,vcD7/deg6/bw20.9/hpQ4
lead_stubborn,22889,22890,808,7,87.4,0.3196298037016608,vcD9/deg7/bw87.4/hpQ2
lead_stubborn,235361,235362,812,2,14.6,0.3350709844137344,vcD9/deg2/bw14.6/hpQ3
lead_stubborn,44261,44262,225,6,10.2,0.3350709844137344,vcD3/deg6/bw10.2/hpQ3
lead_stubborn,77911,77912,285,7,125.0,0.3985108847427614,vcD3/deg7/bw125.0/hpQ4
lead_stubborn,117001,117002,267,3,5.0,0.2959114945914544,vcD3/deg3/bw5.0/hpQ2
lead_stubborn,83747,83748,782,2,61.0,0.2114807290736435,vcD8/deg2/bw61.0/hpQ1
lead_stubborn,124520,124521,544,6,29.9,0.2397567210258474,vcD6/deg6/bw29.9/hpQ1
lead_stubborn,237572,237573,523,3,29.9,0.2631399047202775,vcD6/deg3/bw29.9/hpQ2
lead_stubborn,138783,138784,472,7,61.0,0.4277086989642705,vcD5/deg7/bw61.0/hpQ4
lead_stubborn,116954,116955,448,3,125.0,0.3277016708096898,vcD5/deg3/bw125.0/hpQ3
lead_stubborn,146721,146722,829,7,61.0,0.24260325729568,vcD9/deg7/bw61.0/hpQ1
lead_stubborn,239152,239153,96,4,7.1,0.366882515038515,vcD1/deg4/bw7.1/hpQ3
lead_stubborn,5605,5606,29,8,42.7,0.4911132375299709,vcD1/deg8/bw42.7/hpQ5
lead_stubborn,81994,81995,687,2,125.0,0.3751229337419657,vcD7/deg2/bw125.0/hpQ3
lead_stubborn,46880,46881,677,6,87.4,0.2269416996374781,vcD7/deg6/bw87.4/hpQ1
lead_stubborn,14134,14135,618,4,7.1,0.444752781116749,vcD7/deg4/bw7.1/hpQ5
lead_stubborn,15731,15732,855,7,61.0,0.4495856593533723,vcD9/deg7/bw61.0/hpQ5
lead_stubborn,113039,113040,236,3,5.0,0.2501126952506121,vcD3/deg3/bw5.0/hpQ1
lead_stubborn,125298,125299,716,4,10.2,0.3227365905845993,vcD8/deg4/bw10.2/hpQ3
lead_stubborn,24470,24471,957,2,20.9,0.3239323376009491,vcD10/deg2/bw20.9/hpQ3
lead_stubborn,149131,149132,408,6,7.1,0.4495856593533723,vcD4/deg6/bw7.1/hpQ5
lead_stubborn,57160,57161,183,4,7.1,0.3070497535774244,vcD2/deg4/bw7.1/hpQ2
lead_stubborn,47320,47321,277,5,14.6,0.2397567210258474,vcD3/deg5/bw14.6/hpQ1
lead_stubborn,73603,73604,898,7,42.7,0.2627648343443758,vcD9/deg7/bw42.7/hpQ2
lead_stubborn,240168,240169,771,5,7.1,0.2070972729458678,vcD8/deg5/bw7.1/hpQ1
lead_stubborn,188655,188656,517,2,42.7,0.4768512858671266,vcD6/deg2/bw42.7/hpQ5
lead_stubborn,98820,98821,990,3,87.4,0.2397567210258474,vcD10/deg3/bw87.4/hpQ1
lead_stubborn,238677,238678,629,6,42.7,0.3815618301396259,vcD7/deg6/bw42.7/hpQ4
lead_stubborn,117662,117663,267,3,42.7,0.4714045721788255,vcD3/deg3/bw42.7/hpQ5
lead_stubborn,208185,208186,512,4,7.1,0.4461023732799478,vcD6/deg4/bw7.1/hpQ5
lead_stubborn,110941,110942,199,6,125.0,0.2544637386172081,vcD2/deg6/bw125.0/hpQ1
lead_stubborn,203490,203491,601,6,20.9,0.3969614753991711,vcD6/deg6/bw20.9/hpQ4
lead_stubborn,156061,156062,462,8,5.0,0.3350709844137344,vcD5/deg8/bw5.0/hpQ3
lead_stubborn,137035,137036,158,5,5.0,0.3461077870164497,vcD2/deg5/bw5.0/hpQ3
lead_stubborn,44703,44704,225,6,61.0,0.2627648343443758,vcD3/deg6/bw61.0/hpQ2
lead_stubborn,50414,50415,636,4,20.9,0.28091147618982,vcD7/deg4/bw20.9/hpQ2
lead_stubborn,36404,36405,590,8,20.9,0.4995762557070848,vcD6/deg8/bw20.9/hpQ5
lead_stubborn,32815,32816,726,7,87.4,0.4208942434349683,vcD8/deg7/bw87.4/hpQ4
lead_stubborn,62041,62042,742,4,5.0,0.2544637386172081,vcD8/deg4/bw5.0/hpQ1
lead_stubborn,230381,230382,708,6,14.6,0.3128186843462212,vcD8/deg6/bw14.6/hpQ2
lead_stubborn,193933,193934,178,4,125.0,0.4113840234518945,vcD2/deg4/bw125.0/hpQ4
lead_stubborn,236263,236264,861,5,10.2,0.4895135847322587,vcD9/deg5/bw10.2/hpQ5
lead_stubborn,35831,35832,455,7,87.4,0.4495856593533723,vcD5/deg7/bw87.4/hpQ5
lead_stubborn,183292,183293,364,4,10.2,0.2779592827386458,vcD4/deg4/bw10.2/hpQ2
lead_stubborn,109167,109168,170,3,7.1,0.3706046305857265,vcD2/deg3/bw7.1/hpQ3
lead_stubborn,77867,77868,285,7,87.4,0.3706046305857265,vcD3/deg7/bw87.4/hpQ3
lead_stubborn,50912,50913,636,4,125.0,0.2238256630629619,vcD7/deg4/bw125.0/hpQ1
lead_stubborn,211817,211818,664,5,87.4,0.2312345941585266,vcD7/deg5/bw87.4/hpQ1
lead_stubborn,179973,179974,46,2,125.0,0.4831039344913304,vcD1/deg2/bw125.0/hpQ5
lead_stubborn,95436,95437,155,7,20.9,0.469568977189866,vcD2/deg7/bw20.9/hpQ5
lead_stubborn,98202,98203,990,3,10.2,0.405342196225377,vcD10/deg3/bw10.2/hpQ4
lead_stubborn,224823,224824,62,2,87.4,0.4574864654719545,vcD1/deg2/bw87.4/hpQ5
lead_stubborn,26048,26049,469,5,5.0,0.3008118292997498,vcD5/deg5/bw5.0/hpQ2
lead_stubborn,14517,14518,618,4,29.9,0.2312345941585266,vcD7/deg4/bw29.9/hpQ1
lead_stubborn,206210,206211,790,7,10.2,0.3777435584279705,vcD8/deg7/bw10.2/hpQ3
lead_stubborn,2006,2007,953,6,5.0,0.4657787213448116,vcD10/deg6/bw5.0/hpQ5
lead_stubborn,82822,82823,994,4,87.4,0.3494898166749496,vcD10/deg4/bw87.4/hpQ3
lead_stubborn,203740,203741,601,6,61.0,0.3883150820571905,vcD6/deg6/bw61.0/hpQ4
lead_stubborn,159385,159386,624,3,14.6,0.4461023732799478,vcD7/deg3/bw14.6/hpQ5
lead_stubborn,200578,200579,697,7,29.9,0.3642632456563252,vcD7/deg7/bw29.9/hpQ3
lead_stubborn,166721,166722,126,6,61.0,0.24260325729568,vcD2/deg6/bw61.0/hpQ1
lead_stubborn,145171,145172,315,7,7.1,0.3156406422303758,vcD4/deg7/bw7.1/hpQ2
lead_stubborn,69822,69823,463,4,87.4,0.3494898166749496,vcD5/deg4/bw87.4/hpQ3
lead_stubborn,170675,170676,780,3,42.7,0.3027820674966874,vcD8/deg3/bw42.7/hpQ2
lead_stubborn,234011,234012,138,8,5.0,0.3985108847427614,vcD2/deg8/bw5.0/hpQ4
lead_stubborn,52211,52212,404,8,10.2,0.3985108847427614,vcD4/deg8/bw10.2/hpQ4
lead_stubborn,243372,243373,485,6,14.6,0.2631399047202775,vcD5/deg6/bw14.6/hpQ2
lead_stubborn,103432,103433,429,4,20.9,0.2594311744995365,vcD5/deg4/bw20.9/hpQ1
lead_stubborn,229760,229761,24,3,61.0,0.3070497535774244,vcD1/deg3/bw61.0/hpQ2
lead_stubborn,97809,97810,530,8,87.4,0.4737946714611262,vcD6/deg8/bw87.4/hpQ5
lead_stubborn,120814,120815,86,2,87.4,0.28091147618982,vcD1/deg2/bw87.4/hpQ2
lead_stubborn,214835,214836,264,6,87.4,0.3461077870164497,vcD3/deg6/bw87.4/hpQ3
lead_stubborn,188550,188551,517,2,29.9,0.2182850515748211,vcD6/deg2/bw29.9/hpQ1
lead_stubborn,194367,194368,491,6,14.6,0.3706046305857265,vcD5/deg6/bw14.6/hpQ3
lead_stubborn,48267,48268,41,7,10.2,0.3706046305857265,vcD1/deg7/bw10.2/hpQ3
lead_stubborn,42456,42457,811,5,20.9,0.2281547978409189,vcD9/deg5/bw20.9/hpQ1
lead_stubborn,158471,158472,875,3,20.9,0.3156406422303758,vcD9/deg3/bw20.9/hpQ2
lead_stubborn,174936,174937,800,5,125.0,0.469568977189866,vcD8/deg5/bw125.0/hpQ5
lead_stubborn,53898,53899,245,5,87.4,0.3227365905845993,vcD3/deg5/bw87.4/hpQ3
lead_stubborn,116184,116185,448,3,7.1,0.4024582743628092,vcD5/deg3/bw7.1/hpQ4
lead_stubborn,193699,193700,178,4,42.7,0.4158727914731683,vcD2/deg4/bw42.7/hpQ4
lead_stubborn,190977,190978,187,2,125.0,0.3815618301396259,vcD2/deg2/bw125.0/hpQ4
lead_stubborn,231328,231329,101,4,14.6,0.2901917465581629,vcD1/deg4/bw14.6/hpQ2
lead_stubborn,151810,151811,346,7,87.4,0.3777435584279705,vcD4/deg7/bw87.4/hpQ3
lead_stubborn,202580,202581,833,2,29.9,0.2269416996374781,vcD9/deg2/bw29.9/hpQ1
lead_stubborn,51037,51038,984,8,5.0,0.3509947337216052,vcD10/deg8/bw5.0/hpQ3
lead_stubborn,64618,64619,587,3,42.7,0.4954733651280948,vcD6/deg3/bw42.7/hpQ5
lead_stubborn,190787,190788,187,2,61.0,0.4229568538429628,vcD2/deg2/bw61.0/hpQ4
lead_stubborn,20964,20965,865,7,125.0,0.3439678088500045,vcD9/deg7/bw125.0/hpQ3
lead_stubborn,78666,78667,594,4,42.7,0.3604525200861999,vcD6/deg4/bw42.7/hpQ3
lead_stubborn,149978,149979,408,6,125.0,0.3642632456563252,vcD4/deg6/bw125.0/hpQ3
lead_stubborn,195802,195803,580,6,87.4,0.405342196225377,vcD6/deg6/bw87.4/hpQ4
lead_stubborn,242372,242373,387,4,14.6,0.2631399047202775,vcD4/deg4/bw14.6/hpQ2
lead_stubborn,121976,121977,338,3,125.0,0.2375482709814891,vcD4/deg3/bw125.0/hpQ1
lead_stubborn,54242,54243,749,5,10.2,0.3733963553970497,vcD8/deg5/bw10.2/hpQ3
lead_stubborn,242563,242564,387,4,29.9,0.4895135847322587,vcD4/deg4/bw29.9/hpQ5
lead_stubborn,183180,183181,364,4,7.1,0.2269416996374781,vcD4/deg4/bw7.1/hpQ1
lead_stubborn,189986,189987,996,8,125.0,0.3108669576156866,vcD10/deg8/bw125.0/hpQ2
lead_stubborn,196548,196549,88,4,29.9,0.3008118292997498,vcD1/deg4/bw29.9/hpQ2
lead_stubborn,204374,204375,632,3,14.6,0.2525545317138812,vcD7/deg3/bw14.6/hpQ1
lead_stubborn,181174,181175,736,4,7.1,0.2525545317138812,vcD8/deg4/bw7.1/hpQ1
lead_stubborn,153239,153240,518,7,10.2,0.2501126952506121,vcD6/deg7/bw10.2/hpQ1
lead_stubborn,128244,128245,32,6,10.2,0.2747520561924723,vcD1/deg6/bw10.2/hpQ2
lead_stubborn,197149,197150,482,5,7.1,0.3349244931377773,vcD5/deg5/bw7.1/hpQ3
lead_stubborn,48819,48820,41,7,87.4,0.2461140406262255,vcD1/deg7/bw87.4/hpQ1
lead_stubborn,129996,129997,73,8,125.0,0.4855618445578609,vcD1/deg8/bw125.0/hpQ5
lead_stubborn,103197,103198,429,4,7.1,0.21729239263723,vcD5/deg4/bw7.1/hpQ1
lead_stubborn,22063,22064,808,7,5.0,0.4895135847322587,vcD9/deg7/bw5.0/hpQ5
lead_stubborn,57527,57528,183,4,29.9,0.4304538627565802,vcD2/deg4/bw29.9/hpQ4
lead_stubborn,198216,198217,682,2,10.2,0.4372556438030128,vcD7/deg2/bw10.2/hpQ4
lead_stubborn,185790,185791,411,7,61.0,0.3969614753991711,vcD4/deg7/bw61.0/hpQ4
lead_stubborn,30532,30533,336,6,29.9,0.2594311744995365,vcD4/deg6/bw29.9/hpQ1
lead_stubborn,204101,204102,632,3,7.1,0.2959114945914544,vcD7/deg3/bw7.1/hpQ2
lead_stubborn,68963,68964,399,7,125.0,0.4895135847322587,vcD4/deg7/bw125.0/hpQ5
lead_stubborn,213030,213031,81,6,5.0,0.2689147210983604,vcD1/deg6/bw5.0/hpQ2
lead_stubborn,158602,158603,875,3,42.7,0.405342196225377,vcD9/deg3/bw42.7/hpQ4
lead_stubborn,44479,44480,225,6,20.9,0.2816906079992455,vcD3/deg6/bw20.9/hpQ2
lead_stubborn,216843,216844,825,5,87.4,0.3297294244236074,vcD9/deg5/bw87.4/hpQ3
lead_stubborn,100890,100891,720,4,87.4,0.3969614753991711,vcD8/deg4/bw87.4/hpQ4
lead_stubborn,219559,219560,496,3,29.9,0.2892063661005389,vcD5/deg3/bw29.9/hpQ2
lead_stubborn,230010,230011,708,6,5.0,0.3777435584279705,vcD8/deg6/bw5.0/hpQ3
lead_stubborn,220172,220173,785,3,7.1,0.2631399047202775,vcD8/deg3/bw7.1/hpQ2
lead_stubborn,133958,133959,851,6,125.0,0.2977847312437251,vcD9/deg6/bw125.0/hpQ2
lead_stubborn,160838,160839,685,4,87.4,0.4790241755215713,vcD7/deg4/bw87.4/hpQ5
lead_stubborn,182435,182436,374,7,20.9,0.3461077870164497,vcD4/deg7/bw20.9/hpQ3
lead_stubborn,179185,179186,46,2,7.1,0.4461023732799478,vcD1/deg2/bw7.1/hpQ5
lead_stubborn,37538,37539,552,7,29.9,0.4790241755215713,vcD6/deg7/bw29.9/hpQ5
lead_stubborn,120466,120467,86,2,20.9,0.3604525200861999,vcD1/deg2/bw20.9/hpQ3
lead_stubborn,215843,215844,332,6,87.4,0.3297294244236074,vcD4/deg6/bw87.4/hpQ3
lead_stubborn,86372,86373,120,3,14.6,0.2631399047202775,vcD2/deg3/bw14.6/hpQ2
lead_stubborn,181708,181709,736,4,61.0,0.2331676534838964,vcD8/deg4/bw61.0/hpQ1
lead_stubborn,119177,119178,766,7,7.1,0.3815618301396259,vcD8/deg7/bw7.1/hpQ4
lead_stubborn,36822,36823,590,8,87.4,0.3494898166749496,vcD6/deg8/bw87.4/hpQ3
lead_stubborn,100403,100404,720,4,20.9,0.2627648343443758,vcD8/deg4/bw20.9/hpQ2
lead_stubborn,49263,49264,26,4,10.2,0.4895135847322587,vcD1/deg4/bw10.2/hpQ5
lead_stubborn,106060,106061,869,3,5.0,0.3070497535774244,vcD9/deg3/bw5.0/hpQ2
lead_stubborn,218519,218520,37,7,29.9,0.2461140406262255,vcD1/deg7/bw29.9/hpQ1
lead_stubborn,167495,167496,75,4,20.9,0.4626922801013836,vcD1/deg4/bw20.9/hpQ5
lead_stubborn,243274,243275,485,6,10.2,0.2525545317138812,vcD5/deg6/bw10.2/hpQ1
lead_stubborn,149644,149645,408,6,42.7,0.2747520561924723,vcD4/deg6/bw42.7/hpQ2
lead_stubborn,190389,190390,187,2,14.6,0.3196298037016608,vcD2/deg2/bw14.6/hpQ2
lead_stubborn,231228,231229,101,4,10.2,0.2901917465581629,vcD1/deg4/bw10.2/hpQ2
lead_stubborn,204768,204769,632,3,61.0,0.2070972729458678,vcD7/deg3/bw61.0/hpQ1
lead_stubborn,136137,136138,344,2,7.1,0.3509947337216052,vcD4/deg2/bw7.1/hpQ3
lead_stubborn,85888,85889,945,7,87.4,0.2129379249701362,vcD10/deg7/bw87.4/hpQ1
lead_stubborn,82419,82420,994,4,20.9,0.2461140406262255,vcD10/deg4/bw20.9/hpQ1
lead_stubborn,45703,45704,892,5,61.0,0.2627648343443758,vcD9/deg5/bw61.0/hpQ2
lead_stubborn,177394,177395,147,5,14.6,0.3751229337419657,vcD2/deg5/bw14.6/hpQ3
lead_stubborn,91157,91158,662,4,7.1,0.3409275648695138,vcD7/deg4/bw7.1/hpQ3
lead_stubborn,162247,162248,168,7,10.2,0.2114807290736435,vcD2/deg7/bw10.2/hpQ1
lead_stubborn,225241,225242,965,5,10.2,0.2544637386172081,vcD10/deg5/bw10.2/hpQ1
lead_stubborn,2953,2954,953,6,125.0,0.3585232711576509,vcD10/deg6/bw125.0/hpQ3
lead_stubborn,249919,249920,649,5,125.0,0.2461140406262255,vcD7/deg5/bw125.0/hpQ1
lead_stubborn,243709,243710,485,6,61.0,0.4737946714611262,vcD5/deg6/bw61.0/hpQ5
lead_stubborn,26929,26930,469,5,125.0,0.2039812783100412,vcD5/deg5/bw125.0/hpQ1
lead_stubborn,4711,4712,599,8,61.0,0.3985108847427614,vcD6/deg8/bw61.0/hpQ4
lead_stubborn,212335,212336,700,6,14.6,0.3461077870164497,vcD7/deg6/bw14.6/hpQ3
lead_stubborn,205270,205271,436,8,10.2,0.3239323376009491,vcD5/deg8/bw10.2/hpQ3
lead_stubborn,137299,137300,158,5,10.2,0.4158727914731683,vcD2/deg5/bw10.2/hpQ4
lead_stubborn,215675,215676,332,6,42.7,0.3027820674966874,vcD4/deg6/bw42.7/hpQ2
lead_stubborn,100573,100574,720,4,29.9,0.4831039344913304,vcD8/deg4/bw29.9/hpQ5
lead_stubborn,49998,49999,26,4,125.0,0.3227365905845993,vcD1/deg4/bw125.0/hpQ3
lead_stubborn,132215,132216,206,4,10.2,0.4208942434349683,vcD2/deg4/bw10.2/hpQ4
lead_stubborn,152236,152237,909,5,10.2,0.469568977189866,vcD10/deg5/bw10.2/hpQ5
lead_stubborn,48512,48513,41,7,29.9,0.2238256630629619,vcD1/deg7/bw29.9/hpQ1
lead_stubborn,33145,33146,223,6,7.1,0.4184444837622084,vcD3/deg6/bw7.1/hpQ4
lead_stubborn,51729,51730,984,8,61.0,0.2039812783100412,vcD10/deg8/bw61.0/hpQ1
lead_stubborn,9734,9735,963,5,61.0,0.444752781116749,vcD10/deg5/bw61.0/hpQ5
lead_stubborn,144148,144149,723,2,7.1,0.3008118292997498,vcD8/deg2/bw7.1/hpQ2
lead_stubborn,178075,178076,508,7,5.0,0.3027820674966874,vcD5/deg7/bw5.0/hpQ2
lead_stubborn,12838,12839,621,7,87.4,0.4790241755215713,vcD7/deg7/bw87.4/hpQ5
lead_stubborn,101954,101955,887,5,125.0,0.3277016708096898,vcD9/deg5/bw125.0/hpQ3
lead_stubborn,201637,201638,418,6,42.7,0.3509947337216052,vcD5/deg6/bw42.7/hpQ3
lead_stubborn,135578,135579,242,7,29.9,0.3642632456563252,vcD3/deg7/bw29.9/hpQ3
lead_stubborn,98057,98058,990,3,5.0,0.3409275648695138,vcD10/deg3/bw5.0/hpQ3
lead_stubborn,41531,41532,903,4,29.9,0.4495856593533723,vcD10/deg4/bw29.9/hpQ5
lead_stubborn,165481,165482,713,5,20.9,0.3128186843462212,vcD8/deg5/bw20.9/hpQ2
lead_stubborn,52117,52118,404,8,7.1,0.2312345941585266,vcD4/deg8/bw7.1/hpQ1
lead_stubborn,137477,137478,158,5,20.9,0.3815618301396259,vcD2/deg5/bw20.9/hpQ4
lead_stubborn,224182,224183,62,2,7.1,0.2028601193675408,vcD1/deg2/bw7.1/hpQ1
lead_stubborn,170214,170215,780,3,10.2,0.28091147618982,vcD8/deg3/bw10.2/hpQ2
lead_stubborn,3151,3152,842,2,7.1,0.3898718220747056,vcD9/deg2/bw7.1/hpQ4
lead_stubborn,66892,66893,424,7,87.4,0.2779592827386458,vcD5/deg7/bw87.4/hpQ2
lead_stubborn,74468,74469,351,4,20.9,0.2070972729458678,vcD4/deg4/bw20.9/hpQ1
lead_stubborn,173742,173743,69,3,61.0,0.3733963553970497,vcD1/deg3/bw61.0/hpQ3
lead_stubborn,50350,50351,636,4,14.6,0.2182850515748211,vcD7/deg4/bw14.6/hpQ1
lead_stubborn,65246,65247,488,5,10.2,0.4071129309119736,vcD5/deg5/bw10.2/hpQ4
lead_stubborn,51523,51524,984,8,29.9,0.4574864654719545,vcD10/deg8/bw29.9/hpQ5
lead_stubborn,158539,158540,875,3,29.9,0.2501126952506121,vcD9/deg3/bw29.9/hpQ1
lead_stubborn,196898,196899,88,4,87.4,0.3227365905845993,vcD1/deg4/bw87.4/hpQ3
lead_stubborn,167787,167788,75,4,61.0,0.4229568538429628,vcD1/deg4/bw61.0/hpQ4
lead_stubborn,59549,59550,203,3,29.9,0.3349244931377773,vcD2/deg3/bw29.9/hpQ3
lead_stubborn,232029,232030,116,3,5.0,0.2039812783100412,vcD1/deg3/bw5.0/hpQ1
lead_stubborn,101521,101522,887,5,29.9,0.24260325729568,vcD9/deg5/bw29.9/hpQ1
lead_stubborn,214141,214142,264,6,7.1,0.2544637386172081,vcD3/deg6/bw7.1/hpQ1
lead_stubborn,25244,25245,133,3,10.2,0.2747520561924723,vcD2/deg3/bw10.2/hpQ2
lead_stubborn,163093,163094,851,5,5.0,0.2857700497959219,vcD9/deg5/bw5.0/hpQ2
lead_stubborn,229304,229305,24,3,14.6,0.4995762557070848,vcD1/deg3/bw14.6/hpQ5
lead_stubborn,99438,99439,111,7,20.9,0.4790241755215713,vcD1/deg7/bw20.9/hpQ5
lead_stubborn,119478,119479,766,7,20.9,0.3642632456563252,vcD8/deg7/bw20.9/hpQ3
lead_stubborn,225554,225555,965,5,29.9,0.3277016708096898,vcD10/deg5/bw29.9/hpQ3
lead_stubborn,183873,183874,364,4,87.4,0.4831039344913304,vcD4/deg4/bw87.4/hpQ5
lead_stubborn,36073,36074,590,8,5.0,0.4831039344913304,vcD6/deg8/bw5.0/hpQ5
lead_stubborn,161866,161867,915,3,87.4,0.3604525200861999,vcD10/deg3/bw87.4/hpQ3
lead_stubborn,70399,70400,975,5,14.6,0.4158727914731683,vcD10/deg5/bw14.6/hpQ4
lead_stubborn,92895,92896,162,6,87.4,0.4626922801013836,vcD2/deg6/bw87.4/hpQ5
lead_stubborn,142344,142345,883,5,14.6,0.2747520561924723,vcD9/deg5/bw14.6/hpQ2
lead_stubborn,35060,35061,455,7,5.0,0.3070497535774244,vcD5/deg7/bw5.0/hpQ2
lead_stubborn,102060,102061,741,5,5.0,0.3070497535774244,vcD8/deg5/bw5.0/hpQ2
lead_stubborn,201729,201730,418,6,61.0,0.2039812783100412,vcD5/deg6/bw61.0/hpQ1
lead_stubborn,158817,158818,875,3,87.4,0.2312345941585266,vcD9/deg3/bw87.4/hpQ1
lead_stubborn,117813,117814,267,3,87.4,0.4312459512484686,vcD3/deg3/bw87.4/hpQ4
lead_stubborn,51823,51824,984,8,87.4,0.4574864654719545,vcD10/deg8/bw87.4/hpQ5
lead_stubborn,247193,247194,445,4,7.1,0.2857700497959219,vcD5/deg4/bw7.1/hpQ2
lead_stubborn,79157,79158,528,8,7.1,0.3409275648695138,vcD6/deg8/bw7.1/hpQ3
lead_stubborn,166686,166687,126,6,42.7,0.3108669576156866,vcD2/deg6/bw42.7/hpQ2
lead_stubborn,33977,33978,223,6,125.0,0.3815618301396259,vcD3/deg6/bw125.0/hpQ4
lead_stubborn,83072,83073,782,2,5.0,0.2631399047202775,vcD8/deg2/bw5.0/hpQ2
lead_stubborn,206646,206647,790,7,42.7,0.4071129309119736,vcD8/deg7/bw42.7/hpQ4
lead_stubborn,185923,185924,411,7,125.0,0.4574864654719545,vcD4/deg7/bw125.0/hpQ5
lead_stubborn,111187,111188,569,6,7.1,0.4229568538429628,vcD6/deg6/bw7.1/hpQ4
lead_stubborn,124094,124095,544,6,5.0,0.3751229337419657,vcD6/deg6/bw5.0/hpQ3
lead_stubborn,112001,112002,297,4,5.0,0.2959114945914544,vcD3/deg4/bw5.0/hpQ2
lead_stubborn,153730,153731,518,7,61.0,0.2689147210983604,vcD6/deg7/bw61.0/hpQ2
lead_stubborn,135184,135185,242,7,7.1,0.4024582743628092,vcD3/deg7/bw7.1/hpQ4
lead_stubborn,216338,216339,825,5,14.6,0.4790241755215713,vcD9/deg5/bw14.6/hpQ5
lead_stubborn,195539,195540,580,6,29.9,0.2501126952506121,vcD6/deg6/bw29.9/hpQ1
lead_stubborn,249174,249175,649,5,7.1,0.2525545317138812,vcD7/deg5/bw7.1/hpQ1
lead_stubborn,7916,7917,564,3,125.0,0.4372556438030128,vcD6/deg3/bw125.0/hpQ4
lead_stubborn,224216,224217,62,2,10.2,0.4372556438030128,vcD1/deg2/bw10.2/hpQ4
lead_stubborn,65347,65348,488,5,14.6,0.2114807290736435,vcD5/deg5/bw14.6/hpQ1
lead_stubborn,53572,53573,245,5,29.9,0.2631399047202775,vcD3/deg5/bw29.9/hpQ2
lead_stubborn,119231,119232,766,7,10.2,0.4495856593533723,vcD8/deg7/bw10.2/hpQ5
lead_stubborn,30202,30203,336,6,10.2,0.405342196225377,vcD4/deg6/bw10.2/hpQ4
lead_stubborn,117549,117550,267,3,29.9,0.3349244931377773,vcD3/deg3/bw29.9/hpQ3
lead_stubborn,34878,34879,816,3,87.4,0.3642632456563252,vcD9/deg3/bw87.4/hpQ3
lead_stubborn,163933,163934,851,5,125.0,0.4113840234518945,vcD9/deg5/bw125.0/hpQ4
lead_stubborn,9912,9913,963,5,125.0,0.2238256630629619,vcD10/deg5/bw125.0/hpQ1
lead_stubborn,33291,33292,223,6,10.2,0.3544902343139808,vcD3/deg6/bw10.2/hpQ3
lead_stubborn,35596,35597,455,7,29.9,0.4855618445578609,vcD5/deg7/bw29.9/hpQ5
lead_stubborn,176922,176923,231,5,125.0,0.3494898166749496,vcD3/deg5/bw125.0/hpQ3
lead_stubborn,114761,114762,693,6,61.0,0.3350709844137344,vcD7/deg6/bw61.0/hpQ3
lead_stubborn,15356,15357,855,7,14.6,0.2281547978409189,vcD9/deg7/bw14.6/hpQ1
lead_stubborn,64355,64356,587,3,14.6,0.4768512858671266,vcD6/deg3/bw14.6/hpQ5
lead_stubborn,104637,104638,900,6,42.7,0.3509947337216052,vcD9/deg6/bw42.7/hpQ3
lead_stubborn,116890,116891,448,3,87.4,0.3969614753991711,vcD5/deg3/bw87.4/hpQ4
lead_stubborn,171153,171154,254,3,7.1,0.3585232711576509,vcD3/deg3/bw7.1/hpQ3
lead_stubborn,201535,201536,418,6,29.9,0.3461077870164497,vcD5/deg6/bw29.9/hpQ3
lead_stubborn,225052,225053,965,5,5.0,0.366882515038515,vcD10/deg5/bw5.0/hpQ3
lead_stubborn,22938,22939,808,7,125.0,0.4790241755215713,vcD9/deg7/bw125.0/hpQ5
lead_stubborn,51674,51675,984,8,42.7,0.2525545317138812,vcD10/deg8/bw42.7/hpQ1
lead_stubborn,197465,197466,482,5,20.9,0.4409284566649496,vcD5/deg5/bw20.9/hpQ5
lead_stubborn,191751,191752,732,3,61.0,0.3898718220747056,vcD8/deg3/bw61.0/hpQ4
lead_stubborn,41605,41606,903,4,42.7,0.4911132375299709,vcD10/deg4/bw42.7/hpQ5
lead_stubborn,74648,74649,351,4,42.7,0.3008118292997498,vcD4/deg4/bw42.7/hpQ2
lead_stubborn,51382,51383,984,8,14.6,0.2028601193675408,vcD10/deg8/bw14.6/hpQ1
lead_stubborn,164418,164419,764,7,20.9,0.4954733651280948,vcD8/deg7/bw20.9/hpQ5
lead_stubborn,84539,84540,948,6,29.9,0.2501126952506121,vcD10/deg6/bw29.9/hpQ1
lead_stubborn,21434,21435,213,6,20.9,0.444752781116749,vcD2/deg6/bw20.9/hpQ5
lead_stubborn,215263,215264,332,6,10.2,0.4895135847322587,vcD4/deg6/bw10.2/hpQ5
lead_stubborn,85531,85532,945,7,29.9,0.4495856593533723,vcD10/deg7/bw29.9/hpQ5
lead_stubborn,64023,64024,587,3,5.0,0.4574864654719545,vcD6/deg3/bw5.0/hpQ5
lead_stubborn,15638,15639,855,7,42.7,0.4790241755215713,vcD9/deg7/bw42.7/hpQ5
lead_stubborn,205814,205815,436,8,87.4,0.28091147618982,vcD5/deg8/bw87.4/hpQ2
lead_stubborn,79262,79263,528,8,10.2,0.4714045721788255,vcD6/deg8/bw10.2/hpQ5
lead_stubborn,73203,73204,898,7,10.2,0.2627648343443758,vcD9/deg7/bw10.2/hpQ2
lead_stubborn,120331,120332,86,2,14.6,0.4495856593533723,vcD1/deg2/bw14.6/hpQ5
lead_stubborn,84383,84384,948,6,14.6,0.4277086989642705,vcD10/deg6/bw14.6/hpQ4
lead_stubborn,232322,232323,116,3,14.6,0.3494898166749496,vcD1/deg3/bw14.6/hpQ3
lead_stubborn,49141,49142,26,4,7.1,0.2544637386172081,vcD1/deg4/bw7.1/hpQ1
lead_stubborn,125962,125963,716,4,125.0,0.4714045721788255,vcD8/deg4/bw125.0/hpQ5
lead_stubborn,88856,88857,301,8,87.4,0.2281547978409189,vcD3/deg8/bw87.4/hpQ1
lead_stubborn,110335,110336,199,6,14.6,0.3461077870164497,vcD2/deg6/bw14.6/hpQ3
lead_stubborn,191589,191590,732,3,29.9,0.3196298037016608,vcD8/deg3/bw29.9/hpQ2
lead_stubborn,194111,194112,491,6,7.1,0.3985108847427614,vcD5/deg6/bw7.1/hpQ4
lead_stubborn,146031,146032,829,7,5.0,0.4495856593533723,vcD9/deg7/bw5.0/hpQ5
lead_stubborn,129146,129147,73,8,7.1,0.4071129309119736,vcD1/deg8/bw7.1/hpQ4
lead_stubborn,70137,70138,975,5,7.1,0.3509947337216052,vcD10/deg5/bw7.1/hpQ3
lead_stubborn,131077,131078,935,6,5.0,0.3815618301396259,vcD10/deg6/bw5.0/hpQ4
lead_stubborn,130771,130772,979,6,61.0,0.3156406422303758,vcD10/deg6/bw61.0/hpQ2
lead_stubborn,158010,158011,875,3,5.0,0.3777435584279705,vcD9/deg3/bw5.0/hpQ3
lead_stubborn,24382,24383,957,2,14.6,0.2028601193675408,vcD10/deg2/bw14.6/hpQ1
lead_stubborn,134689,134690,923,7,42.7,0.3196298037016608,vcD10/deg7/bw42.7/hpQ2
lead_stubborn,102309,102310,741,5,14.6,0.4737946714611262,vcD8/deg5/bw14.6/hpQ5
lead_stubborn,10374,10375,104,4,14.6,0.2525545317138812,vcD1/deg4/bw14.6/hpQ1
lead_stubborn,167367,167368,75,4,14.6,0.3706046305857265,vcD1/deg4/bw14.6/hpQ3
lead_stubborn,79602,79603,528,8,42.7,0.405342196225377,vcD6/deg8/bw42.7/hpQ4
lead_stubborn,79498,79499,528,8,20.9,0.3227365905845993,vcD6/deg8/bw20.9/hpQ3
lead_stubborn,44340,44341,225,6,14.6,0.3883150820571905,vcD3/deg6/bw14.6/hpQ4
lead_stubborn,132735,132736,206,4,61.0,0.3461077870164497,vcD2/deg4/bw61.0/hpQ3
lead_stubborn,99386,99387,111,7,14.6,0.3108669576156866,vcD1/deg7/bw14.6/hpQ2
lead_stubborn,241427,241428,605,5,20.9,0.4304538627565802,vcD6/deg5/bw20.9/hpQ4
lead_stubborn,178948,178949,508,7,125.0,0.3008118292997498,vcD5/deg7/bw125.0/hpQ2
lead_stubborn,52669,52670,404,8,42.7,0.4344347691369841,vcD4/deg8/bw42.7/hpQ4
lead_stubborn,112838,112839,297,4,87.4,0.4790241755215713,vcD3/deg4/bw87.4/hpQ5
lead_stubborn,218689,218690,37,7,42.7,0.3196298037016608,vcD1/deg7/bw42.7/hpQ2
lead_stubborn,85183,85184,945,7,7.1,0.4277086989642705,vcD10/deg7/bw7.1/hpQ4
lead_stubborn,113501,113502,236,3,29.9,0.2959114945914544,vcD3/deg3/bw29.9/hpQ2
lead_stubborn,191346,191347,732,3,14.6,0.4071129309119736,vcD8/deg3/bw14.6/hpQ4
lead_stubborn,66162,66163,424,7,7.1,0.4714045721788255,vcD5/deg7/bw7.1/hpQ5
lead_stubborn,40144,40145,50,3,7.1,0.2747520561924723,vcD1/deg3/bw7.1/hpQ2
lead_stubborn,190821,190822,187,2,87.4,0.24260325729568,vcD2/deg2/bw87.4/hpQ1
lead_stubborn,26618,26619,469,5,42.7,0.4954733651280948,vcD5/deg5/bw42.7/hpQ5
lead_stubborn,90376,90377,144,5,14.6,0.2375482709814891,vcD2/deg5/bw14.6/hpQ1
lead_stubborn,47148,47149,277,5,7.1,0.3008118292997498,vcD3/deg5/bw7.1/hpQ2
lead_stubborn,62497,62498,742,4,20.9,0.21729239263723,vcD8/deg4/bw20.9/hpQ1
lead_stubborn,208840,208841,512,4,87.4,0.3883150820571905,vcD6/deg4/bw87.4/hpQ4
lead_stubborn,30447,30448,336,6,20.9,0.2114807290736435,vcD4/deg6/bw20.9/hpQ1
lead_stubborn,199693,199694,358,3,42.7,0.2857700497959219,vcD4/deg3/bw42.7/hpQ2
lead_stubborn,42088,42089,811,5,5.0,0.2129379249701362,vcD9/deg5/bw5.0/hpQ1
lead_stubborn,236167,236168,861,5,7.1,0.3706046305857265,vcD9/deg5/bw7.1/hpQ3
lead_stubborn,168258,168259,548,5,10.2,0.2977847312437251,vcD6/deg5/bw10.2/hpQ2
lead_stubborn,20561,20562,865,7,29.9,0.3350709844137344,vcD9/deg7/bw29.9/hpQ3
lead_stubborn,60030,60031,879,5,5.0,0.2689147210983604,vcD9/deg5/bw5.0/hpQ2
lead_stubborn,196678,196679,88,4,42.7,0.3642632456563252,vcD1/deg4/bw42.7/hpQ3
lead_stubborn,69056,69057,463,4,5.0,0.2281547978409189,vcD5/deg4/bw5.0/hpQ1
lead_stubborn,205647,205648,436,8,42.7,0.2114807290736435,vcD5/deg8/bw42.7/hpQ1
lead_stubborn,136099,136100,344,2,5.0,0.4158727914731683,vcD4/deg2/bw5.0/hpQ4
lead_stubborn,112600,112601,297,4,42.7,0.3857676334163057,vcD3/deg4/bw42.7/hpQ4
lead_stubborn,136513,136514,344,2,29.9,0.4312459512484686,vcD4/deg2/bw29.9/hpQ4
lead_stubborn,152869,152870,909,5,87.4,0.4344347691369841,vcD10/deg5/bw87.4/hpQ4
lead_stubborn,197027,197028,482,5,5.0,0.4304538627565802,vcD5/deg5/bw5.0/hpQ4
lead_stubborn,110801,110802,199,6,87.4,0.2959114945914544,vcD2/deg6/bw87.4/hpQ2
lead_stubborn,50062,50063,636,4,5.0,0.4714045721788255,vcD7/deg4/bw5.0/hpQ5
lead_stubborn,225346,225347,965,5,14.6,0.4071129309119736,vcD10/deg5/bw14.6/hpQ4
lead_stubborn,184355,184356,571,6,14.6,0.4768512858671266,vcD6/deg6/bw14.6/hpQ5
lead_stubborn,106906,106907,869,3,125.0,0.4657787213448116,vcD9/deg3/bw125.0/hpQ5
lead_stubborn,204965,204966,632,3,125.0,0.4409284566649496,vcD7/deg3/bw125.0/hpQ5
lead_stubborn,167018,167019,75,4,5.0,0.4954733651280948,vcD1/deg4/bw5.0/hpQ5
lead_stubborn,212834,212835,700,6,87.4,0.444752781116749,vcD7/deg6/bw87.4/hpQ5
lead_stubborn,198887,198888,682,2,87.4,0.4229568538429628,vcD7/deg2/bw87.4/hpQ4
lead_stubborn,8870,8871,365,3,87.4,0.3239323376009491,vcD4/deg3/bw87.4/hpQ3
lead_stubborn,136608,136609,344,2,42.7,0.2331676534838964,vcD4/deg2/bw42.7/hpQ1
lead_stubborn,79702,79703,528,8,61.0,0.405342196225377,vcD6/deg8/bw61.0/hpQ4
lead_stubborn,120788,120789,86,2,61.0,0.2129379249701362,vcD1/deg2/bw61.0/hpQ1
lead_stubborn,16584,16585,208,7,29.9,0.4024582743628092,vcD2/deg7/bw29.9/hpQ4
lead_stubborn,205353,205354,436,8,14.6,0.3585232711576509,vcD5/deg8/bw14.6/hpQ3
lead_stubborn,218996,218997,37,7,125.0,0.4855618445578609,vcD1/deg7/bw125.0/hpQ5
lead_stubborn,229024,229025,24,3,5.0,0.454095890072901,vcD1/deg3/bw5.0/hpQ5
lead_stubborn,193010,193011,178,4,5.0,0.3777435584279705,vcD2/deg4/bw5.0/hpQ3
lead_stubborn,204502,204503,632,3,29.9,0.405342196225377,vcD7/deg3/bw29.9/hpQ4
lead_stubborn,246785,246786,281,4,61.0,0.4461023732799478,vcD3/deg4/bw61.0/hpQ5
lead_stubborn,156510,156511,462,8,29.9,0.3777435584279705,vcD5/deg8/bw29.9/hpQ3
lead_stubborn,234752,234753,138,8,61.0,0.366882515038515,vcD2/deg8/bw61.0/hpQ3
lead_stubborn,24013,24014,957,2,5.0,0.4312459512484686,vcD10/deg2/bw5.0/hpQ4
lead_stubborn,184242,184243,571,6,10.2,0.3733963553970497,vcD6/deg6/bw10.2/hpQ3
lead_stubborn,104559,104560,900,6,29.9,0.2892063661005389,vcD9/deg6/bw29.9/hpQ2
lead_stubborn,84898,84899,948,6,87.4,0.3227365905845993,vcD10/deg6/bw87.4/hpQ3
lead_stubborn,226219,226220,257,3,10.2,0.2461140406262255,vcD3/deg3/bw10.2/hpQ1
lead_stubborn,224380,224381,62,2,14.6,0.2269416996374781,vcD1/deg2/bw14.6/hpQ1
lead_stubborn,47426,47427,277,5,20.9,0.4590052735626949,vcD3/deg5/bw20.9/hpQ5
lead_stubborn,111759,111760,569,6,61.0,0.2892063661005389,vcD6/deg6/bw61.0/hpQ2
lead_stubborn,104127,104128,900,6,7.1,0.4304538627565802,vcD9/deg6/bw7.1/hpQ4
lead_stubborn,76043,76044,381,6,5.0,0.3297294244236074,vcD4/deg6/bw5.0/hpQ3
lead_stubborn,89256,89257,396,7,10.2,0.2281547978409189,vcD4/deg7/bw10.2/hpQ1
lead_stubborn,161349,161350,915,3,14.6,0.3349244931377773,vcD10/deg3/bw14.6/hpQ3
lead_stubborn,149492,149493,408,6,20.9,0.2779592827386458,vcD4/deg6/bw20.9/hpQ2
lead_stubborn,150246,150247,372,4,10.2,0.4071129309119736,vcD4/deg4/bw10.2/hpQ4
lead_stubborn,232635,232636,116,3,42.7,0.3461077870164497,vcD1/deg3/bw42.7/hpQ3
lead_stubborn,112468,112469,297,4,20.9,0.2070972729458678,vcD3/deg4/bw20.9/hpQ1
lead_stubborn,22505,22506,808,7,29.9,0.4911132375299709,vcD9/deg7/bw29.9/hpQ5
lead_stubborn,248470,248471,306,6,20.9,0.3239323376009491,vcD3/deg6/bw20.9/hpQ3
lead_stubborn,124237,124238,544,6,10.2,0.3509947337216052,vcD6/deg6/bw10.2/hpQ3
lead_stubborn,188388,188389,517,2,14.6,0.2129379249701362,vcD6/deg2/bw14.6/hpQ1
lead_stubborn,225831,225832,965,5,87.4,0.4495856593533723,vcD10/deg5/bw87.4/hpQ5
lead_stubborn,221644,221645,310,5,42.7,0.2747520561924723,vcD3/deg5/bw42.7/hpQ2
lead_stubborn,182636,182637,374,7,42.7,0.469568977189866,vcD4/deg7/bw42.7/hpQ5
lead_stubborn,199746,199747,358,3,61.0,0.4071129309119736,vcD4/deg3/bw61.0/hpQ4
lead_stubborn,145513,145514,315,7,29.9,0.4312459512484686,vcD4/deg7/bw29.9/hpQ4
lead_stubborn,45600,45601,892,5,42.7,0.3857676334163057,vcD9/deg5/bw42.7/hpQ4
lead_stubborn,2218,2219,953,6,10.2,0.4954733651280948,vcD10/deg6/bw10.2/hpQ5
lead_stubborn,176450,176451,231,5,20.9,0.2182850515748211,vcD3/deg5/bw20.9/hpQ1
lead_stubborn,222458,222459,558,7,20.9,0.2977847312437251,vcD6/deg7/bw20.9/hpQ2
lead_stubborn,50799,50800,636,4,61.0,0.4158727914731683,vcD7/deg4/bw61.0/hpQ4
lead_stubborn,150199,150200,372,4,7.1,0.4158727914731683,vcD4/deg4/bw7.1/hpQ4
lead_stubborn,162310,162311,168,7,14.6,0.3777435584279705,vcD2/deg7/bw14.6/hpQ3
lead_stubborn,90719,90720,144,5,61.0,0.2461140406262255,vcD2/deg5/bw61.0/hpQ1
lead_stubborn,13753,13754,582,3,61.0,0.3585232711576509,vcD6/deg3/bw61.0/hpQ3
lead_stubborn,64227,64228,587,3,10.2,0.4304538627565802,vcD6/deg3/bw10.2/hpQ4
lead_stubborn,205111,205112,436,8,7.1,0.3985108847427614,vcD5/deg8/bw7.1/hpQ4
lead_stubborn,209330,209331,454,4,14.6,0.2689147210983604,vcD5/deg4/bw14.6/hpQ2
lead_stubborn,24281,24282,957,2,10.2,0.3128186843462212,vcD10/deg2/bw10.2/hpQ2
lead_stubborn,109808,109809,170,3,87.4,0.2331676534838964,vcD2/deg3/bw87.4/hpQ1
lead_stubborn,128924,128925,32,6,125.0,0.454095890072901,vcD1/deg6/bw125.0/hpQ5
lead_stubborn,210339,210340,235,7,14.6,0.2501126952506121,vcD3/deg7/bw14.6/hpQ1
lead_stubborn,88719,88720,301,8,61.0,0.2461140406262255,vcD3/deg8/bw61.0/hpQ1
lead_stubborn,129820,129821,73,8,87.4,0.2397567210258474,vcD1/deg8/bw87.4/hpQ1
lead_stubborn,133855,133856,851,6,87.4,0.4768512858671266,vcD9/deg6/bw87.4/hpQ5
lead_stubborn,19248,19249,136,4,10.2,0.3008118292997498,vcD2/deg4/bw10.2/hpQ2
lead_stubborn,238484,238485,629,6,20.9,0.4024582743628092,vcD7/deg6/bw20.9/hpQ4
lead_stubborn,190004,190005,187,2,5.0,0.4995762557070848,vcD2/deg2/bw5.0/hpQ5
lead_stubborn,58180,58181,555,2,7.1,0.2269416996374781,vcD6/deg2/bw7.1/hpQ1
lead_stubborn,38549,38550,63,2,29.9,0.3349244931377773,vcD1/deg2/bw29.9/hpQ3
lead_stubborn,249332,249333,649,5,14.6,0.2594311744995365,vcD7/deg5/bw14.6/hpQ1
lead_stubborn,161913,161914,915,3,125.0,0.4312459512484686,vcD10/deg3/bw125.0/hpQ4
lead_stubborn,216920,216921,825,5,125.0,0.2397567210258474,vcD9/deg5/bw125.0/hpQ1
lead_stubborn,128133,128134,32,6,7.1,0.4113840234518945,vcD1/deg6/bw7.1/hpQ4
lead_stubborn,90235,90236,144,5,10.2,0.3461077870164497,vcD2/deg5/bw10.2/hpQ3
lead_stubborn,234661,234662,138,8,42.7,0.3350709844137344,vcD2/deg8/bw42.7/hpQ3
lead_stubborn,157985,157986,920,3,125.0,0.4461023732799478,vcD10/deg3/bw125.0/hpQ5
lead_stubborn,132328,132329,206,4,14.6,0.2901917465581629,vcD2/deg4/bw14.6/hpQ2
lead_stubborn,46907,46908,677,6,125.0,0.3927810904963459,vcD7/deg6/bw125.0/hpQ4
lead_stubborn,151605,151606,346,7,42.7,0.4911132375299709,vcD4/deg7/bw42.7/hpQ5
lead_stubborn,197597,197598,482,5,29.9,0.21729239263723,vcD5/deg5/bw29.9/hpQ1
lead_stubborn,141787,141788,110,4,61.0,0.4229568538429628,vcD1/deg4/bw61.0/hpQ4
lead_stubborn,35339,35340,455,7,14.6,0.2501126952506121,vcD5/deg7/bw14.6/hpQ1
lead_stubborn,10656,10657,104,4,42.7,0.2281547978409189,vcD1/deg4/bw42.7/hpQ1
lead_stubborn,70558,70559,975,5,29.9,0.2977847312437251,vcD10/deg5/bw29.9/hpQ2
lead_stubborn,214930,214931,264,6,125.0,0.2689147210983604,vcD3/deg6/bw125.0/hpQ2
lead_stubborn,7851,7852,564,3,87.4,0.3898718220747056,vcD6/deg3/bw87.4/hpQ4
lead_stubborn,180571,180572,535,5,29.9,0.3156406422303758,vcD6/deg5/bw29.9/hpQ2
lead_stubborn,101736,101737,887,5,61.0,0.469568977189866,vcD9/deg5/bw61.0/hpQ5
lead_stubborn,30385,30386,336,6,14.6,0.4461023732799478,vcD4/deg6/bw14.6/hpQ5
lead_stubborn,200168,200169,697,7,7.1,0.2070972729458678,vcD7/deg7/bw7.1/hpQ1
lead_stubborn,20133,20134,865,7,7.1,0.4113840234518945,vcD9/deg7/bw7.1/hpQ4
lead_stubborn,178140,178141,508,7,7.1,0.3883150820571905,vcD5/deg7/bw7.1/hpQ4
lead_stubborn,181386,181387,736,4,14.6,0.3108669576156866,vcD8/deg4/bw14.6/hpQ2
lead_stubborn,245398,245399,288,8,14.6,0.3227365905845993,vcD3/deg8/bw14.6/hpQ3
lead_stubborn,144348,144349,723,2,14.6,0.3008118292997498,vcD8/deg2/bw14.6/hpQ2
lead_stubborn,230293,230294,708,6,10.2,0.2857700497959219,vcD8/deg6/bw10.2/hpQ2
lead_stubborn,70093,70094,975,5,5.0,0.2857700497959219,vcD10/deg5/bw5.0/hpQ2
lead_stubborn,161175,161176,915,3,7.1,0.3027820674966874,vcD10/deg3/bw7.1/hpQ2
lead_stubborn,126070,126071,671,6,5.0,0.3239323376009491,vcD7/deg6/bw5.0/hpQ3
lead_stubborn,52848,52849,404,8,87.4,0.3008118292997498,vcD4/deg8/bw87.4/hpQ2
lead_stubborn,119046,119047,766,7,5.0,0.4071129309119736,vcD8/deg7/bw5.0/hpQ4
lead_stubborn,39873,39874,219,5,87.4,0.4831039344913304,vcD3/deg5/bw87.4/hpQ5
lead_stubborn,26443,26444,469,5,20.9,0.3297294244236074,vcD5/deg5/bw20.9/hpQ3
lead_stubborn,157727,157728,920,3,61.0,0.4304538627565802,vcD10/deg3/bw61.0/hpQ4
lead_stubborn,217993,217994,262,5,125.0,0.2857700497959219,vcD3/deg5/bw125.0/hpQ2
lead_stubborn,157027,157028,920,3,5.0,0.4304538627565802,vcD10/deg3/bw5.0/hpQ4
lead_stubborn,244903,244904,414,4,125.0,0.2627648343443758,vcD5/deg4/bw125.0/hpQ2
lead_stubborn,18199,18200,871,3,7.1,0.4158727914731683,vcD9/deg3/bw7.1/hpQ4
lead_stubborn,165633,165634,713,5,42.7,0.4113840234518945,vcD8/deg5/bw42.7/hpQ4
lead_stubborn,146111,146112,829,7,7.1,0.3985108847427614,vcD9/deg7/bw7.1/hpQ4
lead_stubborn,21094,21095,213,6,5.0,0.3751229337419657,vcD2/deg6/bw5.0/hpQ3
lead_stubborn,208219,208220,512,4,10.2,0.2461140406262255,vcD6/deg4/bw10.2/hpQ1
lead_stubborn,28910,28911,939,2,125.0,0.3777435584279705,vcD10/deg2/bw125.0/hpQ3
lead_stubborn,241874,241875,605,5,87.4,0.2525545317138812,vcD6/deg5/bw87.4/hpQ1
lead_stubborn,174225,174226,800,5,10.2,0.2702561230694959,vcD8/deg5/bw10.2/hpQ2
lead_stubborn,133451,133452,851,6,20.9,0.3898718220747056,vcD9/deg6/bw20.9/hpQ4
lead_stubborn,65791,65792,488,5,61.0,0.3544902343139808,vcD5/deg5/bw61.0/hpQ3
lead_stubborn,222679,222680,558,7,42.7,0.2816906079992455,vcD6/deg7/bw42.7/hpQ2
lead_stubborn,82309,82310,994,4,14.6,0.4737946714611262,vcD10/deg4/bw14.6/hpQ5
lead_stubborn,168050,168051,548,5,5.0,0.2182850515748211,vcD6/deg5/bw5.0/hpQ1
lead_stubborn,228987,228988,271,4,125.0,0.4229568538429628,vcD3/deg4/bw125.0/hpQ4
lead_stubborn,43037,43038,392,6,5.0,0.3509947337216052,vcD4/deg6/bw5.0/hpQ3
lead_stubborn,203378,203379,601,6,14.6,0.3642632456563252,vcD6/deg6/bw14.6/hpQ3
lead_stubborn,206506,206507,790,7,29.9,0.4657787213448116,vcD8/deg7/bw29.9/hpQ5
lead_stubborn,117237,117238,267,3,10.2,0.3509947337216052,vcD3/deg3/bw10.2/hpQ3
lead_stubborn,177913,177914,147,5,125.0,0.4312459512484686,vcD2/deg5/bw125.0/hpQ4
lead_stubborn,168902,168903,548,5,125.0,0.405342196225377,vcD6/deg5/bw125.0/hpQ4
lead_stubborn,35767,35768,455,7,61.0,0.3706046305857265,vcD5/deg7/bw61.0/hpQ3
lead_stubborn,71748,71749,353,7,61.0,0.3008118292997498,vcD4/deg7/bw61.0/hpQ2
lead_stubborn,143757,143758,658,3,61.0,0.3409275648695138,vcD7/deg3/bw61.0/hpQ3
lead_stubborn,120255,120256,86,2,10.2,0.4768512858671266,vcD1/deg2/bw10.2/hpQ5
lead_stubborn,74761,74762,351,4,61.0,0.3350709844137344,vcD4/deg4/bw61.0/hpQ3
lead_stubborn,46552,46553,677,6,29.9,0.366882515038515,vcD7/deg6/bw29.9/hpQ3
lead_stubborn,206036,206037,790,7,5.0,0.469568977189866,vcD8/deg7/bw5.0/hpQ5
lead_stubborn,209273,209274,454,4,10.2,0.4831039344913304,vcD5/deg4/bw10.2/hpQ5
lead_stubborn,93871,93872,153,8,87.4,0.3156406422303758,vcD2/deg8/bw87.4/hpQ2
lead_stubborn,222835,222836,558,7,87.4,0.3461077870164497,vcD6/deg7/bw87.4/hpQ3
lead_stubborn,38630,38631,63,2,42.7,0.2689147210983604,vcD1/deg2/bw42.7/hpQ2
lead_stubborn,212661,212662,700,6,42.7,0.3350709844137344,vcD7/deg6/bw42.7/hpQ3
lead_stubborn,122668,122669,956,3,42.7,0.2070972729458678,vcD10/deg3/bw42.7/hpQ1
lead_stubborn,235729,235730,812,2,61.0,0.2039812783100412,vcD9/deg2/bw61.0/hpQ1
lead_stubborn,152750,152751,909,5,61.0,0.2182850515748211,vcD10/deg5/bw61.0/hpQ1
lead_stubborn,14838,14839,618,4,87.4,0.4790241755215713,vcD7/deg4/bw87.4/hpQ5
lead_stubborn,155484,155485,985,8,20.9,0.4024582743628092,vcD10/deg8/bw20.9/hpQ4
lead_stubborn,158942,158943,875,3,125.0,0.3733963553970497,vcD9/deg3/bw125.0/hpQ3
lead_stubborn,30728,30729,336,6,61.0,0.2901917465581629,vcD4/deg6/bw61.0/hpQ2
lead_stubborn,237346,237347,523,3,14.6,0.4071129309119736,vcD6/deg3/bw14.6/hpQ4
lead_stubborn,85732,85733,945,7,61.0,0.2594311744995365,vcD10/deg7/bw61.0/hpQ1
lead_stubborn,191086,191087,732,3,5.0,0.3108669576156866,vcD8/deg3/bw5.0/hpQ2
lead_stubborn,174798,174799,800,5,61.0,0.3227365905845993,vcD8/deg5/bw61.0/hpQ3
lead_stubborn,182265,182266,374,7,10.2,0.4409284566649496,vcD4/deg7/bw10.2/hpQ5
lead_stubborn,110013,110014,199,6,5.0,0.4312459512484686,vcD2/deg6/bw5.0/hpQ4
lead_stubborn,137798,137799,158,5,61.0,0.3227365905845993,vcD2/deg5/bw61.0/hpQ3
lead_stubborn,2302,2303,953,6,14.6,0.405342196225377,vcD10/deg6/bw14.6/hpQ4
lead_stubborn,185027,185028,411,7,5.0,0.4304538627565802,vcD4/deg7/bw5.0/hpQ4
lead_stubborn,173678,173679,69,3,42.7,0.3642632456563252,vcD1/deg3/bw42.7/hpQ3
lead_stubborn,160679,160680,685,4,42.7,0.2816906079992455,vcD7/deg4/bw42.7/hpQ2
lead_stubborn,118771,118772,928,4,61.0,0.3156406422303758,vcD10/deg4/bw61.0/hpQ2
lead_stubborn,178315,178316,508,7,14.6,0.4208942434349683,vcD5/deg7/bw14.6/hpQ4
lead_stubborn,156774,156775,462,8,61.0,0.2525545317138812,vcD5/deg8/bw61.0/hpQ1
lead_stubborn,90484,90485,144,5,20.9,0.4024582743628092,vcD2/deg5/bw20.9/hpQ4
lead_stubborn,119857,119858,766,7,87.4,0.3409275648695138,vcD8/deg7/bw87.4/hpQ3
lead_stubborn,93372,93373,153,8,14.6,0.2631399047202775,vcD2/deg8/bw14.6/hpQ2
lead_stubborn,85085,85086,945,7,5.0,0.4461023732799478,vcD10/deg7/bw5.0/hpQ5
lead_stubborn,208065,208066,512,4,5.0,0.4409284566649496,vcD6/deg4/bw5.0/hpQ5
lead_stubborn,63703,63704,328,2,61.0,0.2627648343443758,vcD4/deg2/bw61.0/hpQ2
lead_stubborn,126362,126363,671,6,14.6,0.4714045721788255,vcD7/deg6/bw14.6/hpQ5
trail_stubborn,109711,109712,170,3,61.0,0.3985108847427614,vcD2/deg3/bw61.0/hpQ4
trail_stubborn,13575,13576,582,3,29.9,0.3027820674966874,vcD6/deg3/bw29.9/hpQ2
trail_stubborn,108199,108200,776,4,7.1,0.4158727914731683,vcD8/deg4/bw7.1/hpQ4
trail_stubborn,115316,115317,669,2,14.6,0.4372556438030128,vcD7/deg2/bw14.6/hpQ4
trail_stubborn,105009,105010,423,3,5.0,0.4737946714611262,vcD5/deg3/bw5.0/hpQ5
trail_stubborn,55997,55998,475,7,125.0,0.21729239263723,vcD5/deg7/bw125.0/hpQ1
trail_stubborn,211451,211452,664,5,20.9,0.3898718220747056,vcD7/deg5/bw20.9/hpQ4
trail_stubborn,8513,8514,365,3,29.9,0.4312459512484686,vcD4/deg3/bw29.9/hpQ4
trail_stubborn,219435,219436,496,3,20.9,0.3461077870164497,vcD5/deg3/bw20.9/hpQ3
trail_stubborn,172764,172765,54,7,61.0,0.3439678088500045,vcD1/deg7/bw61.0/hpQ3
trail_stubborn,617,618,195,2,42.7,0.2312345941585266,vcD2/deg2/bw42.7/hpQ1
trail_stubborn,102821,102822,741,5,87.4,0.24260325729568,vcD8/deg5/bw87.4/hpQ1
trail_stubborn,110260,110261,199,6,10.2,0.3070497535774244,vcD2/deg6/bw10.2/hpQ2
trail_stubborn,59228,59229,203,3,10.2,0.2901917465581629,vcD2/deg3/bw10.2/hpQ2
trail_stubborn,127439,127440,434,6,20.9,0.2501126952506121,vcD5/deg6/bw20.9/hpQ1
trail_stubborn,22422,22423,808,7,20.9,0.3494898166749496,vcD9/deg7/bw20.9/hpQ3
trail_stubborn,216424,216425,825,5,20.9,0.454095890072901,vcD9/deg5/bw20.9/hpQ5
trail_stubborn,120935,120936,86,2,125.0,0.3461077870164497,vcD1/deg2/bw125.0/hpQ3
trail_stubborn,71510,71511,353,7,29.9,0.3777435584279705,vcD4/deg7/bw29.9/hpQ3
trail_stubborn,132134,132135,206,4,7.1,0.444752781116749,vcD2/deg4/bw7.1/hpQ5
trail_stubborn,124867,124868,544,6,87.4,0.3706046305857265,vcD6/deg6/bw87.4/hpQ3
trail_stubborn,229465,229466,24,3,20.9,0.4409284566649496,vcD1/deg3/bw20.9/hpQ5
trail_stubborn,197235,197236,482,5,10.2,0.3461077870164497,vcD5/deg5/bw10.2/hpQ3
trail_stubborn,53037,53038,245,5,5.0,0.3509947337216052,vcD3/deg5/bw5.0/hpQ3
trail_stubborn,188990,188991,517,2,125.0,0.3969614753991711,vcD6/deg2/bw125.0/hpQ4
trail_stubborn,58221,58222,555,2,10.2,0.24260325729568,vcD6/deg2/bw10.2/hpQ1
trail_stubborn,16165,16166,208,7,7.1,0.4409284566649496,vcD2/deg7/bw7.1/hpQ5
trail_stubborn,243528,243529,485,6,29.9,0.2901917465581629,vcD5/deg6/bw29.9/hpQ2
trail_stubborn,133217,133218,851,6,10.2,0.2312345941585266,vcD9/deg6/bw10.2/hpQ1
trail_stubborn,19946,19947,136,4,125.0,0.4071129309119736,vcD2/deg4/bw125.0/hpQ4
trail_stubborn,2434,2435,953,6,20.9,0.444752781116749,vcD10/deg6/bw20.9/hpQ5
trail_stubborn,64160,64161,587,3,7.1,0.3070497535774244,vcD6/deg3/bw7.1/hpQ2
trail_stubborn,247578,247579,445,4,29.9,0.3642632456563252,vcD5/deg4/bw29.9/hpQ3
trail_stubborn,92350,92351,162,6,14.6,0.2182850515748211,vcD2/deg6/bw14.6/hpQ1
trail_stubborn,203153,203154,601,6,7.1,0.3585232711576509,vcD6/deg6/bw7.1/hpQ3
trail_stubborn,61302,61303,539,4,14.6,0.405342196225377,vcD6/deg4/bw14.6/hpQ4
trail_stubborn,132680,132681,206,4,42.7,0.2269416996374781,vcD2/deg4/bw42.7/hpQ1
trail_stubborn,246599,246600,281,4,29.9,0.4158727914731683,vcD3/deg4/bw29.9/hpQ4
trail_stubborn,104319,104320,900,6,14.6,0.2461140406262255,vcD9/deg6/bw14.6/hpQ1
trail_stubborn,45546,45547,892,5,29.9,0.4071129309119736,vcD9/deg5/bw29.9/hpQ4
trail_stubborn,240632,240633,771,5,42.7,0.2594311744995365,vcD8/deg5/bw42.7/hpQ1
trail_stubborn,119512,119513,766,7,29.9,0.2238256630629619,vcD8/deg7/bw29.9/hpQ1
trail_stubborn,140340,140341,821,5,14.6,0.3883150820571905,vcD9/deg5/bw14.6/hpQ4
trail_stubborn,69273,69274,463,4,10.2,0.4831039344913304,vcD5/deg4/bw10.2/hpQ5
trail_stubborn,65509,65510,488,5,29.9,0.4737946714611262,vcD5/deg5/bw29.9/hpQ5
trail_stubborn,225620,225621,965,5,42.7,0.2397567210258474,vcD10/deg5/bw42.7/hpQ1
trail_stubborn,222145,222146,558,7,7.1,0.4184444837622084,vcD6/deg7/bw7.1/hpQ4
trail_stubborn,170465,170466,780,3,20.9,0.4409284566649496,vcD8/deg3/bw20.9/hpQ5
trail_stubborn,66240,66241,424,7,10.2,0.3883150820571905,vcD5/deg7/bw10.2/hpQ4
trail_stubborn,5091,5092,29,8,5.0,0.3544902343139808,vcD1/deg8/bw5.0/hpQ3
trail_stubborn,71696,71697,353,7,42.7,0.4855618445578609,vcD4/deg7/bw42.7/hpQ5
trail_stubborn,56300,56301,323,8,14.6,0.3857676334163057,vcD4/deg8/bw14.6/hpQ4
trail_stubborn,138653,138654,472,7,42.7,0.3585232711576509,vcD5/deg7/bw42.7/hpQ3
trail_stubborn,119379,119380,766,7,14.6,0.2816906079992455,vcD8/deg7/bw14.6/hpQ2
trail_stubborn,117359,117360,267,3,14.6,0.2892063661005389,vcD3/deg3/bw14.6/hpQ2
trail_stubborn,35612,35613,455,7,42.7,0.2238256630629619,vcD5/deg7/bw42.7/hpQ1
trail_stubborn,236629,236630,861,5,42.7,0.2039812783100412,vcD9/deg5/bw42.7/hpQ1
trail_stubborn,208909,208910,512,4,125.0,0.4737946714611262,vcD6/deg4/bw125.0/hpQ5
trail_stubborn,10110,10111,104,4,7.1,0.3777435584279705,vcD1/deg4/bw7.1/hpQ3
trail_stubborn,75489,75490,755,6,20.9,0.3196298037016608,vcD8/deg6/bw20.9/hpQ2
trail_stubborn,243158,243159,485,6,7.1,0.2977847312437251,vcD5/deg6/bw7.1/hpQ2
trail_stubborn,103702,103703,429,4,61.0,0.405342196225377,vcD5/deg4/bw61.0/hpQ4
trail_stubborn,52477,52478,404,8,20.9,0.3815618301396259,vcD4/deg8/bw20.9/hpQ4
trail_stubborn,103092,103093,429,4,5.0,0.2779592827386458,vcD5/deg4/bw5.0/hpQ2
trail_stubborn,55402,55403,475,7,20.9,0.405342196225377,vcD5/deg7/bw20.9/hpQ4
trail_stubborn,40217,40218,50,3,10.2,0.2312345941585266,vcD1/deg3/bw10.2/hpQ1
trail_stubborn,134328,134329,923,7,14.6,0.2901917465581629,vcD10/deg7/bw14.6/hpQ2
trail_stubborn,79051,79052,528,8,5.0,0.3898718220747056,vcD6/deg8/bw5.0/hpQ4
trail_stubborn,234976,234977,138,8,125.0,0.2375482709814891,vcD2/deg8/bw125.0/hpQ1
trail_stubborn,248667,248668,306,6,42.7,0.3706046305857265,vcD3/deg6/bw42.7/hpQ3
trail_stubborn,216614,216615,825,5,42.7,0.28091147618982,vcD9/deg5/bw42.7/hpQ2
trail_stubborn,65907,65908,488,5,125.0,0.3927810904963459,vcD5/deg5/bw125.0/hpQ4
trail_stubborn,135759,135760,242,7,61.0,0.2892063661005389,vcD3/deg7/bw61.0/hpQ2
trail_stubborn,160773,160774,685,4,61.0,0.4831039344913304,vcD7/deg4/bw61.0/hpQ5
trail_stubborn,240308,240309,771,5,14.6,0.2331676534838964,vcD8/deg5/bw14.6/hpQ1
trail_stubborn,106393,106394,869,3,14.6,0.2857700497959219,vcD9/deg3/bw14.6/hpQ2
trail_stubborn,75612,75613,755,6,42.7,0.2238256630629619,vcD8/deg6/bw42.7/hpQ1
trail_stubborn,205460,205461,436,8,20.9,0.3070497535774244,vcD5/deg8/bw20.9/hpQ2
trail_stubborn,26148,26149,469,5,7.1,0.3008118292997498,vcD5/deg5/bw7.1/hpQ2
trail_stubborn,58810,58811,555,2,87.4,0.3777435584279705,vcD6/deg2/bw87.4/hpQ3
trail_stubborn,153381,153382,518,7,14.6,0.3128186843462212,vcD6/deg7/bw14.6/hpQ2
trail_stubborn,226708,226709,257,3,61.0,0.2331676534838964,vcD3/deg3/bw61.0/hpQ1
trail_stubborn,105327,105328,423,3,14.6,0.4304538627565802,vcD5/deg3/bw14.6/hpQ4
trail_stubborn,155139,155140,985,8,7.1,0.2501126952506121,vcD10/deg8/bw7.1/hpQ1
trail_stubborn,3961,3962,842,2,125.0,0.3350709844137344,vcD9/deg2/bw125.0/hpQ3
trail_stubborn,77442,77443,285,7,20.9,0.3733963553970497,vcD3/deg7/bw20.9/hpQ3
trail_stubborn,59943,59944,203,3,125.0,0.3297294244236074,vcD2/deg3/bw125.0/hpQ3
trail_stubborn,21512,21513,213,6,29.9,0.2238256630629619,vcD2/deg6/bw29.9/hpQ1
trail_stubborn,85435,85436,945,7,20.9,0.3461077870164497,vcD10/deg7/bw20.9/hpQ3
trail_stubborn,131227,131228,935,6,10.2,0.4304538627565802,vcD10/deg6/bw10.2/hpQ4
trail_stubborn,113701,113702,236,3,61.0,0.2959114945914544,vcD3/deg3/bw61.0/hpQ2
trail_stubborn,92208,92209,162,6,10.2,0.2331676534838964,vcD2/deg6/bw10.2/hpQ1
trail_stubborn,200058,200059,697,7,5.0,0.2977847312437251,vcD7/deg7/bw5.0/hpQ2
trail_stubborn,246335,246336,281,4,14.6,0.3461077870164497,vcD3/deg4/bw14.6/hpQ3
trail_stubborn,29742,29743,931,7,61.0,0.3733963553970497,vcD10/deg7/bw61.0/hpQ3
trail_stubborn,5733,5734,29,8,61.0,0.4113840234518945,vcD1/deg8/bw61.0/hpQ4
trail_stubborn,104081,104082,900,6,5.0,0.3128186843462212,vcD9/deg6/bw5.0/hpQ2
trail_stubborn,167,168,195,2,7.1,0.3706046305857265,vcD2/deg2/bw7.1/hpQ3
trail_stubborn,130888,130889,979,6,87.4,0.2129379249701362,vcD10/deg6/bw87.4/hpQ1
trail_stubborn,58760,58761,555,2,61.0,0.3070497535774244,vcD6/deg2/bw61.0/hpQ2
trail_stubborn,52001,52002,404,8,5.0,0.2959114945914544,vcD4/deg8/bw5.0/hpQ2
trail_stubborn,54761,54762,749,5,61.0,0.3350709844137344,vcD8/deg5/bw61.0/hpQ3
trail_stubborn,176398,176399,231,5,14.6,0.3227365905845993,vcD3/deg5/bw14.6/hpQ3
trail_stubborn,142592,142593,883,5,29.9,0.2779592827386458,vcD9/deg5/bw29.9/hpQ2
trail_stubborn,140765,140766,821,5,61.0,0.4409284566649496,vcD9/deg5/bw61.0/hpQ5
trail_stubborn,137946,137947,158,5,125.0,0.4071129309119736,vcD2/deg5/bw125.0/hpQ4
trail_stubborn,243459,243460,485,6,20.9,0.2892063661005389,vcD5/deg6/bw20.9/hpQ2
trail_stubborn,31208,31209,704,3,10.2,0.2331676534838964,vcD7/deg3/bw10.2/hpQ1
trail_stubborn,238981,238982,629,6,125.0,0.3128186843462212,vcD7/deg6/bw125.0/hpQ2
trail_stubborn,40865,40866,50,3,87.4,0.4409284566649496,vcD1/deg3/bw87.4/hpQ5
trail_stubborn,234514,234515,138,8,29.9,0.28091147618982,vcD2/deg8/bw29.9/hpQ2
trail_stubborn,115178,115179,669,2,7.1,0.3642632456563252,vcD7/deg2/bw7.1/hpQ3
trail_stubborn,89170,89171,396,7,7.1,0.3239323376009491,vcD4/deg7/bw7.1/hpQ3
trail_stubborn,190578,190579,187,2,29.9,0.3642632456563252,vcD2/deg2/bw29.9/hpQ3
trail_stubborn,167611,167612,75,4,42.7,0.3985108847427614,vcD1/deg4/bw42.7/hpQ4
trail_stubborn,45870,45871,892,5,87.4,0.3239323376009491,vcD9/deg5/bw87.4/hpQ3
trail_stubborn,243834,243835,485,6,87.4,0.444752781116749,vcD5/deg6/bw87.4/hpQ5
trail_stubborn,211704,211705,664,5,61.0,0.4995762557070848,vcD7/deg5/bw61.0/hpQ5
trail_stubborn,5252,5253,29,8,10.2,0.366882515038515,vcD1/deg8/bw10.2/hpQ3
trail_stubborn,56771,56772,323,8,61.0,0.3156406422303758,vcD4/deg8/bw61.0/hpQ2
trail_stubborn,85317,85318,945,7,14.6,0.2312345941585266,vcD10/deg7/bw14.6/hpQ1
trail_stubborn,175942,175943,970,6,125.0,0.3733963553970497,vcD10/deg6/bw125.0/hpQ3
trail_stubborn,213756,213757,81,6,61.0,0.2281547978409189,vcD1/deg6/bw61.0/hpQ1
trail_stubborn,242484,242485,387,4,20.9,0.4024582743628092,vcD4/deg4/bw20.9/hpQ4
trail_stubborn,6253,6254,645,7,10.2,0.3585232711576509,vcD7/deg7/bw10.2/hpQ3
trail_stubborn,50232,50233,636,4,10.2,0.2594311744995365,vcD7/deg4/bw10.2/hpQ1
trail_stubborn,220977,220978,785,3,125.0,0.3815618301396259,vcD8/deg3/bw125.0/hpQ4
trail_stubborn,113983,113984,236,3,125.0,0.4277086989642705,vcD3/deg3/bw125.0/hpQ4
trail_stubborn,162635,162636,168,7,42.7,0.3461077870164497,vcD2/deg7/bw42.7/hpQ3
trail_stubborn,206115,206116,790,7,7.1,0.4208942434349683,vcD8/deg7/bw7.1/hpQ4
trail_stubborn,48100,48101,41,7,7.1,0.3857676334163057,vcD1/deg7/bw7.1/hpQ4
trail_stubborn,45134,45135,892,5,7.1,0.444752781116749,vcD9/deg5/bw7.1/hpQ5
trail_stubborn,25721,25722,133,3,61.0,0.24260325729568,vcD2/deg3/bw61.0/hpQ1
trail_stubborn,94429,94430,440,4,20.9,0.2039812783100412,vcD5/deg4/bw20.9/hpQ1
trail_stubborn,47275,47276,277,5,10.2,0.3027820674966874,vcD3/deg5/bw10.2/hpQ2
trail_stubborn,201074,201075,418,6,5.0,0.2525545317138812,vcD5/deg6/bw5.0/hpQ1
trail_stubborn,34233,34234,816,3,10.2,0.4113840234518945,vcD9/deg3/bw10.2/hpQ4
trail_stubborn,1407,1408,57,6,20.9,0.3927810904963459,vcD1/deg6/bw20.9/hpQ4
trail_stubborn,89059,89060,396,7,5.0,0.2892063661005389,vcD4/deg7/bw5.0/hpQ2
trail_stubborn,13865,13866,582,3,87.4,0.4409284566649496,vcD6/deg3/bw87.4/hpQ5
trail_stubborn,215555,215556,332,6,29.9,0.4768512858671266,vcD4/deg6/bw29.9/hpQ5
trail_stubborn,198635,198636,682,2,42.7,0.3461077870164497,vcD7/deg2/bw42.7/hpQ3
trail_stubborn,31625,31626,704,3,42.7,0.2702561230694959,vcD7/deg3/bw42.7/hpQ2
trail_stubborn,157439,157440,920,3,20.9,0.2501126952506121,vcD10/deg3/bw20.9/hpQ1
trail_stubborn,43334,43335,392,6,14.6,0.444752781116749,vcD4/deg6/bw14.6/hpQ5
trail_stubborn,58085,58086,555,2,5.0,0.4461023732799478,vcD6/deg2/bw5.0/hpQ5
trail_stubborn,23545,23546,800,5,29.9,0.4184444837622084,vcD8/deg5/bw29.9/hpQ4
trail_stubborn,44547,44548,225,6,29.9,0.2114807290736435,vcD3/deg6/bw29.9/hpQ1
trail_stubborn,7680,7681,564,3,42.7,0.2269416996374781,vcD6/deg3/bw42.7/hpQ1
trail_stubborn,147004,147005,846,5,5.0,0.4995762557070848,vcD9/deg5/bw5.0/hpQ5
trail_stubborn,204227,204228,632,3,10.2,0.4304538627565802,vcD7/deg3/bw10.2/hpQ4
trail_stubborn,195418,195419,580,6,20.9,0.4954733651280948,vcD6/deg6/bw20.9/hpQ5
trail_stubborn,7444,7445,564,3,20.9,0.2747520561924723,vcD6/deg3/bw20.9/hpQ2
trail_stubborn,90620,90621,144,5,42.7,0.2397567210258474,vcD2/deg5/bw42.7/hpQ1
trail_stubborn,136280,136281,344,2,10.2,0.2269416996374781,vcD4/deg2/bw10.2/hpQ1
trail_stubborn,56999,57000,323,8,125.0,0.4158727914731683,vcD4/deg8/bw125.0/hpQ4
trail_stubborn,23948,23949,800,5,125.0,0.3008118292997498,vcD8/deg5/bw125.0/hpQ2
trail_stubborn,122748,122749,956,3,61.0,0.3008118292997498,vcD10/deg3/bw61.0/hpQ2
trail_stubborn,170892,170893,780,3,87.4,0.2779592827386458,vcD8/deg3/bw87.4/hpQ2
trail_stubborn,145241,145242,315,7,10.2,0.2544637386172081,vcD4/deg7/bw10.2/hpQ1
trail_stubborn,195653,195654,580,6,42.7,0.3585232711576509,vcD6/deg6/bw42.7/hpQ3
trail_stubborn,108043,108044,776,4,5.0,0.3297294244236074,vcD8/deg4/bw5.0/hpQ3
trail_stubborn,88492,88493,301,8,20.9,0.2779592827386458,vcD3/deg8/bw20.9/hpQ2
trail_stubborn,76155,76156,381,6,7.1,0.4768512858671266,vcD4/deg6/bw7.1/hpQ5
trail_stubborn,50504,50505,636,4,29.9,0.4995762557070848,vcD7/deg4/bw29.9/hpQ5
trail_stubborn,67983,67984,655,4,125.0,0.4277086989642705,vcD7/deg4/bw125.0/hpQ4
trail_stubborn,71330,71331,353,7,14.6,0.2689147210983604,vcD4/deg7/bw14.6/hpQ2
trail_stubborn,43879,43880,392,6,87.4,0.2816906079992455,vcD4/deg6/bw87.4/hpQ2
trail_stubborn,29188,29189,931,7,7.1,0.2129379249701362,vcD10/deg7/bw7.1/hpQ1
trail_stubborn,18755,18756,871,3,61.0,0.4768512858671266,vcD9/deg3/bw61.0/hpQ5
trail_stubborn,221723,221724,310,5,61.0,0.4574864654719545,vcD3/deg5/bw61.0/hpQ5
trail_stubborn,112213,112214,297,4,10.2,0.4312459512484686,vcD3/deg4/bw10.2/hpQ4
trail_stubborn,57786,57787,183,4,61.0,0.3108669576156866,vcD2/deg4/bw61.0/hpQ2
trail_stubborn,108339,108340,776,4,14.6,0.2501126952506121,vcD8/deg4/bw14.6/hpQ1
trail_stubborn,19303,19304,136,4,14.6,0.2627648343443758,vcD2/deg4/bw14.6/hpQ2
trail_stubborn,44878,44879,225,6,87.4,0.3642632456563252,vcD3/deg6/bw87.4/hpQ3
trail_stubborn,18615,18616,871,3,42.7,0.4208942434349683,vcD9/deg3/bw42.7/hpQ4
trail_stubborn,150379,150380,372,4,14.6,0.2816906079992455,vcD4/deg4/bw14.6/hpQ2
trail_stubborn,235808,235809,812,2,87.4,0.2331676534838964,vcD9/deg2/bw87.4/hpQ1
trail_stubborn,74543,74544,351,4,29.9,0.3297294244236074,vcD4/deg4/bw29.9/hpQ3
trail_stubborn,221252,221253,310,5,10.2,0.366882515038515,vcD3/deg5/bw10.2/hpQ3
trail_stubborn,158162,158163,875,3,7.1,0.4714045721788255,vcD9/deg3/bw7.1/hpQ5
trail_stubborn,90144,90145,144,5,7.1,0.2747520561924723,vcD2/deg5/bw7.1/hpQ2
trail_stubborn,18218,18219,871,3,10.2,0.4954733651280948,vcD9/deg3/bw10.2/hpQ5
trail_stubborn,144255,144256,723,2,10.2,0.4768512858671266,vcD8/deg2/bw10.2/hpQ5
trail_stubborn,199482,199483,358,3,20.9,0.2028601193675408,vcD4/deg3/bw20.9/hpQ1
trail_stubborn,26866,26867,469,5,87.4,0.3604525200861999,vcD5/deg5/bw87.4/hpQ3
trail_stubborn,206953,206954,790,7,125.0,0.3585232711576509,vcD8/deg7/bw125.0/hpQ3
trail_stubborn,13110,13111,582,3,7.1,0.3777435584279705,vcD6/deg3/bw7.1/hpQ3
trail_stubborn,242689,242690,387,4,42.7,0.3196298037016608,vcD4/deg4/bw42.7/hpQ2
trail_stubborn,61593,61594,539,4,29.9,0.2857700497959219,vcD6/deg4/bw29.9/hpQ2
trail_stubborn,145394,145395,315,7,14.6,0.3751229337419657,vcD4/deg7/bw14.6/hpQ3
trail_stubborn,237040,237041,523,3,5.0,0.3883150820571905,vcD6/deg3/bw5.0/hpQ4
trail_stubborn,92709,92710,162,6,61.0,0.4737946714611262,vcD2/deg6/bw61.0/hpQ5
trail_stubborn,177649,177650,147,5,42.7,0.3349244931377773,vcD2/deg5/bw42.7/hpQ3
trail_stubborn,73828,73829,898,7,87.4,0.2901917465581629,vcD9/deg7/bw87.4/hpQ2
trail_stubborn,141878,141879,110,4,87.4,0.3642632456563252,vcD1/deg4/bw87.4/hpQ3
trail_stubborn,84438,84439,948,6,20.9,0.4790241755215713,vcD10/deg6/bw20.9/hpQ5
trail_stubborn,69783,69784,463,4,61.0,0.4277086989642705,vcD5/deg4/bw61.0/hpQ4
trail_stubborn,141467,141468,110,4,20.9,0.3706046305857265,vcD1/deg4/bw20.9/hpQ3
trail_stubborn,219730,219731,496,3,61.0,0.2689147210983604,vcD5/deg3/bw61.0/hpQ2
trail_stubborn,245141,245142,288,8,7.1,0.2544637386172081,vcD3/deg8/bw7.1/hpQ1
trail_stubborn,32961,32962,726,7,125.0,0.3350709844137344,vcD8/deg7/bw125.0/hpQ3
trail_stubborn,97912,97913,530,8,125.0,0.2238256630629619,vcD6/deg8/bw125.0/hpQ1
trail_stubborn,46130,46131,677,6,7.1,0.2689147210983604,vcD7/deg6/bw7.1/hpQ2
trail_stubborn,45223,45224,892,5,10.2,0.4574864654719545,vcD9/deg5/bw10.2/hpQ5
trail_stubborn,120029,120030,86,2,5.0,0.2039812783100412,vcD1/deg2/bw5.0/hpQ1
trail_stubborn,79943,79944,528,8,125.0,0.3297294244236074,vcD6/deg8/bw125.0/hpQ3
trail_stubborn,172023,172024,54,7,5.0,0.4574864654719545,vcD1/deg7/bw5.0/hpQ5
trail_stubborn,107568,107569,914,7,29.9,0.2070972729458678,vcD10/deg7/bw29.9/hpQ1
trail_stubborn,143181,143182,658,3,7.1,0.3128186843462212,vcD7/deg3/bw7.1/hpQ2
trail_stubborn,185517,185518,411,7,29.9,0.2312345941585266,vcD4/deg7/bw29.9/hpQ1
trail_stubborn,6796,6797,645,7,61.0,0.4855618445578609,vcD7/deg7/bw61.0/hpQ5
trail_stubborn,206355,206356,790,7,14.6,0.4768512858671266,vcD8/deg7/bw14.6/hpQ5
trail_stubborn,34599,34600,816,3,29.9,0.4158727914731683,vcD9/deg3/bw29.9/hpQ4
trail_stubborn,142839,142840,883,5,87.4,0.2501126952506121,vcD9/deg5/bw87.4/hpQ1
trail_stubborn,151006,151007,346,7,5.0,0.4657787213448116,vcD4/deg7/bw5.0/hpQ5
trail_stubborn,44655,44656,225,6,42.7,0.4768512858671266,vcD3/deg6/bw42.7/hpQ5
trail_stubborn,77640,77641,285,7,42.7,0.3883150820571905,vcD3/deg7/bw42.7/hpQ4
trail_stubborn,169409,169410,310,3,20.9,0.4737946714611262,vcD3/deg3/bw20.9/hpQ5
trail_stubborn,132042,132043,206,4,5.0,0.3733963553970497,vcD2/deg4/bw5.0/hpQ3
trail_stubborn,218832,218833,37,7,87.4,0.2594311744995365,vcD1/deg7/bw87.4/hpQ1
trail_stubborn,231968,231969,101,4,125.0,0.2070972729458678,vcD1/deg4/bw125.0/hpQ1
trail_stubborn,24793,24794,957,2,61.0,0.2857700497959219,vcD10/deg2/bw61.0/hpQ2
trail_stubborn,241106,241107,605,5,7.1,0.4657787213448116,vcD6/deg5/bw7.1/hpQ5
trail_stubborn,75118,75119,755,6,7.1,0.4954733651280948,vcD8/deg6/bw7.1/hpQ5
trail_stubborn,185334,185335,411,7,14.6,0.444752781116749,vcD4/deg7/bw14.6/hpQ5
trail_stubborn,19810,19811,136,4,87.4,0.3777435584279705,vcD2/deg4/bw87.4/hpQ3
trail_stubborn,172930,172931,54,7,125.0,0.2689147210983604,vcD1/deg7/bw125.0/hpQ2
trail_stubborn,71173,71174,353,7,7.1,0.4831039344913304,vcD4/deg7/bw7.1/hpQ5
trail_stubborn,109460,109461,170,3,20.9,0.3070497535774244,vcD2/deg3/bw20.9/hpQ2
trail_stubborn,59341,59342,203,3,14.6,0.2544637386172081,vcD2/deg3/bw14.6/hpQ1
trail_stubborn,159648,159649,624,3,42.7,0.3008118292997498,vcD7/deg3/bw42.7/hpQ2
trail_stubborn,161579,161580,915,3,29.9,0.2816906079992455,vcD10/deg3/bw29.9/hpQ2
trail_stubborn,26769,26770,469,5,61.0,0.4344347691369841,vcD5/deg5/bw61.0/hpQ4
trail_stubborn,123672,123673,759,4,42.7,0.2631399047202775,vcD8/deg4/bw42.7/hpQ2
trail_stubborn,42150,42151,811,5,7.1,0.2182850515748211,vcD9/deg5/bw7.1/hpQ1
trail_stubborn,60884,60885,879,5,87.4,0.4024582743628092,vcD9/deg5/bw87.4/hpQ4
trail_stubborn,151452,151453,346,7,20.9,0.366882515038515,vcD4/deg7/bw20.9/hpQ3
trail_stubborn,58484,58485,555,2,20.9,0.4024582743628092,vcD6/deg2/bw20.9/hpQ4
trail_stubborn,171323,171324,254,3,14.6,0.4574864654719545,vcD3/deg3/bw14.6/hpQ5
trail_stubborn,39790,39791,219,5,61.0,0.3969614753991711,vcD3/deg5/bw61.0/hpQ4
trail_stubborn,94964,94965,440,4,125.0,0.3439678088500045,vcD5/deg4/bw125.0/hpQ3
trail_stubborn,226953,226954,257,3,125.0,0.3585232711576509,vcD3/deg3/bw125.0/hpQ3
trail_stubborn,167876,167877,75,4,87.4,0.2375482709814891,vcD1/deg4/bw87.4/hpQ1
trail_stubborn,168607,168608,548,5,42.7,0.3927810904963459,vcD6/deg5/bw42.7/hpQ4
trail_stubborn,3061,3062,842,2,5.0,0.3350709844137344,vcD9/deg2/bw5.0/hpQ3
trail_stubborn,61784,61785,539,4,61.0,0.4024582743628092,vcD6/deg4/bw61.0/hpQ4
trail_stubborn,43986,43987,392,6,125.0,0.3108669576156866,vcD4/deg6/bw125.0/hpQ2
trail_stubborn,144675,144676,723,2,42.7,0.3027820674966874,vcD8/deg2/bw42.7/hpQ2
trail_stubborn,62259,62260,742,4,10.2,0.2892063661005389,vcD8/deg4/bw10.2/hpQ2
trail_stubborn,171893,171894,254,3,87.4,0.2857700497959219,vcD3/deg3/bw87.4/hpQ2
trail_stubborn,88604,88605,301,8,42.7,0.4995762557070848,vcD3/deg8/bw42.7/hpQ5
trail_stubborn,86122,86123,120,3,7.1,0.3494898166749496,vcD2/deg3/bw7.1/hpQ3
trail_stubborn,134973,134974,923,7,125.0,0.4831039344913304,vcD10/deg7/bw125.0/hpQ5
trail_stubborn,62727,62728,742,4,61.0,0.4304538627565802,vcD8/deg4/bw61.0/hpQ4
trail_stubborn,120603,120604,86,2,42.7,0.2627648343443758,vcD1/deg2/bw42.7/hpQ2
trail_stubborn,23107,23108,800,5,7.1,0.3927810904963459,vcD8/deg5/bw7.1/hpQ4
trail_stubborn,31892,31893,704,3,87.4,0.2779592827386458,vcD7/deg3/bw87.4/hpQ2
trail_stubborn,230529,230530,708,6,29.9,0.2039812783100412,vcD8/deg6/bw29.9/hpQ1
trail_stubborn,199276,199277,358,3,10.2,0.2375482709814891,vcD4/deg3/bw10.2/hpQ1
trail_stubborn,187687,187688,174,3,42.7,0.4229568538429628,vcD2/deg3/bw42.7/hpQ4
trail_stubborn,112105,112106,297,4,7.1,0.4911132375299709,vcD3/deg4/bw7.1/hpQ5
trail_stubborn,122255,122256,956,3,10.2,0.4768512858671266,vcD10/deg3/bw10.2/hpQ5
trail_stubborn,166141,166142,126,6,7.1,0.2544637386172081,vcD2/deg6/bw7.1/hpQ1
trail_stubborn,240088,240089,771,5,5.0,0.2129379249701362,vcD8/deg5/bw5.0/hpQ1
trail_stubborn,236750,236751,861,5,61.0,0.2182850515748211,vcD9/deg5/bw61.0/hpQ1
trail_stubborn,142987,142988,883,5,125.0,0.4229568538429628,vcD9/deg5/bw125.0/hpQ4
trail_stubborn,204030,204031,632,3,5.0,0.2689147210983604,vcD7/deg3/bw5.0/hpQ2
trail_stubborn,141002,141003,110,4,5.0,0.405342196225377,vcD1/deg4/bw5.0/hpQ4
trail_stubborn,149753,149754,408,6,61.0,0.3585232711576509,vcD4/deg6/bw61.0/hpQ3
trail_stubborn,8193,8194,365,3,7.1,0.2857700497959219,vcD4/deg3/bw7.1/hpQ2
trail_stubborn,221112,221113,310,5,7.1,0.2238256630629619,vcD3/deg5/bw7.1/hpQ1
trail_stubborn,193590,193591,178,4,29.9,0.3969614753991711,vcD2/deg4/bw29.9/hpQ4
trail_stubborn,136900,136901,344,2,125.0,0.3857676334163057,vcD4/deg2/bw125.0/hpQ4
trail_stubborn,56553,56554,323,8,29.9,0.3585232711576509,vcD4/deg8/bw29.9/hpQ3
trail_stubborn,244619,244620,414,4,42.7,0.2461140406262255,vcD5/deg4/bw42.7/hpQ1
trail_stubborn,197349,197350,482,5,14.6,0.3349244931377773,vcD5/deg5/bw14.6/hpQ3
trail_stubborn,144973,144974,723,2,125.0,0.4831039344913304,vcD8/deg2/bw125.0/hpQ5
trail_stubborn,122350,122351,956,3,14.6,0.2182850515748211,vcD10/deg3/bw14.6/hpQ1
trail_stubborn,92942,92943,162,6,125.0,0.3733963553970497,vcD2/deg6/bw125.0/hpQ3
trail_stubborn,104738,104739,900,6,61.0,0.4790241755215713,vcD9/deg6/bw61.0/hpQ5
trail_stubborn,54441,54442,749,5,20.9,0.2544637386172081,vcD8/deg5/bw20.9/hpQ1
trail_stubborn,94320,94321,440,4,14.6,0.2397567210258474,vcD5/deg4/bw14.6/hpQ1
trail_stubborn,40533,40534,50,3,29.9,0.4113840234518945,vcD1/deg3/bw29.9/hpQ4
trail_stubborn,239507,239508,96,4,29.9,0.3927810904963459,vcD1/deg4/bw29.9/hpQ4
trail_stubborn,247648,247649,445,4,42.7,0.3008118292997498,vcD5/deg4/bw42.7/hpQ2
trail_stubborn,198758,198759,682,2,61.0,0.2977847312437251,vcD7/deg2/bw61.0/hpQ2
trail_stubborn,224595,224596,62,2,29.9,0.4626922801013836,vcD1/deg2/bw29.9/hpQ5
trail_stubborn,60536,60537,879,5,29.9,0.469568977189866,vcD9/deg5/bw29.9/hpQ5
trail_stubborn,173228,173229,69,3,10.2,0.2901917465581629,vcD1/deg3/bw10.2/hpQ2
trail_stubborn,125860,125861,716,4,87.4,0.3070497535774244,vcD8/deg4/bw87.4/hpQ2
trail_stubborn,218177,218178,37,7,7.1,0.3815618301396259,vcD1/deg7/bw7.1/hpQ4
trail_stubborn,136319,136320,344,2,14.6,0.2461140406262255,vcD4/deg2/bw14.6/hpQ1
trail_stubborn,137583,137584,158,5,29.9,0.4277086989642705,vcD2/deg5/bw29.9/hpQ4
trail_stubborn,144568,144569,723,2,29.9,0.2070972729458678,vcD8/deg2/bw29.9/hpQ1
trail_stubborn,114267,114268,693,6,10.2,0.3706046305857265,vcD7/deg6/bw10.2/hpQ3
trail_stubborn,48723,48724,41,7,61.0,0.4574864654719545,vcD1/deg7/bw61.0/hpQ5
trail_stubborn,225964,225965,965,5,125.0,0.3439678088500045,vcD10/deg5/bw125.0/hpQ3
trail_stubborn,48447,48448,41,7,20.9,0.2114807290736435,vcD1/deg7/bw20.9/hpQ1
trail_stubborn,93273,93274,153,8,10.2,0.4831039344913304,vcD2/deg8/bw10.2/hpQ5
trail_stubborn,88517,88518,301,8,29.9,0.2312345941585266,vcD3/deg8/bw29.9/hpQ1
trail_stubborn,33798,33799,223,6,61.0,0.3227365905845993,vcD3/deg6/bw61.0/hpQ3
trail_stubborn,146213,146214,829,7,10.2,0.4312459512484686,vcD9/deg7/bw10.2/hpQ4
trail_stubborn,14405,14406,618,4,20.9,0.4911132375299709,vcD7/deg4/bw20.9/hpQ5
trail_stubborn,145805,145806,315,7,87.4,0.4911132375299709,vcD4/deg7/bw87.4/hpQ5
trail_stubborn,162065,162066,168,7,5.0,0.4409284566649496,vcD2/deg7/bw5.0/hpQ5
trail_stubborn,2179,2180,953,6,7.1,0.2816906079992455,vcD10/deg6/bw7.1/hpQ2
trail_stubborn,67051,67052,655,4,5.0,0.3898718220747056,vcD7/deg4/bw5.0/hpQ4
trail_stubborn,129348,129349,73,8,14.6,0.3008118292997498,vcD1/deg8/bw14.6/hpQ2
trail_stubborn,75876,75877,755,6,87.4,0.2375482709814891,vcD8/deg6/bw87.4/hpQ1
trail_stubborn,127235,127236,434,6,10.2,0.3461077870164497,vcD5/deg6/bw10.2/hpQ3
trail_stubborn,139877,139878,503,5,87.4,0.3815618301396259,vcD5/deg5/bw87.4/hpQ4
trail_stubborn,162734,162735,168,7,61.0,0.444752781116749,vcD2/deg7/bw61.0/hpQ5
trail_stubborn,41911,41912,903,4,125.0,0.3985108847427614,vcD10/deg4/bw125.0/hpQ4
trail_stubborn,185433,185434,411,7,20.9,0.4113840234518945,vcD4/deg7/bw20.9/hpQ4
trail_stubborn,110510,110511,199,6,29.9,0.3777435584279705,vcD2/deg6/bw29.9/hpQ3
trail_stubborn,128824,128825,32,6,87.4,0.454095890072901,vcD1/deg6/bw87.4/hpQ5
trail_stubborn,142202,142203,883,5,10.2,0.405342196225377,vcD9/deg5/bw10.2/hpQ4
trail_stubborn,77044,77045,285,7,5.0,0.2747520561924723,vcD3/deg7/bw5.0/hpQ2
trail_stubborn,184045,184046,571,6,5.0,0.4184444837622084,vcD6/deg6/bw5.0/hpQ4
trail_stubborn,28823,28824,939,2,87.4,0.4574864654719545,vcD10/deg2/bw87.4/hpQ5
trail_stubborn,129597,129598,73,8,29.9,0.21729239263723,vcD1/deg8/bw29.9/hpQ1
trail_stubborn,55204,55205,475,7,10.2,0.4995762557070848,vcD5/deg7/bw10.2/hpQ5
trail_stubborn,23878,23879,800,5,87.4,0.3642632456563252,vcD8/deg5/bw87.4/hpQ3
trail_stubborn,190242,190243,187,2,10.2,0.3733963553970497,vcD2/deg2/bw10.2/hpQ3
trail_stubborn,25020,25021,133,3,5.0,0.2397567210258474,vcD2/deg3/bw5.0/hpQ1
trail_stubborn,28638,28639,939,2,42.7,0.4790241755215713,vcD10/deg2/bw42.7/hpQ5
trail_stubborn,107402,107403,914,7,20.9,0.405342196225377,vcD10/deg7/bw20.9/hpQ4
trail_stubborn,211648,211649,664,5,42.7,0.3008118292997498,vcD7/deg5/bw42.7/hpQ2
trail_stubborn,167254,167255,75,4,10.2,0.3277016708096898,vcD1/deg4/bw10.2/hpQ3
trail_stubborn,82066,82067,994,4,5.0,0.3604525200861999,vcD10/deg4/bw5.0/hpQ3
trail_stubborn,234413,234414,138,8,20.9,0.4312459512484686,vcD2/deg8/bw20.9/hpQ4
trail_stubborn,201998,201999,418,6,125.0,0.3227365905845993,vcD5/deg6/bw125.0/hpQ3
trail_stubborn,213398,213399,81,6,14.6,0.3227365905845993,vcD1/deg6/bw14.6/hpQ3
trail_stubborn,167985,167986,75,4,125.0,0.4461023732799478,vcD1/deg4/bw125.0/hpQ5
trail_stubborn,204831,204832,632,3,87.4,0.4495856593533723,vcD7/deg3/bw87.4/hpQ5
trail_stubborn,94807,94808,440,4,87.4,0.3927810904963459,vcD5/deg4/bw87.4/hpQ4
trail_stubborn,68774,68775,399,7,61.0,0.2525545317138812,vcD4/deg7/bw61.0/hpQ1
trail_stubborn,130525,130526,979,6,29.9,0.2702561230694959,vcD10/deg6/bw29.9/hpQ2
trail_stubborn,13910,13911,582,3,125.0,0.3777435584279705,vcD6/deg3/bw125.0/hpQ3
trail_stubborn,127056,127057,434,6,5.0,0.2281547978409189,vcD5/deg6/bw5.0/hpQ1
trail_stubborn,8004,8005,365,3,5.0,0.4995762557070848,vcD4/deg3/bw5.0/hpQ5
trail_stubborn,12611,12612,621,7,42.7,0.3985108847427614,vcD7/deg7/bw42.7/hpQ4
trail_stubborn,25523,25524,133,3,29.9,0.4574864654719545,vcD2/deg3/bw29.9/hpQ5
trail_stubborn,38011,38012,63,2,5.0,0.3985108847427614,vcD1/deg2/bw5.0/hpQ4
trail_stubborn,231023,231024,101,4,5.0,0.4574864654719545,vcD1/deg4/bw5.0/hpQ5
trail_stubborn,15448,15449,855,7,20.9,0.3008118292997498,vcD9/deg7/bw20.9/hpQ2
trail_stubborn,86409,86410,120,3,20.9,0.4737946714611262,vcD2/deg3/bw20.9/hpQ5
trail_stubborn,147428,147429,846,5,20.9,0.2901917465581629,vcD9/deg5/bw20.9/hpQ2
trail_stubborn,225492,225493,965,5,20.9,0.2779592827386458,vcD10/deg5/bw20.9/hpQ2
trail_stubborn,105688,105689,423,3,42.7,0.2129379249701362,vcD5/deg3/bw42.7/hpQ1
trail_stubborn,232908,232909,116,3,125.0,0.2331676534838964,vcD1/deg3/bw125.0/hpQ1
trail_stubborn,12950,12951,621,7,125.0,0.2182850515748211,vcD7/deg7/bw125.0/hpQ1
trail_stubborn,160265,160266,685,4,10.2,0.4409284566649496,vcD7/deg4/bw10.2/hpQ5
trail_stubborn,21683,21684,213,6,42.7,0.4277086989642705,vcD2/deg6/bw42.7/hpQ4
trail_stubborn,95883,95884,155,7,87.4,0.4277086989642705,vcD2/deg7/bw87.4/hpQ4
trail_stubborn,212513,212514,700,6,29.9,0.4312459512484686,vcD7/deg6/bw29.9/hpQ4
trail_stubborn,229994,229995,24,3,125.0,0.3751229337419657,vcD1/deg3/bw125.0/hpQ3
trail_stubborn,54532,54533,749,5,29.9,0.2594311744995365,vcD8/deg5/bw29.9/hpQ1
trail_stubborn,231514,231515,101,4,29.9,0.28091147618982,vcD1/deg4/bw29.9/hpQ2
trail_stubborn,129465,129466,73,8,20.9,0.4409284566649496,vcD1/deg8/bw20.9/hpQ5
trail_stubborn,49762,49763,26,4,61.0,0.4714045721788255,vcD1/deg4/bw61.0/hpQ5
trail_stubborn,172618,172619,54,7,42.7,0.4954733651280948,vcD1/deg7/bw42.7/hpQ5
trail_stubborn,158795,158796,875,3,61.0,0.4626922801013836,vcD9/deg3/bw61.0/hpQ5
trail_stubborn,238725,238726,629,6,61.0,0.2702561230694959,vcD7/deg6/bw61.0/hpQ2
trail_stubborn,88057,88058,301,8,5.0,0.3409275648695138,vcD3/deg8/bw5.0/hpQ3
trail_stubborn,4308,4309,599,8,14.6,0.2331676534838964,vcD6/deg8/bw14.6/hpQ1
trail_stubborn,154424,154425,611,3,20.9,0.454095890072901,vcD7/deg3/bw20.9/hpQ5
trail_stubborn,132874,132875,206,4,87.4,0.2525545317138812,vcD2/deg4/bw87.4/hpQ1
trail_stubborn,87289,87290,574,8,10.2,0.3196298037016608,vcD6/deg8/bw10.2/hpQ2
trail_stubborn,163165,163166,851,5,7.1,0.4409284566649496,vcD9/deg5/bw7.1/hpQ5
trail_stubborn,180733,180734,535,5,61.0,0.4113840234518945,vcD6/deg5/bw61.0/hpQ4
trail_stubborn,125514,125515,716,4,29.9,0.28091147618982,vcD8/deg4/bw29.9/hpQ2
trail_stubborn,248507,248508,306,6,29.9,0.3927810904963459,vcD3/deg6/bw29.9/hpQ4
trail_stubborn,238097,238098,629,6,5.0,0.21729239263723,vcD7/deg6/bw5.0/hpQ1
trail_stubborn,177036,177037,147,5,5.0,0.469568977189866,vcD2/deg5/bw5.0/hpQ5
trail_stubborn,230989,230990,708,6,125.0,0.3196298037016608,vcD8/deg6/bw125.0/hpQ2
trail_stubborn,11531,11532,642,5,29.9,0.4495856593533723,vcD7/deg5/bw29.9/hpQ5
trail_stubborn,14652,14653,618,4,42.7,0.366882515038515,vcD7/deg4/bw42.7/hpQ3
trail_stubborn,64410,64411,587,3,20.9,0.3777435584279705,vcD6/deg3/bw20.9/hpQ3
trail_stubborn,114146,114147,693,6,7.1,0.4071129309119736,vcD7/deg6/bw7.1/hpQ4
trail_stubborn,224725,224726,62,2,61.0,0.2702561230694959,vcD1/deg2/bw61.0/hpQ2
trail_stubborn,202292,202293,833,2,10.2,0.2779592827386458,vcD9/deg2/bw10.2/hpQ2
trail_stubborn,6384,6385,645,7,14.6,0.4024582743628092,vcD7/deg7/bw14.6/hpQ4
trail_stubborn,115576,115577,669,2,29.9,0.2375482709814891,vcD7/deg2/bw29.9/hpQ1
trail_stubborn,124668,124669,544,6,42.7,0.2070972729458678,vcD6/deg6/bw42.7/hpQ1
trail_stubborn,150977,150978,372,4,125.0,0.3815618301396259,vcD4/deg4/bw125.0/hpQ4
trail_stubborn,77287,77288,285,7,10.2,0.4229568538429628,vcD3/deg7/bw10.2/hpQ4
trail_stubborn,420,421,195,2,20.9,0.2397567210258474,vcD2/deg2/bw20.9/hpQ1
trail_stubborn,128566,128567,32,6,29.9,0.3604525200861999,vcD1/deg6/bw29.9/hpQ3
trail_stubborn,201834,201835,418,6,87.4,0.444752781116749,vcD5/deg6/bw87.4/hpQ5
trail_stubborn,248384,248385,306,6,14.6,0.4024582743628092,vcD3/deg6/bw14.6/hpQ4
trail_stubborn,208473,208474,512,4,20.9,0.4831039344913304,vcD6/deg4/bw20.9/hpQ5
trail_stubborn,134012,134013,923,7,5.0,0.2238256630629619,vcD10/deg7/bw5.0/hpQ1
trail_stubborn,98495,98496,990,3,20.9,0.4626922801013836,vcD10/deg3/bw20.9/hpQ5
trail_stubborn,59892,59893,203,3,87.4,0.2779592827386458,vcD2/deg3/bw87.4/hpQ2
trail_stubborn,86624,86625,120,3,42.7,0.454095890072901,vcD2/deg3/bw42.7/hpQ5
trail_stubborn,159465,159466,624,3,20.9,0.4409284566649496,vcD7/deg3/bw20.9/hpQ5
trail_stubborn,4625,4626,599,8,42.7,0.2702561230694959,vcD6/deg8/bw42.7/hpQ2
trail_stubborn,66462,66463,424,7,20.9,0.4714045721788255,vcD5/deg7/bw20.9/hpQ5
trail_stubborn,248064,248065,306,6,5.0,0.3439678088500045,vcD3/deg6/bw5.0/hpQ3
trail_stubborn,25983,25984,133,3,125.0,0.4277086989642705,vcD2/deg3/bw125.0/hpQ4
trail_stubborn,24531,24532,957,2,29.9,0.4495856593533723,vcD10/deg2/bw29.9/hpQ5
trail_stubborn,194672,194673,491,6,42.7,0.2631399047202775,vcD5/deg6/bw42.7/hpQ2
trail_stubborn,243928,243929,485,6,125.0,0.2901917465581629,vcD5/deg6/bw125.0/hpQ2
trail_stubborn,236455,236456,861,5,20.9,0.4768512858671266,vcD9/deg5/bw20.9/hpQ5
trail_stubborn,41263,41264,903,4,10.2,0.4895135847322587,vcD10/deg4/bw10.2/hpQ5
trail_stubborn,242077,242078,387,4,5.0,0.3815618301396259,vcD4/deg4/bw5.0/hpQ4
trail_stubborn,37062,37063,552,7,5.0,0.4714045721788255,vcD6/deg7/bw5.0/hpQ5
trail_stubborn,92431,92432,162,6,20.9,0.4495856593533723,vcD2/deg6/bw20.9/hpQ5
trail_stubborn,113636,113637,236,3,42.7,0.469568977189866,vcD3/deg3/bw42.7/hpQ5
trail_stubborn,106400,106401,869,3,20.9,0.3857676334163057,vcD9/deg3/bw20.9/hpQ4
trail_stubborn,8396,8397,365,3,14.6,0.4855618445578609,vcD4/deg3/bw14.6/hpQ5
trail_stubborn,107968,107969,914,7,125.0,0.2070972729458678,vcD10/deg7/bw125.0/hpQ1
trail_stubborn,225124,225125,965,5,7.1,0.454095890072901,vcD10/deg5/bw7.1/hpQ5
trail_stubborn,119695,119696,766,7,42.7,0.4626922801013836,vcD8/deg7/bw42.7/hpQ5
trail_stubborn,47612,47613,277,5,42.7,0.2238256630629619,vcD3/deg5/bw42.7/hpQ1
trail_stubborn,161689,161690,915,3,42.7,0.3196298037016608,vcD10/deg3/bw42.7/hpQ2
trail_stubborn,142692,142693,883,5,42.7,0.2779592827386458,vcD9/deg5/bw42.7/hpQ2
trail_stubborn,136808,136809,344,2,87.4,0.2331676534838964,vcD4/deg2/bw87.4/hpQ1
trail_stubborn,2740,2741,953,6,61.0,0.3883150820571905,vcD10/deg6/bw61.0/hpQ4
trail_stubborn,172224,172225,54,7,10.2,0.454095890072901,vcD1/deg7/bw10.2/hpQ5
trail_stubborn,202683,202684,833,2,42.7,0.4277086989642705,vcD9/deg2/bw42.7/hpQ4
trail_stubborn,223173,223174,294,3,7.1,0.4831039344913304,vcD3/deg3/bw7.1/hpQ5
trail_stubborn,81017,81018,687,2,5.0,0.2312345941585266,vcD7/deg2/bw5.0/hpQ1
trail_stubborn,206768,206769,790,7,61.0,0.2070972729458678,vcD8/deg7/bw61.0/hpQ1
trail_stubborn,19448,19449,136,4,20.9,0.3008118292997498,vcD2/deg4/bw20.9/hpQ2
trail_stubborn,229133,229134,24,3,7.1,0.4113840234518945,vcD1/deg3/bw7.1/hpQ4
trail_stubborn,198441,198442,682,2,20.9,0.2544637386172081,vcD7/deg2/bw20.9/hpQ1
trail_stubborn,163261,163262,851,5,10.2,0.3350709844137344,vcD9/deg5/bw10.2/hpQ3
trail_stubborn,203951,203952,601,6,125.0,0.3898718220747056,vcD6/deg6/bw125.0/hpQ4
trail_stubborn,125616,125617,716,4,42.7,0.4372556438030128,vcD8/deg4/bw42.7/hpQ4
trail_stubborn,74826,74827,351,4,87.4,0.4590052735626949,vcD4/deg4/bw87.4/hpQ5
trail_stubborn,7260,7261,564,3,10.2,0.3070497535774244,vcD6/deg3/bw10.2/hpQ2
trail_stubborn,70657,70658,975,5,42.7,0.3409275648695138,vcD10/deg5/bw42.7/hpQ3
trail_stubborn,107629,107630,914,7,42.7,0.2039812783100412,vcD10/deg7/bw42.7/hpQ1
trail_stubborn,39043,39044,219,5,5.0,0.3297294244236074,vcD3/deg5/bw5.0/hpQ3
trail_stubborn,159542,159543,624,3,29.9,0.3733963553970497,vcD7/deg3/bw29.9/hpQ3
trail_stubborn,28144,28145,939,2,7.1,0.2747520561924723,vcD10/deg2/bw7.1/hpQ2
trail_stubborn,97192,97193,530,8,7.1,0.2779592827386458,vcD6/deg8/bw7.1/hpQ2
trail_stubborn,29808,29809,931,7,87.4,0.2331676534838964,vcD10/deg7/bw87.4/hpQ1
trail_stubborn,4582,4583,599,8,29.9,0.2028601193675408,vcD6/deg8/bw29.9/hpQ1
trail_stubborn,65610,65611,488,5,42.7,0.3777435584279705,vcD5/deg5/bw42.7/hpQ3
trail_stubborn,83815,83816,782,2,87.4,0.4208942434349683,vcD8/deg2/bw87.4/hpQ4
trail_stubborn,173471,173472,69,3,20.9,0.3156406422303758,vcD1/deg3/bw20.9/hpQ2
trail_stubborn,130657,130658,979,6,42.7,0.3409275648695138,vcD10/deg6/bw42.7/hpQ3
trail_stubborn,93101,93102,153,8,7.1,0.2959114945914544,vcD2/deg8/bw7.1/hpQ2
trail_stubborn,143076,143077,658,3,5.0,0.2375482709814891,vcD7/deg3/bw5.0/hpQ1
trail_stubborn,31906,31907,704,3,125.0,0.4657787213448116,vcD7/deg3/bw125.0/hpQ5
trail_stubborn,218382,218383,37,7,14.6,0.2028601193675408,vcD1/deg7/bw14.6/hpQ1
trail_stubborn,224489,224490,62,2,20.9,0.3196298037016608,vcD1/deg2/bw20.9/hpQ2
trail_stubborn,110114,110115,199,6,7.1,0.28091147618982,vcD2/deg6/bw7.1/hpQ2
trail_stubborn,153926,153927,518,7,125.0,0.4590052735626949,vcD6/deg7/bw125.0/hpQ5
trail_stubborn,164778,164779,764,7,61.0,0.3642632456563252,vcD8/deg7/bw61.0/hpQ3
trail_stubborn,18336,18337,871,3,14.6,0.469568977189866,vcD9/deg3/bw14.6/hpQ5
trail_stubborn,229880,229881,24,3,87.4,0.2269416996374781,vcD1/deg3/bw87.4/hpQ1
trail_stubborn,185882,185883,411,7,87.4,0.2028601193675408,vcD4/deg7/bw87.4/hpQ1
trail_stubborn,83465,83466,782,2,20.9,0.4409284566649496,vcD8/deg2/bw20.9/hpQ5
trail_stubborn,196447,196448,88,4,20.9,0.2114807290736435,vcD1/deg4/bw20.9/hpQ1
trail_stubborn,70443,70444,975,5,20.9,0.3297294244236074,vcD10/deg5/bw20.9/hpQ3
trail_stubborn,117495,117496,267,3,20.9,0.4626922801013836,vcD3/deg3/bw20.9/hpQ5
trail_stubborn,177196,177197,147,5,7.1,0.4855618445578609,vcD2/deg5/bw7.1/hpQ5
trail_stubborn,183923,183924,364,4,125.0,0.4574864654719545,vcD4/deg4/bw125.0/hpQ5
trail_stubborn,69599,69600,463,4,29.9,0.4158727914731683,vcD5/deg4/bw29.9/hpQ4
trail_stubborn,134227,134228,923,7,10.2,0.4304538627565802,vcD10/deg7/bw10.2/hpQ4
trail_stubborn,42390,42391,811,5,14.6,0.3969614753991711,vcD9/deg5/bw14.6/hpQ4
trail_stubborn,193423,193424,178,4,20.9,0.4574864654719545,vcD2/deg4/bw20.9/hpQ5
trail_stubborn,122583,122584,956,3,29.9,0.4277086989642705,vcD10/deg3/bw29.9/hpQ4
trail_stubborn,150048,150049,372,4,5.0,0.3008118292997498,vcD4/deg4/bw5.0/hpQ2
trail_stubborn,218031,218032,37,7,5.0,0.4495856593533723,vcD1/deg7/bw5.0/hpQ5
trail_stubborn,137801,137802,158,5,87.4,0.2959114945914544,vcD2/deg5/bw87.4/hpQ2
trail_stubborn,41182,41183,903,4,7.1,0.2028601193675408,vcD10/deg4/bw7.1/hpQ1
trail_stubborn,86053,86054,120,3,5.0,0.3585232711576509,vcD2/deg3/bw5.0/hpQ3
trail_stubborn,3446,3447,842,2,20.9,0.4071129309119736,vcD9/deg2/bw20.9/hpQ4
trail_stubborn,212260,212261,700,6,10.2,0.3070497535774244,vcD7/deg6/bw10.2/hpQ2
trail_stubborn,79300,79301,528,8,14.6,0.3857676334163057,vcD6/deg8/bw14.6/hpQ4
trail_stubborn,157128,157129,920,3,7.1,0.2901917465581629,vcD10/deg3/bw7.1/hpQ2
trail_stubborn,90861,90862,144,5,87.4,0.3350709844137344,vcD2/deg5/bw87.4/hpQ3
trail_stubborn,73356,73357,898,7,14.6,0.2281547978409189,vcD9/deg7/bw14.6/hpQ1
trail_stubborn,205921,205922,436,8,125.0,0.24260325729568,vcD5/deg8/bw125.0/hpQ1
trail_stubborn,229592,229593,24,3,29.9,0.2779592827386458,vcD1/deg3/bw29.9/hpQ2
trail_stubborn,84145,84146,948,6,7.1,0.4184444837622084,vcD10/deg6/bw7.1/hpQ4
trail_stubborn,89989,89990,396,7,125.0,0.3196298037016608,vcD4/deg7/bw125.0/hpQ2
trail_stubborn,227780,227781,793,6,61.0,0.2269416996374781,vcD8/deg6/bw61.0/hpQ1
trail_stubborn,107298,107299,914,7,10.2,0.3227365905845993,vcD10/deg7/bw10.2/hpQ3
trail_stubborn,160368,160369,685,4,14.6,0.2070972729458678,vcD7/deg4/bw14.6/hpQ1
trail_stubborn,237730,237731,523,3,61.0,0.2689147210983604,vcD6/deg3/bw61.0/hpQ2
trail_stubborn,108957,108958,776,4,125.0,0.3409275648695138,vcD8/deg4/bw125.0/hpQ3
trail_stubborn,242741,242742,387,4,61.0,0.2544637386172081,vcD4/deg4/bw61.0/hpQ1
trail_stubborn,180305,180306,535,5,14.6,0.4911132375299709,vcD6/deg5/bw14.6/hpQ5
trail_stubborn,211209,211210,664,5,10.2,0.4737946714611262,vcD7/deg5/bw10.2/hpQ5
trail_stubborn,111954,111955,569,6,125.0,0.3277016708096898,vcD6/deg6/bw125.0/hpQ3
trail_stubborn,105257,105258,423,3,10.2,0.3409275648695138,vcD5/deg3/bw10.2/hpQ3
trail_stubborn,189220,189221,996,8,10.2,0.2397567210258474,vcD10/deg8/bw10.2/hpQ1
trail_stubborn,33007,33008,223,6,5.0,0.3927810904963459,vcD3/deg6/bw5.0/hpQ4
trail_stubborn,16959,16960,208,7,125.0,0.2892063661005389,vcD2/deg7/bw125.0/hpQ2
trail_stubborn,36546,36547,590,8,29.9,0.4071129309119736,vcD6/deg8/bw29.9/hpQ4
trail_stubborn,47515,47516,277,5,29.9,0.4208942434349683,vcD3/deg5/bw29.9/hpQ4
trail_stubborn,72240,72241,250,8,10.2,0.3883150820571905,vcD3/deg8/bw10.2/hpQ4
trail_stubborn,88966,88967,301,8,125.0,0.3604525200861999,vcD3/deg8/bw125.0/hpQ3
trail_stubborn,177582,177583,147,5,29.9,0.2028601193675408,vcD2/deg5/bw29.9/hpQ1
trail_stubborn,12450,12451,621,7,20.9,0.2182850515748211,vcD7/deg7/bw20.9/hpQ1
trail_stubborn,211049,211050,664,5,5.0,0.3349244931377773,vcD7/deg5/bw5.0/hpQ3
trail_stubborn,66561,66562,424,7,29.9,0.3350709844137344,vcD5/deg7/bw29.9/hpQ3
trail_stubborn,84611,84612,948,6,42.7,0.3985108847427614,vcD10/deg6/bw42.7/hpQ4
trail_stubborn,1674,1675,57,6,42.7,0.2525545317138812,vcD1/deg6/bw42.7/hpQ1
trail_stubborn,63477,63478,328,2,20.9,0.3815618301396259,vcD4/deg2/bw20.9/hpQ4
trail_stubborn,114487,114488,693,6,20.9,0.4229568538429628,vcD7/deg6/bw20.9/hpQ4
trail_stubborn,22889,22890,808,7,87.4,0.3196298037016608,vcD9/deg7/bw87.4/hpQ2
trail_stubborn,235361,235362,812,2,14.6,0.3350709844137344,vcD9/deg2/bw14.6/hpQ3
trail_stubborn,44261,44262,225,6,10.2,0.3350709844137344,vcD3/deg6/bw10.2/hpQ3
trail_stubborn,77911,77912,285,7,125.0,0.3985108847427614,vcD3/deg7/bw125.0/hpQ4
trail_stubborn,117001,117002,267,3,5.0,0.2959114945914544,vcD3/deg3/bw5.0/hpQ2
trail_stubborn,83747,83748,782,2,61.0,0.2114807290736435,vcD8/deg2/bw61.0/hpQ1
trail_stubborn,124520,124521,544,6,29.9,0.2397567210258474,vcD6/deg6/bw29.9/hpQ1
trail_stubborn,237572,237573,523,3,29.9,0.2631399047202775,vcD6/deg3/bw29.9/hpQ2
trail_stubborn,138783,138784,472,7,61.0,0.4277086989642705,vcD5/deg7/bw61.0/hpQ4
trail_stubborn,116954,116955,448,3,125.0,0.3277016708096898,vcD5/deg3/bw125.0/hpQ3
trail_stubborn,146721,146722,829,7,61.0,0.24260325729568,vcD9/deg7/bw61.0/hpQ1
trail_stubborn,239152,239153,96,4,7.1,0.366882515038515,vcD1/deg4/bw7.1/hpQ3
trail_stubborn,5605,5606,29,8,42.7,0.4911132375299709,vcD1/deg8/bw42.7/hpQ5
trail_stubborn,81994,81995,687,2,125.0,0.3751229337419657,vcD7/deg2/bw125.0/hpQ3
trail_stubborn,46880,46881,677,6,87.4,0.2269416996374781,vcD7/deg6/bw87.4/hpQ1
trail_stubborn,14134,14135,618,4,7.1,0.444752781116749,vcD7/deg4/bw7.1/hpQ5
trail_stubborn,15731,15732,855,7,61.0,0.4495856593533723,vcD9/deg7/bw61.0/hpQ5
trail_stubborn,113039,113040,236,3,5.0,0.2501126952506121,vcD3/deg3/bw5.0/hpQ1
trail_stubborn,125298,125299,716,4,10.2,0.3227365905845993,vcD8/deg4/bw10.2/hpQ3
trail_stubborn,24470,24471,957,2,20.9,0.3239323376009491,vcD10/deg2/bw20.9/hpQ3
trail_stubborn,149131,149132,408,6,7.1,0.4495856593533723,vcD4/deg6/bw7.1/hpQ5
trail_stubborn,57160,57161,183,4,7.1,0.3070497535774244,vcD2/deg4/bw7.1/hpQ2
trail_stubborn,47320,47321,277,5,14.6,0.2397567210258474,vcD3/deg5/bw14.6/hpQ1
trail_stubborn,73603,73604,898,7,42.7,0.2627648343443758,vcD9/deg7/bw42.7/hpQ2
trail_stubborn,240168,240169,771,5,7.1,0.2070972729458678,vcD8/deg5/bw7.1/hpQ1
trail_stubborn,188655,188656,517,2,42.7,0.4768512858671266,vcD6/deg2/bw42.7/hpQ5
trail_stubborn,98820,98821,990,3,87.4,0.2397567210258474,vcD10/deg3/bw87.4/hpQ1
trail_stubborn,238677,238678,629,6,42.7,0.3815618301396259,vcD7/deg6/bw42.7/hpQ4
trail_stubborn,117662,117663,267,3,42.7,0.4714045721788255,vcD3/deg3/bw42.7/hpQ5
trail_stubborn,208185,208186,512,4,7.1,0.4461023732799478,vcD6/deg4/bw7.1/hpQ5
trail_stubborn,110941,110942,199,6,125.0,0.2544637386172081,vcD2/deg6/bw125.0/hpQ1
trail_stubborn,203490,203491,601,6,20.9,0.3969614753991711,vcD6/deg6/bw20.9/hpQ4
trail_stubborn,156061,156062,462,8,5.0,0.3350709844137344,vcD5/deg8/bw5.0/hpQ3
trail_stubborn,137035,137036,158,5,5.0,0.3461077870164497,vcD2/deg5/bw5.0/hpQ3
trail_stubborn,44703,44704,225,6,61.0,0.2627648343443758,vcD3/deg6/bw61.0/hpQ2
trail_stubborn,50414,50415,636,4,20.9,0.28091147618982,vcD7/deg4/bw20.9/hpQ2
trail_stubborn,36404,36405,590,8,20.9,0.4995762557070848,vcD6/deg8/bw20.9/hpQ5
trail_stubborn,32815,32816,726,7,87.4,0.4208942434349683,vcD8/deg7/bw87.4/hpQ4
trail_stubborn,62041,62042,742,4,5.0,0.2544637386172081,vcD8/deg4/bw5.0/hpQ1
trail_stubborn,230381,230382,708,6,14.6,0.3128186843462212,vcD8/deg6/bw14.6/hpQ2
trail_stubborn,193933,193934,178,4,125.0,0.4113840234518945,vcD2/deg4/bw125.0/hpQ4
trail_stubborn,236263,236264,861,5,10.2,0.4895135847322587,vcD9/deg5/bw10.2/hpQ5
trail_stubborn,35831,35832,455,7,87.4,0.4495856593533723,vcD5/deg7/bw87.4/hpQ5
trail_stubborn,183292,183293,364,4,10.2,0.2779592827386458,vcD4/deg4/bw10.2/hpQ2
trail_stubborn,109167,109168,170,3,7.1,0.3706046305857265,vcD2/deg3/bw7.1/hpQ3
trail_stubborn,77867,77868,285,7,87.4,0.3706046305857265,vcD3/deg7/bw87.4/hpQ3
trail_stubborn,50912,50913,636,4,125.0,0.2238256630629619,vcD7/deg4/bw125.0/hpQ1
trail_stubborn,211817,211818,664,5,87.4,0.2312345941585266,vcD7/deg5/bw87.4/hpQ1
trail_stubborn,179973,179974,46,2,125.0,0.4831039344913304,vcD1/deg2/bw125.0/hpQ5
trail_stubborn,95436,95437,155,7,20.9,0.469568977189866,vcD2/deg7/bw20.9/hpQ5
trail_stubborn,98202,98203,990,3,10.2,0.405342196225377,vcD10/deg3/bw10.2/hpQ4
trail_stubborn,224823,224824,62,2,87.4,0.4574864654719545,vcD1/deg2/bw87.4/hpQ5
trail_stubborn,26048,26049,469,5,5.0,0.3008118292997498,vcD5/deg5/bw5.0/hpQ2
trail_stubborn,14517,14518,618,4,29.9,0.2312345941585266,vcD7/deg4/bw29.9/hpQ1
trail_stubborn,206210,206211,790,7,10.2,0.3777435584279705,vcD8/deg7/bw10.2/hpQ3
trail_stubborn,2006,2007,953,6,5.0,0.4657787213448116,vcD10/deg6/bw5.0/hpQ5
trail_stubborn,82822,82823,994,4,87.4,0.3494898166749496,vcD10/deg4/bw87.4/hpQ3
trail_stubborn,203740,203741,601,6,61.0,0.3883150820571905,vcD6/deg6/bw61.0/hpQ4
trail_stubborn,159385,159386,624,3,14.6,0.4461023732799478,vcD7/deg3/bw14.6/hpQ5
trail_stubborn,200578,200579,697,7,29.9,0.3642632456563252,vcD7/deg7/bw29.9/hpQ3
trail_stubborn,166721,166722,126,6,61.0,0.24260325729568,vcD2/deg6/bw61.0/hpQ1
trail_stubborn,145171,145172,315,7,7.1,0.3156406422303758,vcD4/deg7/bw7.1/hpQ2
trail_stubborn,69822,69823,463,4,87.4,0.3494898166749496,vcD5/deg4/bw87.4/hpQ3
trail_stubborn,170675,170676,780,3,42.7,0.3027820674966874,vcD8/deg3/bw42.7/hpQ2
trail_stubborn,234011,234012,138,8,5.0,0.3985108847427614,vcD2/deg8/bw5.0/hpQ4
trail_stubborn,52211,52212,404,8,10.2,0.3985108847427614,vcD4/deg8/bw10.2/hpQ4
trail_stubborn,243372,243373,485,6,14.6,0.2631399047202775,vcD5/deg6/bw14.6/hpQ2
trail_stubborn,103432,103433,429,4,20.9,0.2594311744995365,vcD5/deg4/bw20.9/hpQ1
trail_stubborn,229760,229761,24,3,61.0,0.3070497535774244,vcD1/deg3/bw61.0/hpQ2
trail_stubborn,97809,97810,530,8,87.4,0.4737946714611262,vcD6/deg8/bw87.4/hpQ5
trail_stubborn,120814,120815,86,2,87.4,0.28091147618982,vcD1/deg2/bw87.4/hpQ2
trail_stubborn,214835,214836,264,6,87.4,0.3461077870164497,vcD3/deg6/bw87.4/hpQ3
trail_stubborn,188550,188551,517,2,29.9,0.2182850515748211,vcD6/deg2/bw29.9/hpQ1
trail_stubborn,194367,194368,491,6,14.6,0.3706046305857265,vcD5/deg6/bw14.6/hpQ3
trail_stubborn,48267,48268,41,7,10.2,0.3706046305857265,vcD1/deg7/bw10.2/hpQ3
trail_stubborn,42456,42457,811,5,20.9,0.2281547978409189,vcD9/deg5/bw20.9/hpQ1
trail_stubborn,158471,158472,875,3,20.9,0.3156406422303758,vcD9/deg3/bw20.9/hpQ2
trail_stubborn,174936,174937,800,5,125.0,0.469568977189866,vcD8/deg5/bw125.0/hpQ5
trail_stubborn,53898,53899,245,5,87.4,0.3227365905845993,vcD3/deg5/bw87.4/hpQ3
trail_stubborn,116184,116185,448,3,7.1,0.4024582743628092,vcD5/deg3/bw7.1/hpQ4
trail_stubborn,193699,193700,178,4,42.7,0.4158727914731683,vcD2/deg4/bw42.7/hpQ4
trail_stubborn,190977,190978,187,2,125.0,0.3815618301396259,vcD2/deg2/bw125.0/hpQ4
trail_stubborn,231328,231329,101,4,14.6,0.2901917465581629,vcD1/deg4/bw14.6/hpQ2
trail_stubborn,151810,151811,346,7,87.4,0.3777435584279705,vcD4/deg7/bw87.4/hpQ3
trail_stubborn,202580,202581,833,2,29.9,0.2269416996374781,vcD9/deg2/bw29.9/hpQ1
trail_stubborn,51037,51038,984,8,5.0,0.3509947337216052,vcD10/deg8/bw5.0/hpQ3
trail_stubborn,64618,64619,587,3,42.7,0.4954733651280948,vcD6/deg3/bw42.7/hpQ5
trail_stubborn,190787,190788,187,2,61.0,0.4229568538429628,vcD2/deg2/bw61.0/hpQ4
trail_stubborn,20964,20965,865,7,125.0,0.3439678088500045,vcD9/deg7/bw125.0/hpQ3
trail_stubborn,78666,78667,594,4,42.7,0.3604525200861999,vcD6/deg4/bw42.7/hpQ3
trail_stubborn,149978,149979,408,6,125.0,0.3642632456563252,vcD4/deg6/bw125.0/hpQ3
trail_stubborn,195802,195803,580,6,87.4,0.405342196225377,vcD6/deg6/bw87.4/hpQ4
trail_stubborn,242372,242373,387,4,14.6,0.2631399047202775,vcD4/deg4/bw14.6/hpQ2
trail_stubborn,121976,121977,338,3,125.0,0.2375482709814891,vcD4/deg3/bw125.0/hpQ1
trail_stubborn,54242,54243,749,5,10.2,0.3733963553970497,vcD8/deg5/bw10.2/hpQ3
trail_stubborn,242563,242564,387,4,29.9,0.4895135847322587,vcD4/deg4/bw29.9/hpQ5
trail_stubborn,183180,183181,364,4,7.1,0.2269416996374781,vcD4/deg4/bw7.1/hpQ1
trail_stubborn,189986,189987,996,8,125.0,0.3108669576156866,vcD10/deg8/bw125.0/hpQ2
trail_stubborn,196548,196549,88,4,29.9,0.3008118292997498,vcD1/deg4/bw29.9/hpQ2
trail_stubborn,204374,204375,632,3,14.6,0.2525545317138812,vcD7/deg3/bw14.6/hpQ1
trail_stubborn,181174,181175,736,4,7.1,0.2525545317138812,vcD8/deg4/bw7.1/hpQ1
trail_stubborn,153239,153240,518,7,10.2,0.2501126952506121,vcD6/deg7/bw10.2/hpQ1
trail_stubborn,128244,128245,32,6,10.2,0.2747520561924723,vcD1/deg6/bw10.2/hpQ2
trail_stubborn,197149,197150,482,5,7.1,0.3349244931377773,vcD5/deg5/bw7.1/hpQ3
trail_stubborn,48819,48820,41,7,87.4,0.2461140406262255,vcD1/deg7/bw87.4/hpQ1
trail_stubborn,129996,129997,73,8,125.0,0.4855618445578609,vcD1/deg8/bw125.0/hpQ5
trail_stubborn,103197,103198,429,4,7.1,0.21729239263723,vcD5/deg4/bw7.1/hpQ1
trail_stubborn,22063,22064,808,7,5.0,0.4895135847322587,vcD9/deg7/bw5.0/hpQ5
trail_stubborn,57527,57528,183,4,29.9,0.4304538627565802,vcD2/deg4/bw29.9/hpQ4
trail_stubborn,198216,198217,682,2,10.2,0.4372556438030128,vcD7/deg2/bw10.2/hpQ4
trail_stubborn,185790,185791,411,7,61.0,0.3969614753991711,vcD4/deg7/bw61.0/hpQ4
trail_stubborn,30532,30533,336,6,29.9,0.2594311744995365,vcD4/deg6/bw29.9/hpQ1
trail_stubborn,204101,204102,632,3,7.1,0.2959114945914544,vcD7/deg3/bw7.1/hpQ2
trail_stubborn,68963,68964,399,7,125.0,0.4895135847322587,vcD4/deg7/bw125.0/hpQ5
trail_stubborn,213030,213031,81,6,5.0,0.2689147210983604,vcD1/deg6/bw5.0/hpQ2
trail_stubborn,158602,158603,875,3,42.7,0.405342196225377,vcD9/deg3/bw42.7/hpQ4
trail_stubborn,44479,44480,225,6,20.9,0.2816906079992455,vcD3/deg6/bw20.9/hpQ2
trail_stubborn,216843,216844,825,5,87.4,0.3297294244236074,vcD9/deg5/bw87.4/hpQ3
trail_stubborn,100890,100891,720,4,87.4,0.3969614753991711,vcD8/deg4/bw87.4/hpQ4
trail_stubborn,219559,219560,496,3,29.9,0.2892063661005389,vcD5/deg3/bw29.9/hpQ2
trail_stubborn,230010,230011,708,6,5.0,0.3777435584279705,vcD8/deg6/bw5.0/hpQ3
trail_stubborn,220172,220173,785,3,7.1,0.2631399047202775,vcD8/deg3/bw7.1/hpQ2
trail_stubborn,133958,133959,851,6,125.0,0.2977847312437251,vcD9/deg6/bw125.0/hpQ2
trail_stubborn,160838,160839,685,4,87.4,0.4790241755215713,vcD7/deg4/bw87.4/hpQ5
trail_stubborn,182435,182436,374,7,20.9,0.3461077870164497,vcD4/deg7/bw20.9/hpQ3
trail_stubborn,179185,179186,46,2,7.1,0.4461023732799478,vcD1/deg2/bw7.1/hpQ5
trail_stubborn,37538,37539,552,7,29.9,0.4790241755215713,vcD6/deg7/bw29.9/hpQ5
trail_stubborn,120466,120467,86,2,20.9,0.3604525200861999,vcD1/deg2/bw20.9/hpQ3
trail_stubborn,215843,215844,332,6,87.4,0.3297294244236074,vcD4/deg6/bw87.4/hpQ3
trail_stubborn,86372,86373,120,3,14.6,0.2631399047202775,vcD2/deg3/bw14.6/hpQ2
trail_stubborn,181708,181709,736,4,61.0,0.2331676534838964,vcD8/deg4/bw61.0/hpQ1
trail_stubborn,119177,119178,766,7,7.1,0.3815618301396259,vcD8/deg7/bw7.1/hpQ4
trail_stubborn,36822,36823,590,8,87.4,0.3494898166749496,vcD6/deg8/bw87.4/hpQ3
trail_stubborn,100403,100404,720,4,20.9,0.2627648343443758,vcD8/deg4/bw20.9/hpQ2
trail_stubborn,49263,49264,26,4,10.2,0.4895135847322587,vcD1/deg4/bw10.2/hpQ5
trail_stubborn,106060,106061,869,3,5.0,0.3070497535774244,vcD9/deg3/bw5.0/hpQ2
trail_stubborn,218519,218520,37,7,29.9,0.2461140406262255,vcD1/deg7/bw29.9/hpQ1
trail_stubborn,167495,167496,75,4,20.9,0.4626922801013836,vcD1/deg4/bw20.9/hpQ5
trail_stubborn,243274,243275,485,6,10.2,0.2525545317138812,vcD5/deg6/bw10.2/hpQ1
trail_stubborn,149644,149645,408,6,42.7,0.2747520561924723,vcD4/deg6/bw42.7/hpQ2
trail_stubborn,190389,190390,187,2,14.6,0.3196298037016608,vcD2/deg2/bw14.6/hpQ2
trail_stubborn,231228,231229,101,4,10.2,0.2901917465581629,vcD1/deg4/bw10.2/hpQ2
trail_stubborn,204768,204769,632,3,61.0,0.2070972729458678,vcD7/deg3/bw61.0/hpQ1
trail_stubborn,136137,136138,344,2,7.1,0.3509947337216052,vcD4/deg2/bw7.1/hpQ3
trail_stubborn,85888,85889,945,7,87.4,0.2129379249701362,vcD10/deg7/bw87.4/hpQ1
trail_stubborn,82419,82420,994,4,20.9,0.2461140406262255,vcD10/deg4/bw20.9/hpQ1
trail_stubborn,45703,45704,892,5,61.0,0.2627648343443758,vcD9/deg5/bw61.0/hpQ2
trail_stubborn,177394,177395,147,5,14.6,0.3751229337419657,vcD2/deg5/bw14.6/hpQ3
trail_stubborn,91157,91158,662,4,7.1,0.3409275648695138,vcD7/deg4/bw7.1/hpQ3
trail_stubborn,162247,162248,168,7,10.2,0.2114807290736435,vcD2/deg7/bw10.2/hpQ1
trail_stubborn,225241,225242,965,5,10.2,0.2544637386172081,vcD10/deg5/bw10.2/hpQ1
trail_stubborn,2953,2954,953,6,125.0,0.3585232711576509,vcD10/deg6/bw125.0/hpQ3
trail_stubborn,249919,249920,649,5,125.0,0.2461140406262255,vcD7/deg5/bw125.0/hpQ1
trail_stubborn,243709,243710,485,6,61.0,0.4737946714611262,vcD5/deg6/bw61.0/hpQ5
trail_stubborn,26929,26930,469,5,125.0,0.2039812783100412,vcD5/deg5/bw125.0/hpQ1
trail_stubborn,4711,4712,599,8,61.0,0.3985108847427614,vcD6/deg8/bw61.0/hpQ4
trail_stubborn,212335,212336,700,6,14.6,0.3461077870164497,vcD7/deg6/bw14.6/hpQ3
trail_stubborn,205270,205271,436,8,10.2,0.3239323376009491,vcD5/deg8/bw10.2/hpQ3
trail_stubborn,137299,137300,158,5,10.2,0.4158727914731683,vcD2/deg5/bw10.2/hpQ4
trail_stubborn,215675,215676,332,6,42.7,0.3027820674966874,vcD4/deg6/bw42.7/hpQ2
trail_stubborn,100573,100574,720,4,29.9,0.4831039344913304,vcD8/deg4/bw29.9/hpQ5
trail_stubborn,49998,49999,26,4,125.0,0.3227365905845993,vcD1/deg4/bw125.0/hpQ3
trail_stubborn,132215,132216,206,4,10.2,0.4208942434349683,vcD2/deg4/bw10.2/hpQ4
trail_stubborn,152236,152237,909,5,10.2,0.469568977189866,vcD10/deg5/bw10.2/hpQ5
trail_stubborn,48512,48513,41,7,29.9,0.2238256630629619,vcD1/deg7/bw29.9/hpQ1
trail_stubborn,33145,33146,223,6,7.1,0.4184444837622084,vcD3/deg6/bw7.1/hpQ4
trail_stubborn,51729,51730,984,8,61.0,0.2039812783100412,vcD10/deg8/bw61.0/hpQ1
trail_stubborn,9734,9735,963,5,61.0,0.444752781116749,vcD10/deg5/bw61.0/hpQ5
trail_stubborn,144148,144149,723,2,7.1,0.3008118292997498,vcD8/deg2/bw7.1/hpQ2
trail_stubborn,178075,178076,508,7,5.0,0.3027820674966874,vcD5/deg7/bw5.0/hpQ2
trail_stubborn,12838,12839,621,7,87.4,0.4790241755215713,vcD7/deg7/bw87.4/hpQ5
trail_stubborn,101954,101955,887,5,125.0,0.3277016708096898,vcD9/deg5/bw125.0/hpQ3
trail_stubborn,201637,201638,418,6,42.7,0.3509947337216052,vcD5/deg6/bw42.7/hpQ3
trail_stubborn,135578,135579,242,7,29.9,0.3642632456563252,vcD3/deg7/bw29.9/hpQ3
trail_stubborn,98057,98058,990,3,5.0,0.3409275648695138,vcD10/deg3/bw5.0/hpQ3
trail_stubborn,41531,41532,903,4,29.9,0.4495856593533723,vcD10/deg4/bw29.9/hpQ5
trail_stubborn,165481,165482,713,5,20.9,0.3128186843462212,vcD8/deg5/bw20.9/hpQ2
trail_stubborn,52117,52118,404,8,7.1,0.2312345941585266,vcD4/deg8/bw7.1/hpQ1
trail_stubborn,137477,137478,158,5,20.9,0.3815618301396259,vcD2/deg5/bw20.9/hpQ4
trail_stubborn,224182,224183,62,2,7.1,0.2028601193675408,vcD1/deg2/bw7.1/hpQ1
trail_stubborn,170214,170215,780,3,10.2,0.28091147618982,vcD8/deg3/bw10.2/hpQ2
trail_stubborn,3151,3152,842,2,7.1,0.3898718220747056,vcD9/deg2/bw7.1/hpQ4
trail_stubborn,66892,66893,424,7,87.4,0.2779592827386458,vcD5/deg7/bw87.4/hpQ2
trail_stubborn,74468,74469,351,4,20.9,0.2070972729458678,vcD4/deg4/bw20.9/hpQ1
trail_stubborn,173742,173743,69,3,61.0,0.3733963553970497,vcD1/deg3/bw61.0/hpQ3
trail_stubborn,50350,50351,636,4,14.6,0.2182850515748211,vcD7/deg4/bw14.6/hpQ1
trail_stubborn,65246,65247,488,5,10.2,0.4071129309119736,vcD5/deg5/bw10.2/hpQ4
trail_stubborn,51523,51524,984,8,29.9,0.4574864654719545,vcD10/deg8/bw29.9/hpQ5
trail_stubborn,158539,158540,875,3,29.9,0.2501126952506121,vcD9/deg3/bw29.9/hpQ1
trail_stubborn,196898,196899,88,4,87.4,0.3227365905845993,vcD1/deg4/bw87.4/hpQ3
trail_stubborn,167787,167788,75,4,61.0,0.4229568538429628,vcD1/deg4/bw61.0/hpQ4
trail_stubborn,59549,59550,203,3,29.9,0.3349244931377773,vcD2/deg3/bw29.9/hpQ3
trail_stubborn,232029,232030,116,3,5.0,0.2039812783100412,vcD1/deg3/bw5.0/hpQ1
trail_stubborn,101521,101522,887,5,29.9,0.24260325729568,vcD9/deg5/bw29.9/hpQ1
trail_stubborn,214141,214142,264,6,7.1,0.2544637386172081,vcD3/deg6/bw7.1/hpQ1
trail_stubborn,25244,25245,133,3,10.2,0.2747520561924723,vcD2/deg3/bw10.2/hpQ2
trail_stubborn,163093,163094,851,5,5.0,0.2857700497959219,vcD9/deg5/bw5.0/hpQ2
trail_stubborn,229304,229305,24,3,14.6,0.4995762557070848,vcD1/deg3/bw14.6/hpQ5
trail_stubborn,99438,99439,111,7,20.9,0.4790241755215713,vcD1/deg7/bw20.9/hpQ5
trail_stubborn,119478,119479,766,7,20.9,0.3642632456563252,vcD8/deg7/bw20.9/hpQ3
trail_stubborn,225554,225555,965,5,29.9,0.3277016708096898,vcD10/deg5/bw29.9/hpQ3
trail_stubborn,183873,183874,364,4,87.4,0.4831039344913304,vcD4/deg4/bw87.4/hpQ5
trail_stubborn,36073,36074,590,8,5.0,0.4831039344913304,vcD6/deg8/bw5.0/hpQ5
trail_stubborn,161866,161867,915,3,87.4,0.3604525200861999,vcD10/deg3/bw87.4/hpQ3
trail_stubborn,70399,70400,975,5,14.6,0.4158727914731683,vcD10/deg5/bw14.6/hpQ4
trail_stubborn,92895,92896,162,6,87.4,0.4626922801013836,vcD2/deg6/bw87.4/hpQ5
trail_stubborn,142344,142345,883,5,14.6,0.2747520561924723,vcD9/deg5/bw14.6/hpQ2
trail_stubborn,35060,35061,455,7,5.0,0.3070497535774244,vcD5/deg7/bw5.0/hpQ2
trail_stubborn,102060,102061,741,5,5.0,0.3070497535774244,vcD8/deg5/bw5.0/hpQ2
trail_stubborn,201729,201730,418,6,61.0,0.2039812783100412,vcD5/deg6/bw61.0/hpQ1
trail_stubborn,158817,158818,875,3,87.4,0.2312345941585266,vcD9/deg3/bw87.4/hpQ1
trail_stubborn,117813,117814,267,3,87.4,0.4312459512484686,vcD3/deg3/bw87.4/hpQ4
trail_stubborn,51823,51824,984,8,87.4,0.4574864654719545,vcD10/deg8/bw87.4/hpQ5
trail_stubborn,247193,247194,445,4,7.1,0.2857700497959219,vcD5/deg4/bw7.1/hpQ2
trail_stubborn,79157,79158,528,8,7.1,0.3409275648695138,vcD6/deg8/bw7.1/hpQ3
trail_stubborn,166686,166687,126,6,42.7,0.3108669576156866,vcD2/deg6/bw42.7/hpQ2
trail_stubborn,33977,33978,223,6,125.0,0.3815618301396259,vcD3/deg6/bw125.0/hpQ4
trail_stubborn,83072,83073,782,2,5.0,0.2631399047202775,vcD8/deg2/bw5.0/hpQ2
trail_stubborn,206646,206647,790,7,42.7,0.4071129309119736,vcD8/deg7/bw42.7/hpQ4
trail_stubborn,185923,185924,411,7,125.0,0.4574864654719545,vcD4/deg7/bw125.0/hpQ5
trail_stubborn,111187,111188,569,6,7.1,0.4229568538429628,vcD6/deg6/bw7.1/hpQ4
trail_stubborn,124094,124095,544,6,5.0,0.3751229337419657,vcD6/deg6/bw5.0/hpQ3
trail_stubborn,112001,112002,297,4,5.0,0.2959114945914544,vcD3/deg4/bw5.0/hpQ2
trail_stubborn,153730,153731,518,7,61.0,0.2689147210983604,vcD6/deg7/bw61.0/hpQ2
trail_stubborn,135184,135185,242,7,7.1,0.4024582743628092,vcD3/deg7/bw7.1/hpQ4
trail_stubborn,216338,216339,825,5,14.6,0.4790241755215713,vcD9/deg5/bw14.6/hpQ5
trail_stubborn,195539,195540,580,6,29.9,0.2501126952506121,vcD6/deg6/bw29.9/hpQ1
trail_stubborn,249174,249175,649,5,7.1,0.2525545317138812,vcD7/deg5/bw7.1/hpQ1
trail_stubborn,7916,7917,564,3,125.0,0.4372556438030128,vcD6/deg3/bw125.0/hpQ4
trail_stubborn,224216,224217,62,2,10.2,0.4372556438030128,vcD1/deg2/bw10.2/hpQ4
trail_stubborn,65347,65348,488,5,14.6,0.2114807290736435,vcD5/deg5/bw14.6/hpQ1
trail_stubborn,53572,53573,245,5,29.9,0.2631399047202775,vcD3/deg5/bw29.9/hpQ2
trail_stubborn,119231,119232,766,7,10.2,0.4495856593533723,vcD8/deg7/bw10.2/hpQ5
trail_stubborn,30202,30203,336,6,10.2,0.405342196225377,vcD4/deg6/bw10.2/hpQ4
trail_stubborn,117549,117550,267,3,29.9,0.3349244931377773,vcD3/deg3/bw29.9/hpQ3
trail_stubborn,34878,34879,816,3,87.4,0.3642632456563252,vcD9/deg3/bw87.4/hpQ3
trail_stubborn,163933,163934,851,5,125.0,0.4113840234518945,vcD9/deg5/bw125.0/hpQ4
trail_stubborn,9912,9913,963,5,125.0,0.2238256630629619,vcD10/deg5/bw125.0/hpQ1
trail_stubborn,33291,33292,223,6,10.2,0.3544902343139808,vcD3/deg6/bw10.2/hpQ3
trail_stubborn,35596,35597,455,7,29.9,0.4855618445578609,vcD5/deg7/bw29.9/hpQ5
trail_stubborn,176922,176923,231,5,125.0,0.3494898166749496,vcD3/deg5/bw125.0/hpQ3
trail_stubborn,114761,114762,693,6,61.0,0.3350709844137344,vcD7/deg6/bw61.0/hpQ3
trail_stubborn,15356,15357,855,7,14.6,0.2281547978409189,vcD9/deg7/bw14.6/hpQ1
trail_stubborn,64355,64356,587,3,14.6,0.4768512858671266,vcD6/deg3/bw14.6/hpQ5
trail_stubborn,104637,104638,900,6,42.7,0.3509947337216052,vcD9/deg6/bw42.7/hpQ3
trail_stubborn,116890,116891,448,3,87.4,0.3969614753991711,vcD5/deg3/bw87.4/hpQ4
trail_stubborn,171153,171154,254,3,7.1,0.3585232711576509,vcD3/deg3/bw7.1/hpQ3
trail_stubborn,201535,201536,418,6,29.9,0.3461077870164497,vcD5/deg6/bw29.9/hpQ3
trail_stubborn,225052,225053,965,5,5.0,0.366882515038515,vcD10/deg5/bw5.0/hpQ3
trail_stubborn,22938,22939,808,7,125.0,0.4790241755215713,vcD9/deg7/bw125.0/hpQ5
trail_stubborn,51674,51675,984,8,42.7,0.2525545317138812,vcD10/deg8/bw42.7/hpQ1
trail_stubborn,197465,197466,482,5,20.9,0.4409284566649496,vcD5/deg5/bw20.9/hpQ5
trail_stubborn,191751,191752,732,3,61.0,0.3898718220747056,vcD8/deg3/bw61.0/hpQ4
trail_stubborn,41605,41606,903,4,42.7,0.4911132375299709,vcD10/deg4/bw42.7/hpQ5
trail_stubborn,74648,74649,351,4,42.7,0.3008118292997498,vcD4/deg4/bw42.7/hpQ2
trail_stubborn,51382,51383,984,8,14.6,0.2028601193675408,vcD10/deg8/bw14.6/hpQ1
trail_stubborn,164418,164419,764,7,20.9,0.4954733651280948,vcD8/deg7/bw20.9/hpQ5
trail_stubborn,84539,84540,948,6,29.9,0.2501126952506121,vcD10/deg6/bw29.9/hpQ1
trail_stubborn,21434,21435,213,6,20.9,0.444752781116749,vcD2/deg6/bw20.9/hpQ5
trail_stubborn,215263,215264,332,6,10.2,0.4895135847322587,vcD4/deg6/bw10.2/hpQ5
trail_stubborn,85531,85532,945,7,29.9,0.4495856593533723,vcD10/deg7/bw29.9/hpQ5
trail_stubborn,64023,64024,587,3,5.0,0.4574864654719545,vcD6/deg3/bw5.0/hpQ5
trail_stubborn,15638,15639,855,7,42.7,0.4790241755215713,vcD9/deg7/bw42.7/hpQ5
trail_stubborn,205814,205815,436,8,87.4,0.28091147618982,vcD5/deg8/bw87.4/hpQ2
trail_stubborn,79262,79263,528,8,10.2,0.4714045721788255,vcD6/deg8/bw10.2/hpQ5
trail_stubborn,73203,73204,898,7,10.2,0.2627648343443758,vcD9/deg7/bw10.2/hpQ2
trail_stubborn,120331,120332,86,2,14.6,0.4495856593533723,vcD1/deg2/bw14.6/hpQ5
trail_stubborn,84383,84384,948,6,14.6,0.4277086989642705,vcD10/deg6/bw14.6/hpQ4
trail_stubborn,232322,232323,116,3,14.6,0.3494898166749496,vcD1/deg3/bw14.6/hpQ3
trail_stubborn,49141,49142,26,4,7.1,0.2544637386172081,vcD1/deg4/bw7.1/hpQ1
trail_stubborn,125962,125963,716,4,125.0,0.4714045721788255,vcD8/deg4/bw125.0/hpQ5
trail_stubborn,88856,88857,301,8,87.4,0.2281547978409189,vcD3/deg8/bw87.4/hpQ1
trail_stubborn,110335,110336,199,6,14.6,0.3461077870164497,vcD2/deg6/bw14.6/hpQ3
trail_stubborn,191589,191590,732,3,29.9,0.3196298037016608,vcD8/deg3/bw29.9/hpQ2
trail_stubborn,194111,194112,491,6,7.1,0.3985108847427614,vcD5/deg6/bw7.1/hpQ4
trail_stubborn,146031,146032,829,7,5.0,0.4495856593533723,vcD9/deg7/bw5.0/hpQ5
trail_stubborn,129146,129147,73,8,7.1,0.4071129309119736,vcD1/deg8/bw7.1/hpQ4
trail_stubborn,70137,70138,975,5,7.1,0.3509947337216052,vcD10/deg5/bw7.1/hpQ3
trail_stubborn,131077,131078,935,6,5.0,0.3815618301396259,vcD10/deg6/bw5.0/hpQ4
trail_stubborn,130771,130772,979,6,61.0,0.3156406422303758,vcD10/deg6/bw61.0/hpQ2
trail_stubborn,158010,158011,875,3,5.0,0.3777435584279705,vcD9/deg3/bw5.0/hpQ3
trail_stubborn,24382,24383,957,2,14.6,0.2028601193675408,vcD10/deg2/bw14.6/hpQ1
trail_stubborn,134689,134690,923,7,42.7,0.3196298037016608,vcD10/deg7/bw42.7/hpQ2
trail_stubborn,102309,102310,741,5,14.6,0.4737946714611262,vcD8/deg5/bw14.6/hpQ5
trail_stubborn,10374,10375,104,4,14.6,0.2525545317138812,vcD1/deg4/bw14.6/hpQ1
trail_stubborn,167367,167368,75,4,14.6,0.3706046305857265,vcD1/deg4/bw14.6/hpQ3
trail_stubborn,79602,79603,528,8,42.7,0.405342196225377,vcD6/deg8/bw42.7/hpQ4
trail_stubborn,79498,79499,528,8,20.9,0.3227365905845993,vcD6/deg8/bw20.9/hpQ3
trail_stubborn,44340,44341,225,6,14.6,0.3883150820571905,vcD3/deg6/bw14.6/hpQ4
trail_stubborn,132735,132736,206,4,61.0,0.3461077870164497,vcD2/deg4/bw61.0/hpQ3
trail_stubborn,99386,99387,111,7,14.6,0.3108669576156866,vcD1/deg7/bw14.6/hpQ2
trail_stubborn,241427,241428,605,5,20.9,0.4304538627565802,vcD6/deg5/bw20.9/hpQ4
trail_stubborn,178948,178949,508,7,125.0,0.3008118292997498,vcD5/deg7/bw125.0/hpQ2
trail_stubborn,52669,52670,404,8,42.7,0.4344347691369841,vcD4/deg8/bw42.7/hpQ4
trail_stubborn,112838,112839,297,4,87.4,0.4790241755215713,vcD3/deg4/bw87.4/hpQ5
trail_stubborn,218689,218690,37,7,42.7,0.3196298037016608,vcD1/deg7/bw42.7/hpQ2
trail_stubborn,85183,85184,945,7,7.1,0.4277086989642705,vcD10/deg7/bw7.1/hpQ4
trail_stubborn,113501,113502,236,3,29.9,0.2959114945914544,vcD3/deg3/bw29.9/hpQ2
trail_stubborn,191346,191347,732,3,14.6,0.4071129309119736,vcD8/deg3/bw14.6/hpQ4
trail_stubborn,66162,66163,424,7,7.1,0.4714045721788255,vcD5/deg7/bw7.1/hpQ5
trail_stubborn,40144,40145,50,3,7.1,0.2747520561924723,vcD1/deg3/bw7.1/hpQ2
trail_stubborn,190821,190822,187,2,87.4,0.24260325729568,vcD2/deg2/bw87.4/hpQ1
trail_stubborn,26618,26619,469,5,42.7,0.4954733651280948,vcD5/deg5/bw42.7/hpQ5
trail_stubborn,90376,90377,144,5,14.6,0.2375482709814891,vcD2/deg5/bw14.6/hpQ1
trail_stubborn,47148,47149,277,5,7.1,0.3008118292997498,vcD3/deg5/bw7.1/hpQ2
trail_stubborn,62497,62498,742,4,20.9,0.21729239263723,vcD8/deg4/bw20.9/hpQ1
trail_stubborn,208840,208841,512,4,87.4,0.3883150820571905,vcD6/deg4/bw87.4/hpQ4
trail_stubborn,30447,30448,336,6,20.9,0.2114807290736435,vcD4/deg6/bw20.9/hpQ1
trail_stubborn,199693,199694,358,3,42.7,0.2857700497959219,vcD4/deg3/bw42.7/hpQ2
trail_stubborn,42088,42089,811,5,5.0,0.2129379249701362,vcD9/deg5/bw5.0/hpQ1
trail_stubborn,236167,236168,861,5,7.1,0.3706046305857265,vcD9/deg5/bw7.1/hpQ3
trail_stubborn,168258,168259,548,5,10.2,0.2977847312437251,vcD6/deg5/bw10.2/hpQ2
trail_stubborn,20561,20562,865,7,29.9,0.3350709844137344,vcD9/deg7/bw29.9/hpQ3
trail_stubborn,60030,60031,879,5,5.0,0.2689147210983604,vcD9/deg5/bw5.0/hpQ2
trail_stubborn,196678,196679,88,4,42.7,0.3642632456563252,vcD1/deg4/bw42.7/hpQ3
trail_stubborn,69056,69057,463,4,5.0,0.2281547978409189,vcD5/deg4/bw5.0/hpQ1
trail_stubborn,205647,205648,436,8,42.7,0.2114807290736435,vcD5/deg8/bw42.7/hpQ1
trail_stubborn,136099,136100,344,2,5.0,0.4158727914731683,vcD4/deg2/bw5.0/hpQ4
trail_stubborn,112600,112601,297,4,42.7,0.3857676334163057,vcD3/deg4/bw42.7/hpQ4
trail_stubborn,136513,136514,344,2,29.9,0.4312459512484686,vcD4/deg2/bw29.9/hpQ4
trail_stubborn,152869,152870,909,5,87.4,0.4344347691369841,vcD10/deg5/bw87.4/hpQ4
trail_stubborn,197027,197028,482,5,5.0,0.4304538627565802,vcD5/deg5/bw5.0/hpQ4
trail_stubborn,110801,110802,199,6,87.4,0.2959114945914544,vcD2/deg6/bw87.4/hpQ2
trail_stubborn,50062,50063,636,4,5.0,0.4714045721788255,vcD7/deg4/bw5.0/hpQ5
trail_stubborn,225346,225347,965,5,14.6,0.4071129309119736,vcD10/deg5/bw14.6/hpQ4
trail_stubborn,184355,184356,571,6,14.6,0.4768512858671266,vcD6/deg6/bw14.6/hpQ5
trail_stubborn,106906,106907,869,3,125.0,0.4657787213448116,vcD9/deg3/bw125.0/hpQ5
trail_stubborn,204965,204966,632,3,125.0,0.4409284566649496,vcD7/deg3/bw125.0/hpQ5
trail_stubborn,167018,167019,75,4,5.0,0.4954733651280948,vcD1/deg4/bw5.0/hpQ5
trail_stubborn,212834,212835,700,6,87.4,0.444752781116749,vcD7/deg6/bw87.4/hpQ5
trail_stubborn,198887,198888,682,2,87.4,0.4229568538429628,vcD7/deg2/bw87.4/hpQ4
trail_stubborn,8870,8871,365,3,87.4,0.3239323376009491,vcD4/deg3/bw87.4/hpQ3
trail_stubborn,136608,136609,344,2,42.7,0.2331676534838964,vcD4/deg2/bw42.7/hpQ1
trail_stubborn,79702,79703,528,8,61.0,0.405342196225377,vcD6/deg8/bw61.0/hpQ4
trail_stubborn,120788,120789,86,2,61.0,0.2129379249701362,vcD1/deg2/bw61.0/hpQ1
trail_stubborn,16584,16585,208,7,29.9,0.4024582743628092,vcD2/deg7/bw29.9/hpQ4
trail_stubborn,205353,205354,436,8,14.6,0.3585232711576509,vcD5/deg8/bw14.6/hpQ3
trail_stubborn,218996,218997,37,7,125.0,0.4855618445578609,vcD1/deg7/bw125.0/hpQ5
trail_stubborn,229024,229025,24,3,5.0,0.454095890072901,vcD1/deg3/bw5.0/hpQ5
trail_stubborn,193010,193011,178,4,5.0,0.3777435584279705,vcD2/deg4/bw5.0/hpQ3
trail_stubborn,204502,204503,632,3,29.9,0.405342196225377,vcD7/deg3/bw29.9/hpQ4
trail_stubborn,246785,246786,281,4,61.0,0.4461023732799478,vcD3/deg4/bw61.0/hpQ5
trail_stubborn,156510,156511,462,8,29.9,0.3777435584279705,vcD5/deg8/bw29.9/hpQ3
trail_stubborn,234752,234753,138,8,61.0,0.366882515038515,vcD2/deg8/bw61.0/hpQ3
trail_stubborn,24013,24014,957,2,5.0,0.4312459512484686,vcD10/deg2/bw5.0/hpQ4
trail_stubborn,184242,184243,571,6,10.2,0.3733963553970497,vcD6/deg6/bw10.2/hpQ3
trail_stubborn,104559,104560,900,6,29.9,0.2892063661005389,vcD9/deg6/bw29.9/hpQ2
trail_stubborn,84898,84899,948,6,87.4,0.3227365905845993,vcD10/deg6/bw87.4/hpQ3
trail_stubborn,226219,226220,257,3,10.2,0.2461140406262255,vcD3/deg3/bw10.2/hpQ1
trail_stubborn,224380,224381,62,2,14.6,0.2269416996374781,vcD1/deg2/bw14.6/hpQ1
trail_stubborn,47426,47427,277,5,20.9,0.4590052735626949,vcD3/deg5/bw20.9/hpQ5
trail_stubborn,111759,111760,569,6,61.0,0.2892063661005389,vcD6/deg6/bw61.0/hpQ2
trail_stubborn,104127,104128,900,6,7.1,0.4304538627565802,vcD9/deg6/bw7.1/hpQ4
trail_stubborn,76043,76044,381,6,5.0,0.3297294244236074,vcD4/deg6/bw5.0/hpQ3
trail_stubborn,89256,89257,396,7,10.2,0.2281547978409189,vcD4/deg7/bw10.2/hpQ1
trail_stubborn,161349,161350,915,3,14.6,0.3349244931377773,vcD10/deg3/bw14.6/hpQ3
trail_stubborn,149492,149493,408,6,20.9,0.2779592827386458,vcD4/deg6/bw20.9/hpQ2
trail_stubborn,150246,150247,372,4,10.2,0.4071129309119736,vcD4/deg4/bw10.2/hpQ4
trail_stubborn,232635,232636,116,3,42.7,0.3461077870164497,vcD1/deg3/bw42.7/hpQ3
trail_stubborn,112468,112469,297,4,20.9,0.2070972729458678,vcD3/deg4/bw20.9/hpQ1
trail_stubborn,22505,22506,808,7,29.9,0.4911132375299709,vcD9/deg7/bw29.9/hpQ5
trail_stubborn,248470,248471,306,6,20.9,0.3239323376009491,vcD3/deg6/bw20.9/hpQ3
trail_stubborn,124237,124238,544,6,10.2,0.3509947337216052,vcD6/deg6/bw10.2/hpQ3
trail_stubborn,188388,188389,517,2,14.6,0.2129379249701362,vcD6/deg2/bw14.6/hpQ1
trail_stubborn,225831,225832,965,5,87.4,0.4495856593533723,vcD10/deg5/bw87.4/hpQ5
trail_stubborn,221644,221645,310,5,42.7,0.2747520561924723,vcD3/deg5/bw42.7/hpQ2
trail_stubborn,182636,182637,374,7,42.7,0.469568977189866,vcD4/deg7/bw42.7/hpQ5
trail_stubborn,199746,199747,358,3,61.0,0.4071129309119736,vcD4/deg3/bw61.0/hpQ4
trail_stubborn,145513,145514,315,7,29.9,0.4312459512484686,vcD4/deg7/bw29.9/hpQ4
trail_stubborn,45600,45601,892,5,42.7,0.3857676334163057,vcD9/deg5/bw42.7/hpQ4
trail_stubborn,2218,2219,953,6,10.2,0.4954733651280948,vcD10/deg6/bw10.2/hpQ5
trail_stubborn,176450,176451,231,5,20.9,0.2182850515748211,vcD3/deg5/bw20.9/hpQ1
trail_stubborn,222458,222459,558,7,20.9,0.2977847312437251,vcD6/deg7/bw20.9/hpQ2
trail_stubborn,50799,50800,636,4,61.0,0.4158727914731683,vcD7/deg4/bw61.0/hpQ4
trail_stubborn,150199,150200,372,4,7.1,0.4158727914731683,vcD4/deg4/bw7.1/hpQ4
trail_stubborn,162310,162311,168,7,14.6,0.3777435584279705,vcD2/deg7/bw14.6/hpQ3
trail_stubborn,90719,90720,144,5,61.0,0.2461140406262255,vcD2/deg5/bw61.0/hpQ1
trail_stubborn,13753,13754,582,3,61.0,0.3585232711576509,vcD6/deg3/bw61.0/hpQ3
trail_stubborn,64227,64228,587,3,10.2,0.4304538627565802,vcD6/deg3/bw10.2/hpQ4
trail_stubborn,205111,205112,436,8,7.1,0.3985108847427614,vcD5/deg8/bw7.1/hpQ4
trail_stubborn,209330,209331,454,4,14.6,0.2689147210983604,vcD5/deg4/bw14.6/hpQ2
trail_stubborn,24281,24282,957,2,10.2,0.3128186843462212,vcD10/deg2/bw10.2/hpQ2
trail_stubborn,109808,109809,170,3,87.4,0.2331676534838964,vcD2/deg3/bw87.4/hpQ1
trail_stubborn,128924,128925,32,6,125.0,0.454095890072901,vcD1/deg6/bw125.0/hpQ5
trail_stubborn,210339,210340,235,7,14.6,0.2501126952506121,vcD3/deg7/bw14.6/hpQ1
trail_stubborn,88719,88720,301,8,61.0,0.2461140406262255,vcD3/deg8/bw61.0/hpQ1
trail_stubborn,129820,129821,73,8,87.4,0.2397567210258474,vcD1/deg8/bw87.4/hpQ1
trail_stubborn,133855,133856,851,6,87.4,0.4768512858671266,vcD9/deg6/bw87.4/hpQ5
trail_stubborn,19248,19249,136,4,10.2,0.3008118292997498,vcD2/deg4/bw10.2/hpQ2
trail_stubborn,238484,238485,629,6,20.9,0.4024582743628092,vcD7/deg6/bw20.9/hpQ4
trail_stubborn,190004,190005,187,2,5.0,0.4995762557070848,vcD2/deg2/bw5.0/hpQ5
trail_stubborn,58180,58181,555,2,7.1,0.2269416996374781,vcD6/deg2/bw7.1/hpQ1
trail_stubborn,38549,38550,63,2,29.9,0.3349244931377773,vcD1/deg2/bw29.9/hpQ3
trail_stubborn,249332,249333,649,5,14.6,0.2594311744995365,vcD7/deg5/bw14.6/hpQ1
trail_stubborn,161913,161914,915,3,125.0,0.4312459512484686,vcD10/deg3/bw125.0/hpQ4
trail_stubborn,216920,216921,825,5,125.0,0.2397567210258474,vcD9/deg5/bw125.0/hpQ1
trail_stubborn,128133,128134,32,6,7.1,0.4113840234518945,vcD1/deg6/bw7.1/hpQ4
trail_stubborn,90235,90236,144,5,10.2,0.3461077870164497,vcD2/deg5/bw10.2/hpQ3
trail_stubborn,234661,234662,138,8,42.7,0.3350709844137344,vcD2/deg8/bw42.7/hpQ3
trail_stubborn,157985,157986,920,3,125.0,0.4461023732799478,vcD10/deg3/bw125.0/hpQ5
trail_stubborn,132328,132329,206,4,14.6,0.2901917465581629,vcD2/deg4/bw14.6/hpQ2
trail_stubborn,46907,46908,677,6,125.0,0.3927810904963459,vcD7/deg6/bw125.0/hpQ4
trail_stubborn,151605,151606,346,7,42.7,0.4911132375299709,vcD4/deg7/bw42.7/hpQ5
trail_stubborn,197597,197598,482,5,29.9,0.21729239263723,vcD5/deg5/bw29.9/hpQ1
trail_stubborn,141787,141788,110,4,61.0,0.4229568538429628,vcD1/deg4/bw61.0/hpQ4
trail_stubborn,35339,35340,455,7,14.6,0.2501126952506121,vcD5/deg7/bw14.6/hpQ1
trail_stubborn,10656,10657,104,4,42.7,0.2281547978409189,vcD1/deg4/bw42.7/hpQ1
trail_stubborn,70558,70559,975,5,29.9,0.2977847312437251,vcD10/deg5/bw29.9/hpQ2
trail_stubborn,214930,214931,264,6,125.0,0.2689147210983604,vcD3/deg6/bw125.0/hpQ2
trail_stubborn,7851,7852,564,3,87.4,0.3898718220747056,vcD6/deg3/bw87.4/hpQ4
trail_stubborn,180571,180572,535,5,29.9,0.3156406422303758,vcD6/deg5/bw29.9/hpQ2
trail_stubborn,101736,101737,887,5,61.0,0.469568977189866,vcD9/deg5/bw61.0/hpQ5
trail_stubborn,30385,30386,336,6,14.6,0.4461023732799478,vcD4/deg6/bw14.6/hpQ5
trail_stubborn,200168,200169,697,7,7.1,0.2070972729458678,vcD7/deg7/bw7.1/hpQ1
trail_stubborn,20133,20134,865,7,7.1,0.4113840234518945,vcD9/deg7/bw7.1/hpQ4
trail_stubborn,178140,178141,508,7,7.1,0.3883150820571905,vcD5/deg7/bw7.1/hpQ4
trail_stubborn,181386,181387,736,4,14.6,0.3108669576156866,vcD8/deg4/bw14.6/hpQ2
trail_stubborn,245398,245399,288,8,14.6,0.3227365905845993,vcD3/deg8/bw14.6/hpQ3
trail_stubborn,144348,144349,723,2,14.6,0.3008118292997498,vcD8/deg2/bw14.6/hpQ2
trail_stubborn,230293,230294,708,6,10.2,0.2857700497959219,vcD8/deg6/bw10.2/hpQ2
trail_stubborn,70093,70094,975,5,5.0,0.2857700497959219,vcD10/deg5/bw5.0/hpQ2
trail_stubborn,161175,161176,915,3,7.1,0.3027820674966874,vcD10/deg3/bw7.1/hpQ2
trail_stubborn,126070,126071,671,6,5.0,0.3239323376009491,vcD7/deg6/bw5.0/hpQ3
trail_stubborn,52848,52849,404,8,87.4,0.3008118292997498,vcD4/deg8/bw87.4/hpQ2
trail_stubborn,119046,119047,766,7,5.0,0.4071129309119736,vcD8/deg7/bw5.0/hpQ4
trail_stubborn,39873,39874,219,5,87.4,0.4831039344913304,vcD3/deg5/bw87.4/hpQ5
trail_stubborn,26443,26444,469,5,20.9,0.3297294244236074,vcD5/deg5/bw20.9/hpQ3
trail_stubborn,157727,157728,920,3,61.0,0.4304538627565802,vcD10/deg3/bw61.0/hpQ4
trail_stubborn,217993,217994,262,5,125.0,0.2857700497959219,vcD3/deg5/bw125.0/hpQ2
trail_stubborn,157027,157028,920,3,5.0,0.4304538627565802,vcD10/deg3/bw5.0/hpQ4
trail_stubborn,244903,244904,414,4,125.0,0.2627648343443758,vcD5/deg4/bw125.0/hpQ2
trail_stubborn,18199,18200,871,3,7.1,0.4158727914731683,vcD9/deg3/bw7.1/hpQ4
trail_stubborn,165633,165634,713,5,42.7,0.4113840234518945,vcD8/deg5/bw42.7/hpQ4
trail_stubborn,146111,146112,829,7,7.1,0.3985108847427614,vcD9/deg7/bw7.1/hpQ4
trail_stubborn,21094,21095,213,6,5.0,0.3751229337419657,vcD2/deg6/bw5.0/hpQ3
trail_stubborn,208219,208220,512,4,10.2,0.2461140406262255,vcD6/deg4/bw10.2/hpQ1
trail_stubborn,28910,28911,939,2,125.0,0.3777435584279705,vcD10/deg2/bw125.0/hpQ3
trail_stubborn,241874,241875,605,5,87.4,0.2525545317138812,vcD6/deg5/bw87.4/hpQ1
trail_stubborn,174225,174226,800,5,10.2,0.2702561230694959,vcD8/deg5/bw10.2/hpQ2
trail_stubborn,133451,133452,851,6,20.9,0.3898718220747056,vcD9/deg6/bw20.9/hpQ4
trail_stubborn,65791,65792,488,5,61.0,0.3544902343139808,vcD5/deg5/bw61.0/hpQ3
trail_stubborn,222679,222680,558,7,42.7,0.2816906079992455,vcD6/deg7/bw42.7/hpQ2
trail_stubborn,82309,82310,994,4,14.6,0.4737946714611262,vcD10/deg4/bw14.6/hpQ5
trail_stubborn,168050,168051,548,5,5.0,0.2182850515748211,vcD6/deg5/bw5.0/hpQ1
trail_stubborn,228987,228988,271,4,125.0,0.4229568538429628,vcD3/deg4/bw125.0/hpQ4
trail_stubborn,43037,43038,392,6,5.0,0.3509947337216052,vcD4/deg6/bw5.0/hpQ3
trail_stubborn,203378,203379,601,6,14.6,0.3642632456563252,vcD6/deg6/bw14.6/hpQ3
trail_stubborn,206506,206507,790,7,29.9,0.4657787213448116,vcD8/deg7/bw29.9/hpQ5
trail_stubborn,117237,117238,267,3,10.2,0.3509947337216052,vcD3/deg3/bw10.2/hpQ3
trail_stubborn,177913,177914,147,5,125.0,0.4312459512484686,vcD2/deg5/bw125.0/hpQ4
trail_stubborn,168902,168903,548,5,125.0,0.405342196225377,vcD6/deg5/bw125.0/hpQ4
trail_stubborn,35767,35768,455,7,61.0,0.3706046305857265,vcD5/deg7/bw61.0/hpQ3
trail_stubborn,71748,71749,353,7,61.0,0.3008118292997498,vcD4/deg7/bw61.0/hpQ2
trail_stubborn,143757,143758,658,3,61.0,0.3409275648695138,vcD7/deg3/bw61.0/hpQ3
trail_stubborn,120255,120256,86,2,10.2,0.4768512858671266,vcD1/deg2/bw10.2/hpQ5
trail_stubborn,74761,74762,351,4,61.0,0.3350709844137344,vcD4/deg4/bw61.0/hpQ3
trail_stubborn,46552,46553,677,6,29.9,0.366882515038515,vcD7/deg6/bw29.9/hpQ3
trail_stubborn,206036,206037,790,7,5.0,0.469568977189866,vcD8/deg7/bw5.0/hpQ5
trail_stubborn,209273,209274,454,4,10.2,0.4831039344913304,vcD5/deg4/bw10.2/hpQ5
trail_stubborn,93871,93872,153,8,87.4,0.3156406422303758,vcD2/deg8/bw87.4/hpQ2
trail_stubborn,222835,222836,558,7,87.4,0.3461077870164497,vcD6/deg7/bw87.4/hpQ3
trail_stubborn,38630,38631,63,2,42.7,0.2689147210983604,vcD1/deg2/bw42.7/hpQ2
trail_stubborn,212661,212662,700,6,42.7,0.3350709844137344,vcD7/deg6/bw42.7/hpQ3
trail_stubborn,122668,122669,956,3,42.7,0.2070972729458678,vcD10/deg3/bw42.7/hpQ1
trail_stubborn,235729,235730,812,2,61.0,0.2039812783100412,vcD9/deg2/bw61.0/hpQ1
trail_stubborn,152750,152751,909,5,61.0,0.2182850515748211,vcD10/deg5/bw61.0/hpQ1
trail_stubborn,14838,14839,618,4,87.4,0.4790241755215713,vcD7/deg4/bw87.4/hpQ5
trail_stubborn,155484,155485,985,8,20.9,0.4024582743628092,vcD10/deg8/bw20.9/hpQ4
trail_stubborn,158942,158943,875,3,125.0,0.3733963553970497,vcD9/deg3/bw125.0/hpQ3
trail_stubborn,30728,30729,336,6,61.0,0.2901917465581629,vcD4/deg6/bw61.0/hpQ2
trail_stubborn,237346,237347,523,3,14.6,0.4071129309119736,vcD6/deg3/bw14.6/hpQ4
trail_stubborn,85732,85733,945,7,61.0,0.2594311744995365,vcD10/deg7/bw61.0/hpQ1
trail_stubborn,191086,191087,732,3,5.0,0.3108669576156866,vcD8/deg3/bw5.0/hpQ2
trail_stubborn,174798,174799,800,5,61.0,0.3227365905845993,vcD8/deg5/bw61.0/hpQ3
trail_stubborn,182265,182266,374,7,10.2,0.4409284566649496,vcD4/deg7/bw10.2/hpQ5
trail_stubborn,110013,110014,199,6,5.0,0.4312459512484686,vcD2/deg6/bw5.0/hpQ4
trail_stubborn,137798,137799,158,5,61.0,0.3227365905845993,vcD2/deg5/bw61.0/hpQ3
trail_stubborn,2302,2303,953,6,14.6,0.405342196225377,vcD10/deg6/bw14.6/hpQ4
trail_stubborn,185027,185028,411,7,5.0,0.4304538627565802,vcD4/deg7/bw5.0/hpQ4
trail_stubborn,173678,173679,69,3,42.7,0.3642632456563252,vcD1/deg3/bw42.7/hpQ3
trail_stubborn,160679,160680,685,4,42.7,0.2816906079992455,vcD7/deg4/bw42.7/hpQ2
trail_stubborn,118771,118772,928,4,61.0,0.3156406422303758,vcD10/deg4/bw61.0/hpQ2
trail_stubborn,178315,178316,508,7,14.6,0.4208942434349683,vcD5/deg7/bw14.6/hpQ4
trail_stubborn,156774,156775,462,8,61.0,0.2525545317138812,vcD5/deg8/bw61.0/hpQ1
trail_stubborn,90484,90485,144,5,20.9,0.4024582743628092,vcD2/deg5/bw20.9/hpQ4
trail_stubborn,119857,119858,766,7,87.4,0.3409275648695138,vcD8/deg7/bw87.4/hpQ3
trail_stubborn,93372,93373,153,8,14.6,0.2631399047202775,vcD2/deg8/bw14.6/hpQ2
trail_stubborn,85085,85086,945,7,5.0,0.4461023732799478,vcD10/deg7/bw5.0/hpQ5
trail_stubborn,208065,208066,512,4,5.0,0.4409284566649496,vcD6/deg4/bw5.0/hpQ5
trail_stubborn,63703,63704,328,2,61.0,0.2627648343443758,vcD4/deg2/bw61.0/hpQ2
trail_stubborn,126362,126363,671,6,14.6,0.4714045721788255,vcD7/deg6/bw14.6/hpQ5
