system_config_id,validator_count,node_degree,bandwidth,block_creation_interval,max_block_size,n_attacker_configs_used,P_bar_i,P_bar_i_ci_low,P_bar_i_ci_high,B_bar_i,V_bar_i,Dbar_plus_i,Dbar_plus_i_ci_low,Dbar_plus_i_ci_high,V_reorg_i
1,195,2,5.0,1117112,2763342,5,0.605,,,1.5964010282776349,0.621,2.0148760330578512,,,1.219
2,195,2,7.1,1117112,2763342,2,0.575,,,1.6616541353383458,0.5525,2.0130434782608697,,,1.1575
3,195,2,10.2,1117112,2763342,5,0.5599999999999999,0.415,0.6350833333333333,1.7046153846153846,0.554,2.007142857142857,2.0,2.0090723137280624,1.124
4,195,2,14.6,1117112,2763342,1,0.445,,,1.826086956521739,0.42,2.0112359550561796,,,0.8949999999999999
5,195,2,20.9,1117112,2763342,5,0.6439999999999999,,,1.6548913043478262,0.609,2.001552795031056,,,1.289
6,195,2,29.9,1117112,2763342,4,0.605,,,1.5904436860068258,0.5825,2.006198347107438,,,1.21375
7,195,2,42.7,1117112,2763342,5,0.557,0.47750000000000004,0.6478541666666667,1.6952380952380952,0.534,2.0035906642728905,2.0,2.007755419810756,1.116
8,195,2,61.0,1117112,2763342,6,0.6516666666666667,0.5424624999999998,0.7520416666666667,1.7328605200945626,0.6108333333333333,2.002557544757033,2.0,2.006756756756757,1.305
9,195,2,87.4,1117112,2763342,4,0.58,,,1.6781609195402298,0.5475,2.002155172413793,,,1.16125
10,195,2,125.0,1117112,2763342,2,0.5549999999999999,,,1.596638655462185,0.475,2.0,,,1.11
11,57,6,5.0,143476,3082676,2,0.6074999999999999,,,2.0884353741496597,0.7675,2.0,,,1.215
12,57,6,7.1,143476,3082676,3,0.5216666666666666,,,1.7958115183246073,0.5716666666666667,2.0,,,1.0433333333333332
13,57,6,10.2,143476,3082676,6,0.5141666666666668,0.38426190476190475,0.6418750000000001,1.8865435356200528,0.5958333333333333,2.0,2.0,2.0,1.0283333333333333
14,57,6,14.6,143476,3082676,4,0.535,,,1.869047619047619,0.58875,2.0023364485981308,,,1.07125
15,57,6,20.9,143476,3082676,3,0.38000000000000006,,,1.8273381294964028,0.42333333333333334,2.0,,,0.76
16,57,6,29.9,143476,3082676,2,0.4475,,,1.6936936936936937,0.47,2.0,,,0.895
17,57,6,42.7,143476,3082676,3,0.6333333333333333,,,1.7932489451476794,0.7083333333333334,2.0026315789473683,,,1.2683333333333333
18,57,6,61.0,143476,3082676,4,0.53375,,,1.9273504273504274,0.56375,2.002341920374707,,,1.06875
19,57,6,87.4,143476,3082676,3,0.5916666666666667,,,1.8387096774193548,0.665,2.0028169014084507,,,1.185
20,57,6,125.0,143476,3082676,4,0.4525,,,1.855140186915888,0.49625,2.0,,,0.905
21,953,6,5.0,1197932,5801972,2,0.59,,,2.026666666666667,0.76,2.0,,,1.18
22,953,6,7.1,1197932,5801972,2,0.3775,,,1.8,0.4275,2.0,,,0.755
23,953,6,10.2,1197932,5801972,2,0.4925,,,1.8114754098360655,0.5525,2.0,,,0.985
24,953,6,14.6,1197932,5801972,4,0.5549999999999999,,,1.9625468164794007,0.655,2.0,,,1.11
25,953,6,20.9,1197932,5801972,3,0.4633333333333334,,,1.9281437125748504,0.5366666666666666,2.0,,,0.9266666666666666
26,953,6,29.9,1197932,5801972,5,0.41900000000000004,,,1.8643410852713178,0.481,2.0023866348448687,,,0.839
27,953,6,42.7,1197932,5801972,5,0.41400000000000003,,,1.8924302788844622,0.475,2.0,,,0.828
28,953,6,61.0,1197932,5801972,6,0.47833333333333333,0.3346666666666666,0.630125,1.8936170212765957,0.5191666666666667,2.005226480836237,2.0,2.012243295590145,0.9591666666666666
29,953,6,87.4,1197932,5801972,4,0.43999999999999995,,,1.9113300492610839,0.485,2.002840909090909,,,0.88125
30,953,6,125.0,1197932,5801972,3,0.43333333333333335,,,1.8376623376623376,0.4716666666666667,2.0,,,0.8666666666666667
31,842,2,5.0,1031839,587281,6,0.4833333333333334,0.43825,0.5351250000000001,1.5384615384615385,0.5,2.0120689655172415,2.0,2.0285698051948056,0.9725
32,842,2,7.1,1031839,587281,4,0.60625,,,1.6418918918918919,0.6075,2.0185567010309278,,,1.22375
33,842,2,10.2,1031839,587281,4,0.515,,,1.599250936329588,0.53375,2.0145631067961167,,,1.0375
34,842,2,14.6,1031839,587281,1,0.46,,,1.5573770491803278,0.475,2.0,,,0.92
35,842,2,20.9,1031839,587281,6,0.55,0.43499999999999994,0.6601250000000001,1.6009501187648456,0.5616666666666666,2.007575757575758,2.0,2.012247235139591,1.1041666666666667
36,842,2,29.9,1031839,587281,5,0.5159999999999999,,,1.6083086053412463,0.542,2.003875968992248,,,1.034
37,842,2,42.7,1031839,587281,3,0.715,,,1.6422764227642277,0.6733333333333333,2.0,,,1.43
38,842,2,61.0,1031839,587281,4,0.58375,,,1.6272401433691757,0.5675,2.0,,,1.1675
39,842,2,87.4,1031839,587281,5,0.583,0.471825,0.6720250000000001,1.6466876971608833,0.522,2.0,2.0,2.0,1.166
40,842,2,125.0,1031839,587281,3,0.5700000000000001,,,1.6647727272727273,0.48833333333333334,2.0,,,1.14
41,599,8,5.0,940127,5147543,3,0.49500000000000005,,,1.8241758241758241,0.5533333333333333,2.0,,,0.99
42,599,8,7.1,940127,5147543,3,0.45999999999999996,,,1.8305084745762712,0.54,2.003623188405797,,,0.9216666666666666
43,599,8,10.2,940127,5147543,3,0.5233333333333333,,,1.9540229885057472,0.5666666666666667,2.0,,,1.0466666666666666
44,599,8,14.6,940127,5147543,3,0.585,,,1.9764150943396226,0.6983333333333334,2.0,,,1.17
45,599,8,20.9,940127,5147543,6,0.49,0.34743749999999995,0.635,1.9008264462809918,0.575,2.0,2.0,2.0,0.98
46,599,8,29.9,940127,5147543,5,0.429,0.315,0.5375,1.7864768683274022,0.502,2.0,2.0,2.0,0.858
47,599,8,42.7,940127,5147543,2,0.565,,,1.9147286821705427,0.6175,2.0,,,1.13
48,599,8,61.0,940127,5147543,6,0.4708333333333334,0.3869375,0.51801875,1.913946587537092,0.5375,2.0,2.0,2.0,0.9416666666666667
49,599,8,87.4,940127,5147543,5,0.43499999999999994,,,1.9224806201550388,0.496,2.0022988505747126,,,0.871
50,599,8,125.0,940127,5147543,4,0.4075,,,1.8385416666666667,0.44125,2.0,,,0.815
51,29,8,5.0,890055,4550282,6,0.4483333333333333,0.3756,0.5131718749999999,1.8164556962025316,0.47833333333333333,2.003717472118959,2.0,2.007222591133907,0.8983333333333333
52,29,8,7.1,890055,4550282,5,0.508,,,1.8571428571428572,0.546,2.0059055118110236,,,1.019
53,29,8,10.2,890055,4550282,3,0.6183333333333333,,,1.9022222222222223,0.7133333333333334,2.0026954177897576,,,1.2383333333333333
54,29,8,14.6,890055,4550282,5,0.48699999999999993,0.34833333333333333,0.5850624999999999,1.8934707903780068,0.551,2.0020533880903493,2.0,2.0056497175141246,0.975
55,29,8,20.9,890055,4550282,5,0.46299999999999997,,,1.823943661971831,0.518,2.002159827213823,,,0.927
56,29,8,29.9,890055,4550282,6,0.5175,,,1.830188679245283,0.5658333333333333,2.003220611916264,,,1.0366666666666666
57,29,8,42.7,890055,4550282,4,0.445,,,1.9118942731277533,0.5425,2.002808988764045,,,0.89125
58,29,8,61.0,890055,4550282,3,0.5316666666666666,,,1.816831683168317,0.6116666666666667,2.0,,,1.0633333333333332
59,29,8,87.4,890055,4550282,2,0.4125,,,1.766990291262136,0.455,2.0,,,0.825
60,29,8,125.0,890055,4550282,6,0.5233333333333333,0.42154166666666665,0.6366875000000001,1.839779005524862,0.555,2.001592356687898,2.0,2.005664780763791,1.0475
61,645,7,5.0,690687,2454771,3,0.47,,,1.8864864864864865,0.5816666666666667,2.0,,,0.94
62,645,7,7.1,690687,2454771,5,0.504,,,1.962837837837838,0.581,2.001984126984127,,,1.009
63,645,7,10.2,690687,2454771,3,0.4383333333333333,,,1.9325153374233128,0.525,2.0,,,0.8766666666666667
64,645,7,14.6,690687,2454771,2,0.4375,,,1.8349514563106797,0.4725,2.0,,,0.875
65,645,7,20.9,690687,2454771,4,0.40875,,,1.8714285714285714,0.49125,2.00611620795107,,,0.82
66,645,7,29.9,690687,2454771,3,0.5766666666666667,,,1.9304347826086956,0.74,2.008670520231214,,,1.1583333333333334
67,645,7,42.7,690687,2454771,3,0.6066666666666666,,,2.041860465116279,0.7316666666666667,2.0027472527472527,,,1.215
68,645,7,61.0,690687,2454771,5,0.509,,,1.8693009118541033,0.615,2.0078585461689586,,,1.022
69,645,7,87.4,690687,2454771,5,0.449,,,1.981060606060606,0.523,2.002227171492205,,,0.899
70,645,7,125.0,690687,2454771,4,0.45375,,,1.8243243243243243,0.50625,2.0,,,0.9075
71,564,3,5.0,1012372,3981310,1,0.245,,,1.606060606060606,0.265,2.0,,,0.49
72,564,3,7.1,1012372,3981310,7,0.4307142857142857,0.32894166666666674,0.5490250000000001,1.8438356164383563,0.4807142857142857,2.001658374792703,2.0,2.0056818181818183,0.8621428571428571
73,564,3,10.2,1012372,3981310,3,0.3916666666666666,,,1.7259259259259259,0.3883333333333333,2.0,,,0.7833333333333333
74,564,3,14.6,1012372,3981310,2,0.5775,,,1.8,0.6075,2.0043290043290045,,,1.1575
75,564,3,20.9,1012372,3981310,6,0.5183333333333332,0.44495,0.6268781250000001,1.8506666666666667,0.5783333333333334,2.0,2.0,2.0,1.0366666666666666
76,564,3,29.9,1012372,3981310,2,0.355,,,1.7586206896551724,0.3825,2.0,,,0.71
77,564,3,42.7,1012372,3981310,6,0.4533333333333334,0.35124375,0.5764625000000001,1.8675496688741722,0.47,2.005514705882353,2.0,2.01048902916422,0.9091666666666667
78,564,3,61.0,1012372,3981310,4,0.50125,,,1.8242677824267783,0.545,2.0,,,1.0025
79,564,3,87.4,1012372,3981310,3,0.6083333333333334,,,1.8308457711442787,0.6133333333333333,2.0082191780821916,,,1.2216666666666667
80,564,3,125.0,1012372,3981310,3,0.39333333333333337,,,1.7985611510791366,0.4166666666666667,2.0,,,0.7866666666666666
81,365,3,5.0,582801,3620340,5,0.489,,,1.865203761755486,0.595,2.0040899795501024,,,0.98
82,365,3,7.1,582801,3620340,5,0.49499999999999994,,,1.8754578754578755,0.512,2.004040404040404,,,0.992
83,365,3,10.2,582801,3620340,2,0.4275,,,1.7980769230769231,0.4675,2.0058479532163744,,,0.8575
84,365,3,14.6,582801,3620340,2,0.4075,,,2.0106382978723403,0.4725,2.0061349693251533,,,0.8175
85,365,3,20.9,582801,3620340,6,0.39333333333333337,,,1.7912457912457913,0.44333333333333336,2.0042372881355934,,,0.7883333333333333
86,365,3,29.9,582801,3620340,3,0.44333333333333336,,,1.8980891719745223,0.49666666666666665,2.007518796992481,,,0.89
87,365,3,42.7,582801,3620340,5,0.43599999999999994,0.294875,0.58025,1.8472727272727272,0.508,2.0045871559633026,2.0,2.0146471902937417,0.874
88,365,3,61.0,582801,3620340,2,0.485,,,1.8214285714285714,0.51,2.0,,,0.97
89,365,3,87.4,582801,3620340,5,0.48,,,1.8823529411764706,0.512,2.0104166666666665,,,0.965
90,365,3,125.0,582801,3620340,5,0.5039999999999999,,,1.8529411764705883,0.567,2.003968253968254,,,1.01
91,963,5,5.0,650552,1655147,3,0.5033333333333333,,,2.0274725274725274,0.615,2.0033112582781456,,,1.0083333333333333
92,963,5,7.1,650552,1655147,2,0.45499999999999996,,,1.8818181818181818,0.5175,2.0054945054945055,,,0.9125
93,963,5,10.2,650552,1655147,6,0.35333333333333333,,,1.817829457364341,0.3908333333333333,2.0,,,0.7066666666666667
94,963,5,14.6,650552,1655147,3,0.47333333333333333,,,1.9034090909090908,0.5583333333333333,2.0035211267605635,,,0.9483333333333334
95,963,5,20.9,650552,1655147,3,0.6266666666666666,,,1.9780701754385965,0.7516666666666667,2.002659574468085,,,1.255
96,963,5,29.9,650552,1655147,4,0.47625,,,1.8761467889908257,0.51125,2.0026246719160103,,,0.95375
97,963,5,42.7,650552,1655147,7,0.45142857142857146,0.345434375,0.5491875,1.8790322580645162,0.4992857142857143,2.0031645569620253,2.0,2.007777524184062,0.9042857142857142
98,963,5,61.0,650552,1655147,4,0.45375,,,1.939252336448598,0.51875,2.0082644628099175,,,0.91125
99,963,5,87.4,650552,1655147,2,0.505,,,1.8440366972477065,0.5025,2.0,,,1.01
100,963,5,125.0,650552,1655147,5,0.4620000000000001,,,1.967032967032967,0.537,2.0,,,0.924
101,104,4,5.0,637257,4082743,4,0.46625,,,1.908296943231441,0.54625,2.0,,,0.9325
102,104,4,7.1,637257,4082743,1,0.37,,,1.9111111111111112,0.43,2.0,,,0.74
103,104,4,10.2,637257,4082743,3,0.4916666666666667,,,1.920731707317073,0.525,2.006779661016949,,,0.9866666666666667
104,104,4,14.6,637257,4082743,3,0.5866666666666668,,,1.7899159663865547,0.71,2.002840909090909,,,1.175
105,104,4,20.9,637257,4082743,2,0.5325,,,2.007936507936508,0.6325,2.004694835680751,,,1.0675
106,104,4,29.9,637257,4082743,4,0.43,,,1.8311111111111111,0.515,2.005813953488372,,,0.8625
107,104,4,42.7,637257,4082743,2,0.465,,,1.8181818181818181,0.45,2.010752688172043,,,0.935
108,104,4,61.0,637257,4082743,3,0.49666666666666665,,,1.883435582822086,0.5116666666666667,2.0033557046979866,,,0.995
109,104,4,87.4,637257,4082743,3,0.46,,,1.7777777777777777,0.5066666666666667,2.0,,,0.92
110,104,4,125.0,637257,4082743,9,0.4799999999999999,0.38185,0.5697976190476192,1.8726235741444868,0.5472222222222223,2.0046296296296298,2.0,2.010870005429708,0.9622222222222222
111,642,5,5.0,1074544,2702765,6,0.5141666666666667,0.39975,0.6316875000000001,1.950904392764858,0.6291666666666667,2.004862236628849,2.0,2.0111374610971615,1.0308333333333333
112,642,5,7.1,1074544,2702765,5,0.479,,,1.8846153846153846,0.539,2.0,,,0.958
113,642,5,10.2,1074544,2702765,5,0.4130000000000001,,,1.81496062992126,0.461,2.002421307506053,,,0.827
114,642,5,14.6,1074544,2702765,6,0.4716666666666667,0.35975000000000007,0.565125,1.9553571428571428,0.5475,2.0053003533568905,2.0,2.011965811965812,0.9458333333333333
115,642,5,20.9,1074544,2702765,1,0.28,,,1.8214285714285714,0.255,2.0,,,0.56
116,642,5,29.9,1074544,2702765,3,0.5366666666666667,,,1.9947368421052631,0.6316666666666667,2.0093167701863353,,,1.0783333333333334
117,642,5,42.7,1074544,2702765,4,0.48874999999999996,,,1.99581589958159,0.59625,2.002557544757033,,,0.97875
118,642,5,61.0,1074544,2702765,2,0.58,,,1.88,0.705,2.0043103448275863,,,1.1625
119,642,5,87.4,1074544,2702765,7,0.43857142857142856,0.3175,0.5580267857142859,1.8870967741935485,0.5014285714285714,2.004885993485342,2.0,2.0089205969469126,0.8792857142857143
120,642,5,125.0,1074544,2702765,7,0.49142857142857144,0.39373125,0.6204375000000001,1.9214780600461894,0.5942857142857143,2.004360465116279,2.0,2.0101458706690565,0.985
121,621,7,5.0,424702,2860996,5,0.517,,,1.8729641693811074,0.575,2.0,,,1.034
122,621,7,7.1,424702,2860996,5,0.551,0.43662500000000004,0.6500178571428572,2.008522727272727,0.707,2.0018148820326678,2.0,2.007765780730897,1.103
123,621,7,10.2,424702,2860996,3,0.46166666666666667,,,1.7604790419161678,0.49,2.0072202166064983,,,0.9266666666666666
124,621,7,14.6,424702,2860996,5,0.477,,,1.8027210884353742,0.53,2.0041928721174003,,,0.956
125,621,7,20.9,424702,2860996,3,0.5316666666666667,,,1.8974358974358974,0.6166666666666667,2.0,,,1.0633333333333332
126,621,7,29.9,424702,2860996,5,0.46699999999999997,,,1.9719298245614034,0.562,2.0085653104925054,,,0.938
127,621,7,42.7,424702,2860996,5,0.40499999999999997,,,1.9444444444444444,0.49,2.0024691358024693,,,0.811
128,621,7,61.0,424702,2860996,5,0.553,,,1.848137535816619,0.645,2.003616636528029,,,1.108
129,621,7,87.4,424702,2860996,3,0.43166666666666664,,,1.858974358974359,0.48333333333333334,2.003861003861004,,,0.865
130,621,7,125.0,424702,2860996,3,0.5033333333333333,,,1.8592233009708738,0.6383333333333333,2.013245033112583,,,1.0133333333333334
131,582,3,5.0,208567,3850795,4,0.5825,,,1.8627450980392157,0.7125,2.004291845493562,,,1.1675
132,582,3,7.1,208567,3850795,2,0.43000000000000005,,,1.8365384615384615,0.4775,2.0,,,0.86
133,582,3,10.2,208567,3850795,5,0.514,,,1.771604938271605,0.574,2.0,,,1.028
134,582,3,14.6,208567,3850795,4,0.41250000000000003,,,1.774869109947644,0.42375,2.003030303030303,,,0.82625
135,582,3,20.9,208567,3850795,5,0.504,0.3,0.620125,1.9433333333333334,0.583,2.0,2.0,2.0,1.008
136,582,3,29.9,208567,3850795,8,0.38625,0.3089833333333334,0.4655499999999999,1.7581863979848866,0.43625,2.001618122977346,2.0,2.0042735042735043,0.773125
137,582,3,42.7,208567,3850795,5,0.5479999999999999,0.40070833333333333,0.68178125,1.862258953168044,0.676,2.0054744525547443,2.0,2.010159736903923,1.099
138,582,3,61.0,208567,3850795,1,0.54,,,1.9137931034482758,0.555,2.0,,,1.08
139,582,3,87.4,208567,3850795,5,0.506,0.369625,0.645,1.7563291139240507,0.555,2.0019762845849804,2.0,2.005167958656331,1.013
140,582,3,125.0,208567,3850795,4,0.58125,,,1.8788927335640138,0.67875,2.0129032258064514,,,1.17
141,618,4,5.0,1062757,1523951,2,0.4725,,,1.7475728155339805,0.45,2.0,,,0.945
142,618,4,7.1,1062757,1523951,3,0.5666666666666665,,,1.7969543147208122,0.59,2.0029411764705882,,,1.135
143,618,4,10.2,1062757,1523951,5,0.481,,,1.9901639344262294,0.607,2.008316008316008,,,0.966
144,618,4,14.6,1062757,1523951,5,0.512,,,1.8349514563106797,0.567,2.005859375,,,1.027
145,618,4,20.9,1062757,1523951,6,0.47833333333333333,,,1.8441176470588236,0.5225,2.005226480836237,,,0.9591666666666666
146,618,4,29.9,1062757,1523951,3,0.325,,,1.829059829059829,0.3566666666666667,2.005128205128205,,,0.6516666666666666
147,618,4,42.7,1062757,1523951,4,0.505,,,1.8387096774193548,0.57,2.0024752475247523,,,1.01125
148,618,4,61.0,1062757,1523951,3,0.5033333333333333,,,1.850828729281768,0.5583333333333333,2.013245033112583,,,1.0133333333333334
149,618,4,87.4,1062757,1523951,2,0.615,,,1.9166666666666667,0.69,2.0040650406504064,,,1.2325
150,618,4,125.0,1062757,1523951,6,0.48000000000000004,0.3365958333333333,0.6116785714285715,1.945619335347432,0.5366666666666666,2.0034722222222223,2.0,2.005670971364402,0.9616666666666667
151,855,7,5.0,947189,7772393,4,0.36624999999999996,,,1.7357512953367875,0.41875,2.0034129692832763,,,0.73375
152,855,7,7.1,947189,7772393,2,0.5225,,,1.7380952380952381,0.5475,2.0,,,1.045
153,855,7,10.2,947189,7772393,8,0.46625,0.36361875,0.5559999999999999,1.980891719745223,0.583125,2.0013404825737267,2.0,2.0051020408163263,0.933125
154,855,7,14.6,947189,7772393,4,0.36875,,,1.8011049723756907,0.4075,2.0,,,0.7375
155,855,7,20.9,947189,7772393,4,0.3875,0.285,0.48330000000000006,1.8571428571428572,0.43875,2.0,2.0,2.0,0.775
156,855,7,29.9,947189,7772393,4,0.36750000000000005,,,1.9259259259259258,0.455,2.006802721088435,,,0.7375
157,855,7,42.7,947189,7772393,4,0.51375,,,1.894736842105263,0.585,2.0,,,1.0275
158,855,7,61.0,947189,7772393,6,0.5383333333333332,,,2.0260416666666665,0.6483333333333333,2.0046439628482973,,,1.0791666666666666
159,855,7,87.4,947189,7772393,3,0.4166666666666667,,,1.8716216216216217,0.46166666666666667,2.004,,,0.835
160,855,7,125.0,947189,7772393,4,0.6125,0.49728125,0.685,1.901639344262295,0.725,2.0061224489795917,2.0,2.0101704545454546,1.22875
161,208,7,5.0,620168,5691464,2,0.6275,,,1.9712230215827338,0.685,2.0,,,1.255
162,208,7,7.1,620168,5691464,4,0.38749999999999996,,,1.8494623655913978,0.43,2.0064516129032257,,,0.7775
163,208,7,10.2,620168,5691464,5,0.367,0.27896249999999995,0.4875089285714286,1.8833333333333333,0.452,2.002724795640327,2.0,2.0041129976580794,0.735
164,208,7,14.6,620168,5691464,4,0.5399999999999999,,,1.9803921568627452,0.63125,2.0,,,1.08
165,208,7,20.9,620168,5691464,2,0.46,,,1.96,0.49,2.0,,,0.92
166,208,7,29.9,620168,5691464,5,0.533,,,1.9746031746031747,0.622,2.00375234521576,,,1.068
167,208,7,42.7,620168,5691464,4,0.515,,,1.8489795918367347,0.56625,2.0024271844660193,,,1.03125
168,208,7,61.0,620168,5691464,7,0.5135714285714286,0.43991071428571427,0.5792625000000001,1.9859484777517564,0.6057142857142858,2.0,2.0,2.0,1.0271428571428571
169,208,7,87.4,620168,5691464,5,0.471,0.25,0.6225,1.89198606271777,0.543,2.0,2.0,2.0,0.942
170,208,7,125.0,620168,5691464,4,0.42625,,,1.9523809523809523,0.5125,2.0,,,0.8525
171,747,8,5.0,1141429,6898054,4,0.495,,,1.871900826446281,0.56625,2.0,,,0.99
172,747,8,7.1,1141429,6898054,4,0.34375,,,1.8563218390804597,0.40375,2.0,,,0.6875
173,747,8,10.2,1141429,6898054,4,0.5925,,,1.7993527508090614,0.695,2.00210970464135,,,1.18625
174,747,8,14.6,1141429,6898054,4,0.3725,,,1.772972972972973,0.41,2.0,,,0.745
175,747,8,20.9,1141429,6898054,4,0.4125,,,1.8792270531400965,0.48625,2.0,,,0.825
176,747,8,29.9,1141429,6898054,4,0.45125,,,1.8798076923076923,0.48875,2.0027700831024933,,,0.90375
177,747,8,42.7,1141429,6898054,4,0.4475,,,1.8063063063063063,0.50125,2.0,,,0.895
178,747,8,61.0,1141429,6898054,4,0.5075000000000001,,,2.0223214285714284,0.56625,2.002463054187192,,,1.01625
179,747,8,87.4,1141429,6898054,4,0.40375000000000005,,,1.8579234972677596,0.425,2.0,,,0.8075
180,747,8,125.0,1141429,6898054,4,0.45,,,1.881057268722467,0.53375,2.0,,,0.9
181,871,3,5.0,1179798,7333864,4,0.44375000000000003,,,1.797029702970297,0.45375,2.0028169014084507,,,0.88875
182,871,3,7.1,1179798,7333864,3,0.5966666666666667,,,1.900497512437811,0.6366666666666667,2.0,,,1.1933333333333334
183,871,3,10.2,1179798,7333864,3,0.37333333333333335,,,1.7086614173228347,0.3616666666666667,2.0,,,0.7466666666666667
184,871,3,14.6,1179798,7333864,8,0.43624999999999997,0.36828571428571427,0.5036852272727274,1.8054298642533937,0.49875,2.0,2.0,2.0,0.8725
185,871,3,20.9,1179798,7333864,4,0.56375,,,1.8687943262411348,0.65875,2.002217294900222,,,1.12875
186,871,3,29.9,1179798,7333864,3,0.4583333333333333,,,1.793548387096774,0.4633333333333333,2.0,,,0.9166666666666666
187,871,3,42.7,1179798,7333864,2,0.5175000000000001,,,1.7881355932203389,0.5275,2.004830917874396,,,1.0375
188,871,3,61.0,1179798,7333864,5,0.39299999999999996,,,1.871900826446281,0.453,2.0,,,0.786
189,871,3,87.4,1179798,7333864,1,0.35,,,1.825,0.365,2.0,,,0.7
190,871,3,125.0,1179798,7333864,4,0.57375,,,1.8,0.6075,2.0043572984749454,,,1.15
191,136,4,5.0,153589,5645635,7,0.39285714285714285,0.27655357142857145,0.48754687500000005,1.8597883597883598,0.5021428571428571,2.0,2.0,2.0,0.7857142857142857
192,136,4,7.1,153589,5645635,4,0.49375,,,1.8267148014440433,0.6325,2.007594936708861,,,0.99125
193,136,4,10.2,153589,5645635,5,0.461,0.32,0.5753333333333334,1.8897058823529411,0.514,2.0,2.0,2.0,0.922
194,136,4,14.6,153589,5645635,4,0.45749999999999996,,,1.8808510638297873,0.5525,2.010928961748634,,,0.92
195,136,4,20.9,153589,5645635,3,0.67,,,1.9209486166007905,0.81,2.0,,,1.34
196,136,4,29.9,153589,5645635,2,0.4375,,,1.9158878504672898,0.5125,2.0,,,0.875
197,136,4,42.7,153589,5645635,7,0.5857142857142856,0.5507875000000001,0.6268906249999999,1.893223819301848,0.6585714285714286,2.0060975609756095,2.0016806722689076,2.010128950570127,1.175
198,136,4,61.0,153589,5645635,6,0.35749999999999993,,,1.742537313432836,0.38916666666666666,2.0,,,0.715
199,136,4,87.4,153589,5645635,2,0.45,,,1.962962962962963,0.53,2.0,,,0.9
200,136,4,125.0,153589,5645635,1,0.57,,,1.6865671641791045,0.565,2.017543859649123,,,1.15
201,865,7,5.0,412235,1832679,7,0.5435714285714286,0.46746875000000004,0.6635468750000001,1.9,0.6514285714285715,2.0013140604467807,2.0,2.0044642857142856,1.0878571428571429
202,865,7,7.1,412235,1832679,3,0.5466666666666666,,,1.8194444444444444,0.655,2.0060975609756095,,,1.0966666666666667
203,865,7,10.2,412235,1832679,3,0.4683333333333333,,,2.0324324324324325,0.6266666666666667,2.00355871886121,,,0.9383333333333334
204,865,7,14.6,412235,1832679,5,0.33599999999999997,,,1.9575471698113207,0.415,2.0029761904761907,,,0.673
205,865,7,20.9,412235,1832679,2,0.44499999999999995,,,1.798165137614679,0.49,2.0,,,0.89
206,865,7,29.9,412235,1832679,6,0.4566666666666667,,,1.8704819277108433,0.5175,2.0018248175182483,,,0.9141666666666667
207,865,7,42.7,412235,1832679,3,0.5166666666666667,,,2.0748663101604277,0.6466666666666666,2.0,,,1.0333333333333334
208,865,7,61.0,412235,1832679,5,0.367,,,1.8666666666666667,0.42,2.0,,,0.734
209,865,7,87.4,412235,1832679,6,0.5616666666666666,,,1.915,0.6383333333333333,2.0044510385756675,,,1.1258333333333332
210,865,7,125.0,412235,1832679,3,0.4333333333333334,,,2.0555555555555554,0.555,2.0115384615384615,,,0.8716666666666667
211,213,6,5.0,141762,3297552,3,0.555,,,1.8475336322869955,0.6866666666666666,2.0,,,1.11
212,213,6,7.1,141762,3297552,4,0.525,,,1.7226277372262773,0.59,2.0,,,1.05
213,213,6,10.2,141762,3297552,3,0.3499999999999999,,,1.9705882352941178,0.44666666666666666,2.0047619047619047,,,0.7016666666666667
214,213,6,14.6,141762,3297552,5,0.5389999999999999,,,1.8541666666666667,0.623,2.0018552875695734,,,1.079
215,213,6,20.9,141762,3297552,7,0.43785714285714283,,,1.8164383561643835,0.4735714285714286,2.0,,,0.8757142857142857
216,213,6,29.9,141762,3297552,4,0.4525,,,1.9178743961352658,0.49625,2.0,,,0.905
217,213,6,42.7,141762,3297552,7,0.48071428571428576,0.39365625,0.5589999999999999,1.7884130982367759,0.5071428571428571,2.0029717682020802,2.0,2.0067026289682537,0.9628571428571429
218,213,6,61.0,141762,3297552,6,0.4058333333333333,0.299828125,0.4933522727272728,1.8287671232876712,0.445,2.0020533880903493,2.0,2.0053404539385844,0.8125
219,213,6,87.4,141762,3297552,8,0.505,0.36544375,0.6500416666666667,1.8216432865731462,0.568125,2.003712871287129,2.0,2.007146164021164,1.011875
220,213,6,125.0,141762,3297552,2,0.345,,,1.6867469879518073,0.35,2.0,,,0.69
221,808,7,5.0,194378,7168707,5,0.45999999999999996,,,1.8626198083067094,0.583,2.002173913043478,,,0.921
222,808,7,7.1,194378,7168707,7,0.45499999999999996,0.38862053571428573,0.5425625,1.9248826291079812,0.5857142857142857,2.0,2.0,2.0,0.91
223,808,7,10.2,194378,7168707,1,0.64,,,1.855421686746988,0.77,2.0234375,,,1.295
224,808,7,14.6,194378,7168707,4,0.56625,,,2.0176678445229683,0.71375,2.0044150110375276,,,1.135
225,808,7,20.9,194378,7168707,3,0.5766666666666667,,,2.0576923076923075,0.7133333333333334,2.005780346820809,,,1.1566666666666667
226,808,7,29.9,194378,7168707,5,0.368,0.29,0.46020833333333333,1.8669724770642202,0.407,2.0027173913043477,2.0,2.0092592592592595,0.737
227,808,7,42.7,194378,7168707,8,0.5581249999999999,,,1.885880077369439,0.609375,2.0067189249720045,,,1.12
228,808,7,61.0,194378,7168707,2,0.45499999999999996,,,1.8571428571428572,0.5525,2.0,,,0.91
229,808,7,87.4,194378,7168707,3,0.48499999999999993,,,1.8529411764705883,0.525,2.0,,,0.97
230,808,7,125.0,194378,7168707,4,0.5,,,1.8571428571428572,0.5525,2.0025,,,1.00125
231,800,5,5.0,482284,6557948,3,0.43166666666666664,,,1.7908496732026145,0.45666666666666667,2.003861003861004,,,0.865
232,800,5,7.1,482284,6557948,5,0.5199999999999999,,,1.872340425531915,0.616,2.003846153846154,,,1.042
233,800,5,10.2,482284,6557948,6,0.515,,,1.9018567639257293,0.5975,2.004854368932039,,,1.0325
234,800,5,14.6,482284,6557948,2,0.35750000000000004,,,1.7640449438202248,0.3925,2.0,,,0.715
235,800,5,20.9,482284,6557948,3,0.5266666666666667,,,1.8095238095238095,0.57,2.0,,,1.0533333333333332
236,800,5,29.9,482284,6557948,1,0.27,,,1.878787878787879,0.31,2.0,,,0.54
237,800,5,42.7,482284,6557948,1,0.525,,,1.8888888888888888,0.595,2.0095238095238095,,,1.055
238,800,5,61.0,482284,6557948,8,0.5393749999999999,0.4569321428571429,0.6067083333333333,1.937142857142857,0.635625,2.0023174971031286,2.0,2.0062992125984254,1.08
239,800,5,87.4,482284,6557948,3,0.44,,,1.9135802469135803,0.5166666666666667,2.0,,,0.88
240,800,5,125.0,482284,6557948,2,0.6225,,,1.896774193548387,0.735,2.0080321285140563,,,1.25
241,957,2,5.0,280627,1139953,5,0.724,,,2.896761133603239,1.431,2.095303867403315,,,1.517
242,957,2,7.1,280627,1139953,3,0.6233333333333333,,,2.273913043478261,0.8716666666666667,2.0481283422459895,,,1.2766666666666666
243,957,2,10.2,280627,1139953,4,0.72875,,,1.89196675900277,0.85375,2.041166380789022,,,1.4875
244,957,2,14.6,280627,1139953,3,0.6283333333333334,,,1.8170212765957447,0.7116666666666667,2.042440318302387,,,1.2833333333333334
245,957,2,20.9,280627,1139953,6,0.6008333333333333,0.41743749999999996,0.77259375,1.6989247311827957,0.6583333333333333,2.030513176144244,2.0201570403212408,2.0389696890917812,1.22
246,957,2,29.9,280627,1139953,4,0.5875,,,1.5249169435215948,0.57375,2.0340425531914894,,,1.195
247,957,2,42.7,280627,1139953,3,0.64,,,1.639676113360324,0.675,2.0130208333333335,,,1.2883333333333333
248,957,2,61.0,280627,1139953,6,0.5833333333333334,0.4715340909090908,0.7083333333333334,1.6252771618625277,0.6108333333333333,2.0085714285714285,2.0,2.017816049902206,1.1716666666666666
249,957,2,87.4,280627,1139953,4,0.5075,,,1.4830188679245282,0.49125,2.0073891625615765,,,1.01875
250,957,2,125.0,280627,1139953,5,0.602,,,1.6070460704607046,0.593,2.0,,,1.204
251,133,3,5.0,517936,948850,4,0.42625,,,1.75,0.44625,2.002932551319648,,,0.85375
252,133,3,7.1,517936,948850,5,0.556,0.45484375,0.6599999999999999,1.9111111111111112,0.602,2.0017985611510793,2.0,2.0088235294117647,1.113
253,133,3,10.2,517936,948850,1,0.555,,,1.9583333333333333,0.705,2.0,,,1.11
254,133,3,14.6,517936,948850,2,0.5325,,,1.8333333333333333,0.5775,2.004694835680751,,,1.0675
255,133,3,20.9,517936,948850,1,0.63,,,1.9692307692307693,0.64,2.007936507936508,,,1.265
256,133,3,29.9,517936,948850,3,0.5099999999999999,,,1.864321608040201,0.6183333333333333,2.003267973856209,,,1.0216666666666667
257,133,3,42.7,517936,948850,4,0.46875,,,1.696969696969697,0.49,2.0,,,0.9375
258,133,3,61.0,517936,948850,5,0.5519999999999999,,,1.8162650602409638,0.603,2.0072463768115942,,,1.108
259,133,3,87.4,517936,948850,5,0.48,0.2825,0.6725,1.8114478114478114,0.538,2.0083333333333333,2.0,2.015567837674137,0.964
260,133,3,125.0,517936,948850,2,0.49,,,1.829059829059829,0.535,2.010204081632653,,,0.985
261,469,5,5.0,133171,7254917,4,0.5387500000000001,,,1.9278350515463918,0.70125,2.0092807424593966,,,1.0825
262,469,5,7.1,133171,7254917,5,0.446,0.34760909090909087,0.5612812500000001,1.8368055555555556,0.529,2.006726457399103,2.0013655462184876,2.012093352192362,0.895
263,469,5,10.2,133171,7254917,3,0.4683333333333333,,,1.771144278606965,0.5933333333333334,2.0106761565836297,,,0.9416666666666667
264,469,5,14.6,133171,7254917,4,0.45125000000000004,,,1.7901234567901234,0.54375,2.0027700831024933,,,0.90375
265,469,5,20.9,133171,7254917,4,0.48875,,,1.8609865470852018,0.51875,2.0051150895140664,,,0.98
266,469,5,29.9,133171,7254917,3,0.5033333333333333,,,1.9055555555555554,0.5716666666666667,2.0033112582781456,,,1.0083333333333333
267,469,5,42.7,133171,7254917,3,0.315,,,1.6422764227642277,0.33666666666666667,2.0,,,0.63
268,469,5,61.0,133171,7254917,1,0.235,,,1.5357142857142858,0.215,2.0,,,0.47
269,469,5,87.4,133171,7254917,3,0.49166666666666664,,,1.8666666666666667,0.56,2.0033898305084747,,,0.985
270,469,5,125.0,133171,7254917,3,0.5433333333333333,,,1.8415300546448088,0.5616666666666666,2.003067484662577,,,1.0883333333333334
271,125,5,5.0,1191771,6449186,1,0.375,,,1.6578947368421053,0.315,2.0,,,0.75
272,125,5,7.1,1191771,6449186,2,0.4125,,,1.91,0.4775,2.006060606060606,,,0.8275
273,125,5,10.2,1191771,6449186,3,0.3,,,1.7636363636363637,0.3233333333333333,2.0055555555555555,,,0.6016666666666667
274,125,5,14.6,1191771,6449186,6,0.5116666666666666,0.4,0.6462291666666667,1.912928759894459,0.6041666666666666,2.001628664495114,2.0,2.003401360544218,1.0241666666666667
275,125,5,20.9,1191771,6449186,4,0.42999999999999994,,,1.7538461538461538,0.4275,2.005813953488372,,,0.8625
276,125,5,29.9,1191771,6449186,1,0.54,,,1.819672131147541,0.555,2.0,,,1.08
277,125,5,42.7,1191771,6449186,5,0.524,,,1.894736842105263,0.54,2.0019083969465647,,,1.049
278,125,5,61.0,1191771,6449186,5,0.607,0.5229874999999999,0.6775,1.947674418604651,0.67,2.0049423393739705,2.0,2.013278573683795,1.217
279,125,5,87.4,1191771,6449186,3,0.49499999999999994,,,1.9162011173184357,0.5716666666666667,2.0033670033670035,,,0.9916666666666667
280,125,5,125.0,1191771,6449186,4,0.53,,,1.8867924528301887,0.625,2.0047169811320753,,,1.0625
281,939,2,5.0,525515,3746875,3,0.7883333333333334,,,5.732394366197183,3.3916666666666666,2.13107822410148,,,1.68
282,939,2,7.1,525515,3746875,5,0.711,,,3.3380855397148674,1.639,2.1378340365682136,,,1.52
283,939,2,10.2,525515,3746875,4,0.6312500000000001,,,2.3988095238095237,1.0075,2.093069306930693,,,1.32125
284,939,2,14.6,525515,3746875,5,0.7150000000000001,,,2.004158004158004,0.964,2.06993006993007,,,1.48
285,939,2,20.9,525515,3746875,2,0.745,,,1.8802083333333333,0.9025,2.0503355704697985,,,1.5275
286,939,2,29.9,525515,3746875,4,0.56625,,,1.5890410958904109,0.58,2.0375275938189845,,,1.15375
287,939,2,42.7,525515,3746875,5,0.6079999999999999,,,1.7402597402597402,0.67,2.0345394736842106,,,1.237
288,939,2,61.0,525515,3746875,2,0.7150000000000001,,,1.6407185628742516,0.685,2.020979020979021,,,1.445
289,939,2,87.4,525515,3746875,4,0.5625,,,1.5928571428571427,0.5575,2.013333333333333,,,1.1325
290,939,2,125.0,525515,3746875,3,0.605,,,1.5972222222222223,0.575,2.002754820936639,,,1.2116666666666667
291,931,7,5.0,763920,5881002,2,0.6074999999999999,,,1.8181818181818181,0.65,2.0,,,1.215
292,931,7,7.1,763920,5881002,2,0.5925,,,1.9785714285714286,0.6925,2.0084388185654007,,,1.19
293,931,7,10.2,763920,5881002,3,0.385,,,1.7153846153846153,0.37166666666666665,2.0,,,0.77
294,931,7,14.6,763920,5881002,4,0.485,,,1.8603603603603605,0.51625,2.0051546391752577,,,0.9725
295,931,7,20.9,763920,5881002,4,0.51875,,,2.0316205533596836,0.6425,2.0024096385542167,,,1.03875
296,931,7,29.9,763920,5881002,4,0.46375,,,1.9141630901287554,0.5575,2.0026954177897576,,,0.92875
297,931,7,42.7,763920,5881002,4,0.4375,,,1.8303571428571428,0.5125,2.0028571428571427,,,0.87625
298,931,7,61.0,763920,5881002,2,0.4125,,,1.8484848484848484,0.4575,2.006060606060606,,,0.8275
299,931,7,87.4,763920,5881002,2,0.365,,,2.0568181818181817,0.4525,2.0,,,0.73
300,931,7,125.0,763920,5881002,2,0.5725,,,2.053030303030303,0.6775,2.0,,,1.145
301,336,6,5.0,647922,7842665,6,0.5033333333333334,,,1.8912466843501325,0.5941666666666666,2.0033112582781456,,,1.0083333333333333
302,336,6,7.1,647922,7842665,7,0.45214285714285724,0.328946875,0.5672,1.9114832535885167,0.5707142857142857,2.004739336492891,2.0,2.011669955438621,0.9064285714285715
303,336,6,10.2,647922,7842665,5,0.511,,,1.9540983606557376,0.596,2.003913894324853,,,1.024
304,336,6,14.6,647922,7842665,3,0.5283333333333334,,,1.9175257731958764,0.62,2.0,,,1.0566666666666666
305,336,6,20.9,647922,7842665,4,0.43875000000000003,,,1.9065420560747663,0.51,2.0028490028490027,,,0.87875
306,336,6,29.9,647922,7842665,3,0.39999999999999997,,,1.876923076923077,0.4066666666666667,2.0,,,0.8
307,336,6,42.7,647922,7842665,5,0.549,0.42359375,0.6417250000000001,1.9351851851851851,0.627,2.0091074681238617,2.0,2.0179063360881546,1.103
308,336,6,61.0,647922,7842665,2,0.5,,,1.954954954954955,0.5425,2.01,,,1.005
309,336,6,87.4,647922,7842665,4,0.49500000000000005,,,1.7797356828193833,0.505,2.0,,,0.99
310,336,6,125.0,647922,7842665,3,0.4283333333333334,,,1.9383561643835616,0.4716666666666667,2.0038910505836576,,,0.8583333333333333
311,704,3,5.0,1000261,7536640,2,0.4625,,,1.6694214876033058,0.505,2.0054054054054054,,,0.9275
312,704,3,7.1,1000261,7536640,3,0.40166666666666667,,,1.6845637583892616,0.41833333333333333,2.0,,,0.8033333333333333
313,704,3,10.2,1000261,7536640,3,0.37166666666666665,,,1.7801418439716312,0.41833333333333333,2.0,,,0.7433333333333333
314,704,3,14.6,1000261,7536640,6,0.5000000000000001,0.35250000000000004,0.6125208333333333,1.8913649025069639,0.5658333333333333,2.006666666666667,2.0,2.0139196428571426,1.0033333333333334
315,704,3,20.9,1000261,7536640,5,0.484,0.32499999999999996,0.6275,1.7758620689655173,0.515,2.0082644628099175,2.001363636363636,2.0185529990690254,0.972
316,704,3,29.9,1000261,7536640,4,0.49375,,,1.7896995708154506,0.52125,2.0025316455696203,,,0.98875
317,704,3,42.7,1000261,7536640,6,0.5066666666666667,0.41975,0.58878125,1.854341736694678,0.5516666666666666,2.0032894736842106,2.0,2.0129787234042555,1.015
318,704,3,61.0,1000261,7536640,5,0.47800000000000004,,,1.7630662020905923,0.506,2.0,,,0.956
319,704,3,87.4,1000261,7536640,2,0.5425,,,1.9015151515151516,0.6275,2.0,,,1.085
320,704,3,125.0,1000261,7536640,6,0.44416666666666665,,,1.8052805280528053,0.4558333333333333,2.0056285178236397,,,0.8908333333333334
321,726,7,5.0,451913,4586158,3,0.3766666666666667,,,1.966887417218543,0.495,2.0,,,0.7533333333333333
322,726,7,7.1,451913,4586158,3,0.395,,,1.9078014184397163,0.4483333333333333,2.0042194092827006,,,0.7916666666666666
323,726,7,10.2,451913,4586158,4,0.38625,,,1.8404255319148937,0.4325,2.0,,,0.7725
324,726,7,14.6,451913,4586158,3,0.555,,,1.945273631840796,0.6516666666666666,2.003003003003003,,,1.1116666666666666
325,726,7,20.9,451913,4586158,4,0.3875,,,1.8191489361702127,0.4275,2.003225806451613,,,0.77625
326,726,7,29.9,451913,4586158,4,0.54125,,,1.898876404494382,0.63375,2.0,,,1.0825
327,726,7,42.7,451913,4586158,6,0.5591666666666667,0.5183333333333334,0.6042375,1.9674185463659148,0.6541666666666667,2.0044709388971684,2.0,2.0082827131487595,1.1208333333333333
328,726,7,61.0,451913,4586158,6,0.525,,,2.017199017199017,0.6841666666666667,2.003174603174603,,,1.0516666666666667
329,726,7,87.4,451913,4586158,4,0.5275,,,1.9,0.64125,2.0023696682464456,,,1.05625
330,726,7,125.0,451913,4586158,4,0.44000000000000006,,,1.8390243902439025,0.47125,2.0056818181818183,,,0.8825
331,223,6,5.0,673812,3540215,1,0.625,,,1.8472222222222223,0.665,2.0,,,1.25
332,223,6,7.1,673812,3540215,5,0.49800000000000005,,,1.735191637630662,0.498,2.0,,,0.996
333,223,6,10.2,673812,3540215,4,0.56,,,1.929368029739777,0.64875,2.0,,,1.12
335,223,6,20.9,673812,3540215,4,0.6312500000000001,,,1.9269102990033222,0.725,2.0,,,1.2625
336,223,6,29.9,673812,3540215,6,0.5666666666666668,,,1.9221698113207548,0.6791666666666667,2.0044117647058823,,,1.1358333333333333
337,223,6,42.7,673812,3540215,4,0.3525,,,1.839080459770115,0.4,2.0,,,0.705
338,223,6,61.0,673812,3540215,2,0.4375,,,1.980952380952381,0.52,2.0,,,0.875
339,223,6,87.4,673812,3540215,7,0.39357142857142857,0.29993749999999997,0.4751250000000001,1.8674698795180722,0.44285714285714284,2.0018148820326678,2.0,2.0051546391752577,0.7878571428571428
340,223,6,125.0,673812,3540215,3,0.365,,,1.8214285714285714,0.425,2.0,,,0.73
341,816,3,5.0,722477,833558,2,0.4175,,,2.0202020202020203,0.5,2.0119760479041915,,,0.84
342,816,3,7.1,722477,833558,3,0.52,,,2.0,0.5666666666666667,2.0064102564102564,,,1.0433333333333332
343,816,3,10.2,722477,833558,6,0.45249999999999996,,,1.890625,0.5041666666666667,2.007366482504604,,,0.9083333333333333
344,816,3,14.6,722477,833558,2,0.495,,,1.7758620689655173,0.515,2.0,,,0.99
345,816,3,20.9,722477,833558,5,0.513,,,1.8294314381270902,0.547,2.0,,,1.026
346,816,3,29.9,722477,833558,3,0.43,,,1.870748299319728,0.4583333333333333,2.0,,,0.86
347,816,3,42.7,722477,833558,4,0.49750000000000005,,,1.8795180722891567,0.585,2.0050251256281406,,,0.9975
348,816,3,61.0,722477,833558,3,0.5199999999999999,,,1.8900523560209423,0.6016666666666667,2.0,,,1.04
349,816,3,87.4,722477,833558,4,0.45749999999999996,,,1.9264705882352942,0.49125,2.0027322404371586,,,0.91625
350,816,3,125.0,722477,833558,2,0.605,,,1.8333333333333333,0.55,2.0,,,1.21
351,455,7,5.0,156535,1498820,6,0.45250000000000007,,,1.856269113149847,0.5058333333333334,2.0,,,0.905
352,455,7,7.1,156535,1498820,6,0.3925,,,1.856687898089172,0.48583333333333334,2.0,,,0.785
353,455,7,10.2,156535,1498820,5,0.49099999999999994,,,1.8896321070234114,0.565,2.0020366598778003,,,0.983
354,455,7,14.6,156535,1498820,3,0.4533333333333333,,,1.8509316770186335,0.49666666666666665,2.0036764705882355,,,0.9083333333333333
355,455,7,20.9,156535,1498820,3,0.42333333333333334,,,2.0,0.5166666666666667,2.0,,,0.8466666666666667
356,455,7,29.9,156535,1498820,6,0.4725,0.36860625,0.587075,1.8186968838526911,0.535,2.0,2.0,2.0,0.945
357,455,7,42.7,156535,1498820,4,0.6325000000000001,,,1.8873720136518772,0.69125,2.0,,,1.265
358,455,7,61.0,156535,1498820,3,0.49499999999999994,,,2.0177514792899407,0.5683333333333334,2.006734006734007,,,0.9933333333333333
359,455,7,87.4,156535,1498820,3,0.6116666666666667,,,1.8675213675213675,0.7283333333333334,2.0,,,1.2233333333333334
360,455,7,125.0,156535,1498820,6,0.4524999999999999,0.34270758928571426,0.585125,1.7993920972644377,0.49333333333333335,2.001841620626151,2.0,2.0064472980203316,0.9058333333333334
361,590,8,5.0,995472,2540501,4,0.4375,,,1.7272727272727273,0.475,2.0,,,0.875
362,590,8,7.1,995472,2540501,1,0.455,,,1.6956521739130435,0.39,2.0,,,0.91
363,590,8,10.2,995472,2540501,9,0.34777777777777774,0.2926785714285714,0.40725595238095236,1.8997361477572559,0.4,2.0,2.0,2.0,0.6955555555555556
364,590,8,14.6,995472,2540501,1,0.48,,,1.9318181818181819,0.425,2.0,,,0.96
365,590,8,20.9,995472,2540501,4,0.55,,,1.7933579335793357,0.6075,2.0,,,1.1
366,590,8,29.9,995472,2540501,5,0.4379999999999999,0.32937500000000003,0.4950833333333333,1.7864768683274022,0.502,2.002283105022831,2.0,2.0123975409836063,0.877
367,590,8,42.7,995472,2540501,6,0.4383333333333333,,,1.8871473354231976,0.5016666666666667,2.0019011406844105,,,0.8775
368,590,8,61.0,995472,2540501,4,0.41874999999999996,,,1.9858490566037736,0.52625,2.0,,,0.8375
369,590,8,87.4,995472,2540501,2,0.48250000000000004,,,1.7692307692307692,0.5175,2.0,,,0.965
370,590,8,125.0,995472,2540501,6,0.5141666666666667,,,1.8783783783783783,0.5791666666666667,2.0,,,1.0283333333333333
371,552,7,5.0,569635,5077854,5,0.43,,,1.8369565217391304,0.507,2.0,,,0.86
372,552,7,7.1,569635,5077854,1,0.625,,,1.9743589743589745,0.77,2.0,,,1.25
373,552,7,10.2,569635,5077854,3,0.43333333333333335,,,1.9125,0.51,2.003846153846154,,,0.8683333333333333
374,552,7,14.6,569635,5077854,6,0.5166666666666667,0.4148125,0.5918,1.962162162162162,0.605,2.0048387096774194,2.0,2.0086516371443905,1.0358333333333334
375,552,7,20.9,569635,5077854,3,0.49,,,1.8763440860215055,0.5816666666666667,2.010204081632653,,,0.985
376,552,7,29.9,569635,5077854,6,0.5833333333333334,0.47348958333333335,0.6716875000000001,1.9569377990430623,0.6816666666666666,2.0,2.0,2.0,1.1666666666666667
377,552,7,42.7,569635,5077854,2,0.32,,,1.84,0.345,2.0078125,,,0.6425
378,552,7,61.0,569635,5077854,5,0.49400000000000005,,,2.0140845070422535,0.572,2.0,,,0.988
379,552,7,87.4,569635,5077854,4,0.46499999999999997,,,1.816326530612245,0.55625,2.0,,,0.93
380,552,7,125.0,569635,5077854,4,0.41000000000000003,,,1.81,0.4525,2.0,,,0.82
381,63,2,5.0,229143,3154915,4,0.685,,,1.5646067415730338,0.69625,2.0346715328467155,,,1.39375
382,63,2,7.1,229143,3154915,6,0.6583333333333332,,,1.602,0.6675,2.0164556962025317,,,1.3275
383,63,2,10.2,229143,3154915,5,0.5840000000000001,,,1.601139601139601,0.562,2.0136986301369864,,,1.176
384,63,2,14.6,229143,3154915,2,0.4375,,,1.504201680672269,0.4475,2.0,,,0.875
385,63,2,20.9,229143,3154915,6,0.625,,,1.6564705882352941,0.5866666666666667,2.009333333333333,,,1.2558333333333334
386,63,2,29.9,229143,3154915,4,0.5975,,,1.606060606060606,0.59625,2.00418410041841,,,1.1975
387,63,2,42.7,229143,3154915,2,0.4775,,,1.6347826086956523,0.47,2.0104712041884816,,,0.96
388,63,2,61.0,229143,3154915,6,0.6408333333333333,0.50325,0.7234499999999999,1.6312056737588652,0.575,2.003901170351105,2.0,2.0059301697530865,1.2841666666666667
389,63,2,87.4,229143,3154915,6,0.5541666666666666,,,1.6348039215686274,0.5558333333333333,2.004511278195489,,,1.1108333333333333
390,63,2,125.0,229143,3154915,4,0.6699999999999999,,,1.5874587458745875,0.60125,2.0,,,1.34
391,219,5,5.0,535070,6788045,2,0.44,,,1.912621359223301,0.4925,2.0,,,0.88
392,219,5,7.1,535070,6788045,5,0.48500000000000004,,,1.8344370860927153,0.554,2.002061855670103,,,0.971
393,219,5,10.2,535070,6788045,5,0.41400000000000003,,,1.8918918918918919,0.49,2.0072463768115942,,,0.831
394,219,5,14.6,535070,6788045,3,0.38999999999999996,,,1.8581560283687943,0.43666666666666665,2.0042735042735043,,,0.7816666666666666
395,219,5,20.9,535070,6788045,4,0.46499999999999997,,,1.8149779735682818,0.515,2.0,,,0.93
396,219,5,29.9,535070,6788045,5,0.45099999999999996,,,1.908745247148289,0.502,2.002217294900222,,,0.903
397,219,5,42.7,535070,6788045,4,0.57625,,,1.9181494661921707,0.67375,2.002169197396963,,,1.15375
398,219,5,61.0,535070,6788045,5,0.503,,,1.8,0.549,2.0,,,1.006
399,219,5,87.4,535070,6788045,5,0.4050000000000001,0.28,0.5370750000000002,1.936,0.484,2.0,2.0,2.0,0.81
400,219,5,125.0,535070,6788045,6,0.5233333333333333,0.37613541666666667,0.65503125,1.9261213720316623,0.6083333333333333,2.001592356687898,2.0,2.0035714285714286,1.0475
401,50,3,5.0,370910,2614782,3,0.5299999999999999,,,1.764102564102564,0.5733333333333334,2.006289308176101,,,1.0633333333333332
402,50,3,7.1,370910,2614782,3,0.615,,,1.991304347826087,0.7633333333333333,2.002710027100271,,,1.2316666666666667
403,50,3,10.2,370910,2614782,5,0.386,,,1.759493670886076,0.417,2.005181347150259,,,0.774
404,50,3,14.6,370910,2614782,5,0.523,0.3565625,0.645,1.80625,0.578,2.0038240917782026,2.0,2.010454222011385,1.048
405,50,3,20.9,370910,2614782,3,0.57,,,1.796116504854369,0.6166666666666667,2.0,,,1.14
406,50,3,29.9,370910,2614782,4,0.5475,,,1.91796875,0.61375,2.0045662100456623,,,1.0975
407,50,3,42.7,370910,2614782,4,0.58875,,,1.8111888111888113,0.6475,2.002123142250531,,,1.17875
408,50,3,61.0,370910,2614782,4,0.55375,,,1.9266409266409266,0.62375,2.0090293453724604,,,1.1125
409,50,3,87.4,370910,2614782,2,0.5650000000000001,,,1.8206896551724139,0.66,2.004424778761062,,,1.1325
410,50,3,125.0,370910,2614782,3,0.47666666666666674,,,1.7444444444444445,0.5233333333333333,2.006993006993007,,,0.9566666666666667
411,903,4,5.0,887509,2560879,3,0.4816666666666667,,,1.871345029239766,0.5333333333333333,2.0034602076124566,,,0.965
412,903,4,7.1,887509,2560879,4,0.38749999999999996,,,1.8542713567839195,0.46125,2.0,,,0.775
413,903,4,10.2,887509,2560879,3,0.5266666666666667,,,1.9569377990430623,0.6816666666666666,2.0031645569620253,,,1.055
414,903,4,14.6,887509,2560879,3,0.47666666666666674,,,2.0365853658536586,0.5566666666666666,2.006993006993007,,,0.9566666666666667
415,903,4,20.9,887509,2560879,4,0.5125,0.355,0.6131190476190478,1.9134199134199135,0.5525,2.0,2.0,2.0,1.025
416,903,4,29.9,887509,2560879,5,0.47000000000000003,,,1.7777777777777777,0.496,2.0,,,0.94
417,903,4,42.7,887509,2560879,3,0.4266666666666667,,,1.7687074829931972,0.43333333333333335,2.00390625,,,0.855
418,903,4,61.0,887509,2560879,6,0.5025000000000001,0.44688749999999994,0.5475625000000001,1.891008174386921,0.5783333333333334,2.001658374792703,2.0,2.0066666666666664,1.0058333333333334
419,903,4,87.4,887509,2560879,3,0.4366666666666666,,,1.9928057553956835,0.46166666666666667,2.00381679389313,,,0.875
420,903,4,125.0,887509,2560879,6,0.49,,,1.9206798866855523,0.565,2.006802721088435,,,0.9833333333333333
421,811,5,5.0,353499,6626861,4,0.335,,,1.87292817679558,0.42375,2.003731343283582,,,0.67125
422,811,5,7.1,353499,6626861,3,0.5233333333333333,,,1.8461538461538463,0.56,2.0063694267515926,,,1.05
423,811,5,10.2,353499,6626861,4,0.42625,,,1.8585365853658538,0.47625,2.005865102639296,,,0.855
424,811,5,14.6,353499,6626861,2,0.45,,,2.0,0.515,2.0055555555555555,,,0.9025
425,811,5,20.9,353499,6626861,3,0.4633333333333334,,,1.9392265193370166,0.585,2.0071942446043165,,,0.93
426,811,5,29.9,353499,6626861,2,0.4675,,,1.9464285714285714,0.545,2.0053475935828877,,,0.9375
427,811,5,42.7,353499,6626861,5,0.485,,,1.870503597122302,0.52,2.0061855670103093,,,0.973
428,811,5,61.0,353499,6626861,5,0.469,,,1.9444444444444444,0.525,2.002132196162047,,,0.939
429,811,5,87.4,353499,6626861,3,0.425,,,1.8243243243243243,0.45,2.0,,,0.85
430,811,5,125.0,353499,6626861,5,0.413,0.315,0.5075000000000001,1.7178423236514522,0.414,2.002421307506053,2.0,2.007936507936508,0.827
431,392,6,5.0,69564,6474543,4,0.50875,,,1.8275862068965518,0.59625,2.004914004914005,,,1.02
432,392,6,7.1,69564,6474543,1,0.65,,,1.8709677419354838,0.87,2.0076923076923077,,,1.305
433,392,6,10.2,69564,6474543,2,0.515,,,1.8962962962962964,0.64,2.0145631067961167,,,1.0375
434,392,6,14.6,69564,6474543,2,0.47,,,1.7478991596638656,0.52,2.0106382978723403,,,0.945
435,392,6,20.9,69564,6474543,4,0.5225,,,1.8832684824902723,0.605,2.007177033492823,,,1.04875
436,392,6,29.9,69564,6474543,5,0.346,,,1.8468085106382979,0.434,2.005780346820809,,,0.694
437,392,6,42.7,69564,6474543,1,0.68,,,1.9775280898876404,0.88,2.0073529411764706,,,1.365
438,392,6,61.0,69564,6474543,3,0.47666666666666674,,,1.8514285714285714,0.54,2.0034965034965033,,,0.955
439,392,6,87.4,69564,6474543,3,0.4216666666666667,,,1.910179640718563,0.5316666666666666,2.0039525691699605,,,0.845
440,392,6,125.0,69564,6474543,5,0.4600000000000001,,,1.9045936395759717,0.539,2.006521739130435,,,0.923
441,225,6,5.0,769787,2985363,3,0.355,,,1.7664233576642336,0.4033333333333333,2.0,,,0.71
442,225,6,7.1,769787,2985363,5,0.41600000000000004,,,1.848,0.462,2.0,,,0.832
443,225,6,10.2,769787,2985363,4,0.42625,,,1.7348837209302326,0.46625,2.005865102639296,,,0.855
444,225,6,14.6,769787,2985363,3,0.6149999999999999,,,1.8283261802575108,0.71,2.002710027100271,,,1.2316666666666667
445,225,6,20.9,769787,2985363,4,0.45125000000000004,,,1.8272727272727274,0.5025,2.0,,,0.9025
446,225,6,29.9,769787,2985363,1,0.28,,,1.9722222222222223,0.355,2.0,,,0.56
447,225,6,42.7,769787,2985363,4,0.48625,0.3721875,0.645,1.9246861924686192,0.575,2.0025706940874035,2.0,2.007751937984496,0.97375
448,225,6,61.0,769787,2985363,7,0.5335714285714286,0.4227708333333333,0.6461,1.8769574944071588,0.5992857142857143,2.004016064257028,2.0,2.0078491861861023,1.0692857142857144
449,225,6,87.4,769787,2985363,3,0.5316666666666666,,,1.9277777777777778,0.5783333333333334,2.0,,,1.0633333333333332
450,225,6,125.0,769787,2985363,4,0.5025,,,1.8132295719844358,0.5825,2.0,,,1.005
451,892,5,5.0,962418,3117110,5,0.5599999999999999,,,1.897897897897898,0.632,2.0035714285714286,,,1.122
452,892,5,7.1,962418,3117110,6,0.45249999999999996,0.33625,0.585,1.9251497005988023,0.5358333333333334,2.0036832412523022,2.0,2.0095238095238095,0.9066666666666666
453,892,5,10.2,962418,3117110,4,0.5062500000000001,,,1.83011583011583,0.5925,2.0024691358024693,,,1.01375
454,892,5,14.6,962418,3117110,7,0.5378571428571428,0.42475,0.636775,1.8883928571428572,0.6042857142857143,2.00132802124834,2.0,2.0041097449908927,1.0764285714285715
455,892,5,20.9,962418,3117110,4,0.47125000000000006,,,1.8348214285714286,0.51375,2.0053050397877983,,,0.945
456,892,5,29.9,962418,3117110,4,0.51875,,,1.9808429118773947,0.64625,2.0096385542168673,,,1.0425
457,892,5,42.7,962418,3117110,4,0.41374999999999995,,,1.8040201005025125,0.44875,2.003021148036254,,,0.82875
458,892,5,61.0,962418,3117110,2,0.29000000000000004,,,1.7435897435897436,0.34,2.0,,,0.58
459,892,5,87.4,962418,3117110,3,0.5533333333333333,,,1.9471153846153846,0.675,2.0090361445783134,,,1.1116666666666666
460,892,5,125.0,962418,3117110,1,0.645,,,1.755813953488372,0.755,2.0,,,1.29
461,677,6,5.0,632782,5635856,4,0.49500000000000005,,,1.9189189189189189,0.62125,2.0025252525252526,,,0.99125
462,677,6,7.1,632782,5635856,4,0.49374999999999997,,,1.9149797570850202,0.59125,2.0,,,0.9875
463,677,6,10.2,632782,5635856,1,0.67,,,2.0823529411764707,0.885,2.0074626865671643,,,1.345
464,677,6,14.6,632782,5635856,6,0.5675,0.41870624999999995,0.6885000000000001,1.8761904761904762,0.6566666666666666,2.0029368575624082,2.0,2.0068965517241377,1.1366666666666667
465,677,6,20.9,632782,5635856,2,0.55,,,1.8346456692913387,0.5825,2.0,,,1.1
466,677,6,29.9,632782,5635856,7,0.3807142857142857,0.299125,0.4987562499999999,1.7629870129870129,0.38785714285714284,2.0018761726078798,2.0,2.0049019607843137,0.7621428571428571
467,677,6,42.7,632782,5635856,6,0.44166666666666665,0.30995833333333334,0.54340625,1.9515151515151514,0.5366666666666666,2.0018867924528303,2.0,2.004561688311689,0.8841666666666667
468,677,6,61.0,632782,5635856,3,0.385,,,1.7876712328767124,0.435,2.0,,,0.77
469,677,6,87.4,632782,5635856,2,0.3375,,,1.9069767441860466,0.41,2.0148148148148146,,,0.68
470,677,6,125.0,632782,5635856,7,0.45499999999999996,0.34360069444444447,0.5653125,1.8860103626943006,0.52,2.001569858712716,2.0,2.0047169811320753,0.9107142857142857
471,277,5,5.0,1173981,6918455,3,0.45166666666666666,,,1.8770949720670391,0.56,2.0,,,0.9033333333333333
472,277,5,7.1,1173981,6918455,6,0.5616666666666666,0.5007875,0.6325625,1.9195121951219511,0.6558333333333334,2.0014836795252227,2.0,2.0049751243781095,1.1241666666666668
473,277,5,10.2,1173981,6918455,3,0.505,,,1.8802083333333333,0.6016666666666667,2.0,,,1.01
474,277,5,14.6,1173981,6918455,1,0.545,,,1.9672131147540983,0.6,2.0,,,1.09
475,277,5,20.9,1173981,6918455,5,0.41,,,1.891304347826087,0.435,2.0,,,0.82
476,277,5,29.9,1173981,6918455,4,0.36874999999999997,,,1.7900552486187846,0.405,2.0033898305084747,,,0.73875
477,277,5,42.7,1173981,6918455,3,0.5166666666666666,,,1.7894736842105263,0.5666666666666667,2.0,,,1.0333333333333334
478,277,5,61.0,1173981,6918455,6,0.515,,,1.8481675392670156,0.5883333333333334,2.0032362459546924,,,1.0316666666666667
479,277,5,87.4,1173981,6918455,3,0.39166666666666666,,,1.8345323741007193,0.425,2.0,,,0.7833333333333333
480,277,5,125.0,1173981,6918455,5,0.579,0.48250000000000004,0.665,1.9737609329446064,0.677,2.006908462867012,2.0,2.016593647316539,1.162
481,41,7,5.0,1151602,7388167,4,0.3925,,,1.8486486486486486,0.4275,2.0,,,0.785
482,41,7,7.1,1151602,7388167,6,0.5633333333333334,0.3919708333333333,0.6900833333333333,1.902097902097902,0.68,2.0014792899408285,2.0,2.0049019607843137,1.1275
483,41,7,10.2,1151602,7388167,5,0.5050000000000001,,,1.9003115264797508,0.61,2.001980198019802,,,1.011
484,41,7,14.6,1151602,7388167,9,0.48222222222222233,0.41391136363636366,0.5765022321428571,1.8974854932301741,0.545,2.0,2.0,2.0,0.9644444444444444
485,41,7,20.9,1151602,7388167,5,0.479,0.325,0.610125,1.8683274021352314,0.525,2.0,2.0,2.0,0.958
486,41,7,29.9,1151602,7388167,5,0.449,,,1.8943089430894309,0.466,2.0,,,0.898
487,41,7,42.7,1151602,7388167,2,0.5599999999999999,,,1.9,0.7125,2.0,,,1.12
488,41,7,61.0,1151602,7388167,5,0.4630000000000001,,,1.9532374100719425,0.543,2.0043196544276456,,,0.928
489,41,7,87.4,1151602,7388167,3,0.4766666666666666,,,1.819767441860465,0.5216666666666666,2.0,,,0.9533333333333334
490,41,7,125.0,1151602,7388167,4,0.39875,,,1.7135678391959799,0.42625,2.0,,,0.7975
491,26,4,5.0,786242,338431,4,0.3925,,,1.8186274509803921,0.46375,2.0031847133757963,,,0.78625
492,26,4,7.1,786242,338431,6,0.5358333333333333,0.42475,0.6600624999999999,1.937984496124031,0.625,2.0031104199066876,2.0,2.0065904800431498,1.0733333333333333
493,26,4,10.2,786242,338431,3,0.3916666666666666,,,1.821917808219178,0.44333333333333336,2.0,,,0.7833333333333333
494,26,4,14.6,786242,338431,4,0.43625,,,1.740566037735849,0.46125,2.005730659025788,,,0.875
495,26,4,20.9,786242,338431,6,0.48,0.40825000000000006,0.6031125,1.844984802431611,0.5058333333333334,2.0,2.0,2.0,0.96
496,26,4,29.9,786242,338431,3,0.6333333333333333,,,2.008888888888889,0.7533333333333333,2.0078947368421054,,,1.2716666666666667
497,26,4,42.7,786242,338431,4,0.5587500000000001,,,1.9285714285714286,0.6075,2.0022371364653244,,,1.11875
498,26,4,61.0,786242,338431,7,0.5435714285714285,0.4625000000000001,0.6299702380952383,1.84304932735426,0.5871428571428572,2.002628120893561,2.0,2.0067075892857145,1.0885714285714285
499,26,4,87.4,786242,338431,1,0.365,,,1.7346938775510203,0.425,2.0,,,0.73
500,26,4,125.0,786242,338431,3,0.4366666666666667,,,1.8238993710691824,0.48333333333333334,2.00381679389313,,,0.875
501,636,4,5.0,983429,1947501,6,0.535,0.4566666666666667,0.5841875,1.9168900804289544,0.5958333333333333,2.0062305295950154,2.001419413919414,2.0089983268575318,1.0733333333333333
502,636,4,7.1,983429,1947501,4,0.49874999999999997,,,1.860655737704918,0.5675,2.007518796992481,,,1.00125
503,636,4,10.2,983429,1947501,4,0.57625,,,1.865979381443299,0.67875,2.0,,,1.1525
504,636,4,14.6,983429,1947501,4,0.5125,,,1.9351145038167938,0.63375,2.002439024390244,,,1.02625
505,636,4,20.9,983429,1947501,3,0.44,,,1.994186046511628,0.5716666666666667,2.0,,,0.88
506,636,4,29.9,983429,1947501,2,0.535,,,1.8828125,0.6025,2.0,,,1.07
507,636,4,42.7,983429,1947501,5,0.523,,,1.9082278481012658,0.603,2.0038240917782026,,,1.048
508,636,4,61.0,983429,1947501,5,0.4709999999999999,0.3132083333333333,0.6066874999999999,2.041958041958042,0.584,2.002123142250531,2.0,2.0065217391304344,0.943
509,636,4,87.4,983429,1947501,4,0.45000000000000007,,,1.944700460829493,0.5275,2.0027777777777778,,,0.90125
511,984,8,5.0,116439,5472286,5,0.503,,,1.8231884057971015,0.629,2.0079522862823063,,,1.01
512,984,8,7.1,116439,5472286,4,0.475,,,1.7450980392156863,0.55625,2.0052631578947366,,,0.9525
513,984,8,10.2,116439,5472286,7,0.4935714285714286,0.3823875,0.614275,1.8162393162393162,0.6071428571428571,2.0057887120115776,2.001397329086008,2.0096362390230316,0.99
514,984,8,14.6,116439,5472286,4,0.5625,,,1.8111111111111111,0.61125,2.0,,,1.125
515,984,8,20.9,116439,5472286,4,0.415,,,1.8277511961722488,0.4775,2.0060240963855422,,,0.8325
516,984,8,29.9,116439,5472286,5,0.517,,,1.9394904458598725,0.609,2.0058027079303673,,,1.037
517,984,8,42.7,116439,5472286,2,0.53,,,1.9275362318840579,0.665,2.0,,,1.06
518,984,8,61.0,116439,5472286,4,0.5025,,,1.829875518672199,0.55125,2.0049751243781095,,,1.0075
519,984,8,87.4,116439,5472286,3,0.43166666666666664,,,1.88,0.47,2.011583011583012,,,0.8683333333333333
520,984,8,125.0,116439,5472286,5,0.47700000000000004,0.3439,0.585,1.8271186440677967,0.539,2.0041928721174003,2.0,2.00827204488589,0.956
521,404,8,5.0,261804,2429479,3,0.2916666666666667,,,1.761467889908257,0.32,2.0,,,0.5833333333333334
522,404,8,7.1,261804,2429479,7,0.40071428571428575,0.30862053571428566,0.5014345238095238,1.8956521739130434,0.46714285714285714,2.0,2.0,2.0,0.8014285714285714
523,404,8,10.2,261804,2429479,3,0.5016666666666666,,,1.9770114942528736,0.5733333333333334,2.0,,,1.0033333333333334
524,404,8,14.6,261804,2429479,2,0.37,,,1.7619047619047619,0.37,2.0,,,0.74
525,404,8,20.9,261804,2429479,4,0.5875,,,1.9027777777777777,0.685,2.0,,,1.175
526,404,8,29.9,261804,2429479,3,0.4816666666666667,,,1.8633879781420766,0.5683333333333334,2.0,,,0.9633333333333334
527,404,8,42.7,261804,2429479,4,0.435,,,1.8697916666666667,0.44875,2.0,,,0.87
528,404,8,61.0,261804,2429479,4,0.4375,,,1.8285714285714285,0.48,2.0,,,0.875
529,404,8,87.4,261804,2429479,4,0.5225,,,1.8267148014440433,0.6325,2.0,,,1.045
530,404,8,125.0,261804,2429479,4,0.40375,,,1.9593908629441625,0.4825,2.0,,,0.8075
531,245,5,5.0,345160,5433288,7,0.42142857142857143,0.3535654761904762,0.4900357142857143,1.821808510638298,0.48928571428571427,2.0033898305084747,2.0,2.0123456790123457,0.8442857142857143
532,245,5,7.1,345160,5433288,1,0.645,,,1.853658536585366,0.76,2.0,,,1.29
533,245,5,10.2,345160,5433288,5,0.515,0.3745833333333333,0.615,1.8660130718954249,0.571,2.0038834951456312,2.0,2.011344537815126,1.032
534,245,5,14.6,345160,5433288,6,0.3791666666666667,,,1.856140350877193,0.44083333333333335,2.002197802197802,,,0.7591666666666667
535,245,5,20.9,345160,5433288,4,0.37625,,,1.71875,0.4125,2.0033222591362128,,,0.75375
536,245,5,29.9,345160,5433288,5,0.488,,,1.96113074204947,0.555,2.0061475409836067,,,0.979
537,245,5,42.7,345160,5433288,4,0.58125,,,1.9508196721311475,0.74375,2.0,,,1.1625
538,245,5,61.0,345160,5433288,4,0.5425,,,1.94980694980695,0.63125,2.0023041474654377,,,1.08625
539,245,5,87.4,345160,5433288,9,0.4588888888888889,0.3955297619047619,0.520634375,1.8380566801619433,0.5044444444444445,2.00363196125908,2.0,2.0063758024154064,0.9194444444444444
540,245,5,125.0,345160,5433288,1,0.54,,,2.180327868852459,0.665,2.0,,,1.08
541,749,5,5.0,991651,3043360,3,0.4616666666666667,,,1.9289940828402368,0.5433333333333333,2.0,,,0.9233333333333333
542,749,5,7.1,991651,3043360,3,0.48500000000000004,,,1.9085714285714286,0.5566666666666666,2.0,,,0.97
543,749,5,10.2,991651,3043360,2,0.45999999999999996,,,1.7171717171717171,0.425,2.0,,,0.92
544,749,5,14.6,991651,3043360,3,0.4066666666666667,,,1.8472222222222223,0.44333333333333336,2.0,,,0.8133333333333334
545,749,5,20.9,991651,3043360,6,0.4066666666666667,0.31,0.47624999999999995,1.936026936026936,0.4791666666666667,2.0040983606557377,2.0,2.0121138922702375,0.815
546,749,5,29.9,991651,3043360,4,0.41000000000000003,,,1.8673469387755102,0.4575,2.0,,,0.82
547,749,5,42.7,991651,3043360,7,0.4507142857142857,0.38246875,0.5025267857142858,1.9031413612565444,0.5192857142857142,2.004754358161648,2.0,2.0106430155210644,0.9035714285714286
548,749,5,61.0,991651,3043360,2,0.63,,,1.864516129032258,0.7225,2.007936507936508,,,1.265
549,749,5,87.4,991651,3043360,3,0.3466666666666667,,,1.9432624113475176,0.45666666666666667,2.0048076923076925,,,0.695
550,749,5,125.0,991651,3043360,6,0.5033333333333333,0.3799166666666667,0.6000624999999999,1.8918918918918919,0.5833333333333334,2.0,2.0,2.0,1.0066666666666666
551,475,7,5.0,857879,2331062,2,0.53,,,1.8157894736842106,0.5175,2.0047169811320753,,,1.0625
552,475,7,7.1,857879,2331062,5,0.488,,,1.961672473867596,0.563,2.0040983606557377,,,0.978
553,475,7,10.2,857879,2331062,5,0.49700000000000005,0.3572875,0.6316875000000001,1.8432601880877744,0.588,2.004024144869215,2.0,2.0078747969003876,0.996
554,475,7,14.6,857879,2331062,5,0.534,0.48125,0.6075312500000001,1.9423076923076923,0.606,2.00187265917603,2.0,2.00709219858156,1.069
555,475,7,20.9,857879,2331062,2,0.4325,,,2.010989010989011,0.4575,2.0,,,0.865
556,475,7,29.9,857879,2331062,4,0.5037499999999999,,,1.9227467811158798,0.56,2.0,,,1.0075
557,475,7,42.7,857879,2331062,3,0.5116666666666667,,,1.888268156424581,0.5633333333333334,2.0,,,1.0233333333333334
558,475,7,61.0,857879,2331062,7,0.4764285714285714,0.42548749999999996,0.5316875,1.976923076923077,0.5507142857142857,2.004497751124438,2.0010620915032677,2.0086084953732013,0.955
559,475,7,87.4,857879,2331062,4,0.43500000000000005,,,1.966824644549763,0.51875,2.0,,,0.87
560,475,7,125.0,857879,2331062,2,0.5650000000000001,,,1.993006993006993,0.7125,2.004424778761062,,,1.1325
561,323,8,5.0,621098,7452855,5,0.501,,,1.9180327868852458,0.585,2.0,,,1.002
562,323,8,7.1,621098,7452855,1,0.38,,,1.9591836734693877,0.48,2.0,,,0.76
563,323,8,10.2,621098,7452855,5,0.442,,,1.96309963099631,0.532,2.002262443438914,,,0.885
564,323,8,14.6,621098,7452855,6,0.4191666666666667,,,1.8930817610062893,0.5016666666666667,2.0019880715705765,,,0.8391666666666666
565,323,8,20.9,621098,7452855,4,0.35124999999999995,,,1.963855421686747,0.4075,2.0,,,0.7025
566,323,8,29.9,621098,7452855,5,0.44400000000000006,0.35995,0.5653750000000002,1.9120879120879122,0.522,2.0022522522522523,2.0,2.0072289156626506,0.889
567,323,8,42.7,621098,7452855,4,0.45625,,,1.8029556650246306,0.4575,2.0,,,0.9125
568,323,8,61.0,621098,7452855,4,0.54125,,,2.099585062240664,0.6325,2.0023094688221708,,,1.08375
569,323,8,87.4,621098,7452855,4,0.49374999999999997,,,1.9264069264069263,0.55625,2.0025316455696203,,,0.98875
570,323,8,125.0,621098,7452855,4,0.50625,,,1.948,0.60875,2.0,,,1.0125
571,183,4,5.0,558235,7891629,2,0.625,,,1.9127906976744187,0.8225,2.004,,,1.2525
572,183,4,7.1,558235,7891629,4,0.4275,0.255,0.71,1.8493150684931507,0.50625,2.0058479532163744,2.0,2.0240079365079366,0.8575
573,183,4,10.2,558235,7891629,5,0.49700000000000005,0.37116875000000005,0.625,1.8580645161290323,0.576,2.004024144869215,2.0,2.0108784848484844,0.996
574,183,4,14.6,558235,7891629,3,0.4566666666666667,,,1.9404761904761905,0.5433333333333333,2.0072992700729926,,,0.9166666666666666
575,183,4,20.9,558235,7891629,1,0.36,,,1.711111111111111,0.385,2.0,,,0.72
576,183,4,29.9,558235,7891629,7,0.39571428571428574,0.31156249999999996,0.4866785714285714,1.93125,0.44142857142857145,2.0018050541516246,2.0,2.0039123376623382,0.7921428571428571
577,183,4,42.7,558235,7891629,4,0.51125,,,1.8148148148148149,0.55125,2.0048899755501224,,,1.025
578,183,4,61.0,558235,7891629,4,0.44125000000000003,,,1.8926829268292682,0.485,2.008498583569405,,,0.88625
579,183,4,87.4,558235,7891629,5,0.549,0.48,0.6045125,1.956268221574344,0.671,2.0036429872495445,2.0,2.0117994100294987,1.1
580,183,4,125.0,558235,7891629,5,0.46799999999999997,,,1.893238434163701,0.532,2.0042735042735043,,,0.938
581,555,2,5.0,1149320,4915645,4,0.67125,,,2.0654761904761907,0.8675,2.068901303538175,,,1.38875
582,555,2,7.1,1149320,4915645,1,0.765,,,1.9705882352941178,1.005,2.0326797385620914,,,1.555
583,555,2,10.2,1149320,4915645,3,0.6433333333333334,,,1.651063829787234,0.6466666666666666,2.033678756476684,,,1.3083333333333333
584,555,2,14.6,1149320,4915645,4,0.47000000000000003,,,1.4588744588744589,0.42125,2.026595744680851,,,0.9525
585,555,2,20.9,1149320,4915645,5,0.639,,,1.7121588089330024,0.69,2.0172143974960877,,,1.289
586,555,2,29.9,1149320,4915645,2,0.5725,,,1.6217948717948718,0.6325,2.03056768558952,,,1.1625
587,555,2,42.7,1149320,4915645,2,0.7050000000000001,,,1.6883116883116882,0.65,2.0106382978723403,,,1.4175
588,555,2,61.0,1149320,4915645,3,0.6183333333333333,,,1.690909090909091,0.62,2.0080862533692723,,,1.2416666666666667
589,555,2,87.4,1149320,4915645,4,0.5675,,,1.6583333333333334,0.4975,2.0066079295154187,,,1.13875
590,555,2,125.0,1149320,4915645,4,0.5874999999999999,,,1.5954198473282444,0.5225,2.0063829787234044,,,1.17875
591,203,3,5.0,1025262,7304156,4,0.5337500000000001,,,1.844,0.57625,2.0,,,1.0675
592,203,3,7.1,1025262,7304156,5,0.46699999999999997,,,1.8161764705882353,0.494,2.0021413276231264,,,0.935
593,203,3,10.2,1025262,7304156,4,0.42,,,1.7114427860696517,0.43,2.0089285714285716,,,0.84375
594,203,3,14.6,1025262,7304156,5,0.476,,,1.9337979094076656,0.555,2.0021008403361344,,,0.953
595,203,3,20.9,1025262,7304156,5,0.40800000000000003,,,1.7035573122529644,0.431,2.0049019607843137,,,0.818
596,203,3,29.9,1025262,7304156,4,0.495,,,1.7025862068965518,0.49375,2.0,,,0.99
597,203,3,42.7,1025262,7304156,4,0.5549999999999999,,,1.7131782945736433,0.5525,2.0022522522522523,,,1.11125
598,203,3,61.0,1025262,7304156,4,0.58125,,,1.8593155893536122,0.61125,2.0064516129032257,,,1.16625
599,203,3,87.4,1025262,7304156,3,0.5383333333333333,,,1.800995024875622,0.6033333333333334,2.003095975232198,,,1.0783333333333334
600,203,3,125.0,1025262,7304156,8,0.45875000000000005,0.3520551948051948,0.5810511363636364,1.8337236533957846,0.489375,2.0068119891008176,2.0016878531073448,2.011016884864461,0.920625
601,879,5,5.0,697312,4456442,5,0.471,0.335,0.5357500000000002,1.9140893470790379,0.557,2.002123142250531,2.0,2.0070394736842108,0.943
602,879,5,7.1,697312,4456442,4,0.30874999999999997,,,1.680722891566265,0.34875,2.0040485829959516,,,0.61875
603,879,5,10.2,697312,4456442,3,0.3633333333333333,,,1.6938775510204083,0.415,2.0,,,0.7266666666666667
604,879,5,14.6,697312,4456442,3,0.47666666666666674,,,1.8742857142857143,0.5466666666666666,2.0,,,0.9533333333333334
605,879,5,20.9,697312,4456442,5,0.42699999999999994,,,1.844621513944223,0.463,2.002341920374707,,,0.855
606,879,5,29.9,697312,4456442,4,0.43875000000000003,,,1.847926267281106,0.50125,2.0,,,0.8775
607,879,5,42.7,697312,4456442,4,0.47124999999999995,,,2.0373831775700935,0.545,2.0,,,0.9425
608,879,5,61.0,697312,4456442,1,0.57,,,2.028985507246377,0.7,2.008771929824561,,,1.1449999999999998
609,879,5,87.4,697312,4456442,4,0.42750000000000005,,,1.8967136150234742,0.505,2.002923976608187,,,0.85625
610,879,5,125.0,697312,4456442,4,0.46625,,,1.908675799086758,0.5225,2.005361930294906,,,0.935
611,539,4,5.0,564144,5898035,3,0.4716666666666667,,,1.8255813953488371,0.5233333333333333,2.0035335689045937,,,0.945
612,539,4,7.1,564144,5898035,6,0.4633333333333334,0.3041666666666667,0.6229107142857143,1.8314285714285714,0.5341666666666667,2.0053956834532376,2.0,2.014221709141922,0.9291666666666667
613,539,4,10.2,564144,5898035,3,0.47500000000000003,,,1.806282722513089,0.575,2.0,,,0.95
614,539,4,14.6,564144,5898035,1,0.46,,,1.9491525423728813,0.575,2.010869565217391,,,0.9249999999999998
615,539,4,20.9,564144,5898035,2,0.505,,,1.704,0.5325,2.004950495049505,,,1.0125
616,539,4,29.9,564144,5898035,2,0.4325,,,1.9285714285714286,0.54,2.005780346820809,,,0.8675
617,539,4,42.7,564144,5898035,3,0.44999999999999996,,,2.0921052631578947,0.53,2.0148148148148146,,,0.9066666666666666
618,539,4,61.0,564144,5898035,6,0.3875,0.32054166666666667,0.44752083333333337,1.8073089700996678,0.4533333333333333,2.0043010752688173,2.0,2.0100119047619045,0.7766666666666666
619,539,4,87.4,564144,5898035,1,0.605,,,1.9859154929577465,0.705,2.0082644628099175,,,1.215
620,539,4,125.0,564144,5898035,4,0.5625,,,1.9766536964980546,0.635,2.0,,,1.125
621,742,4,5.0,972266,6502101,7,0.49714285714285716,0.387925,0.5913020833333335,1.8535469107551488,0.5785714285714286,2.0043103448275863,2.0,2.013291781450872,0.9964285714285714
622,742,4,7.1,972266,6502101,7,0.4285714285714285,,,1.9485714285714286,0.48714285714285716,2.0033333333333334,,,0.8585714285714285
623,742,4,10.2,972266,6502101,9,0.39499999999999996,0.3449305555555555,0.4483750000000001,1.8988235294117648,0.4483333333333333,2.0042194092827006,2.0,2.0078036309243656,0.7916666666666666
624,742,4,14.6,972266,6502101,3,0.37999999999999995,,,1.8776978417266188,0.435,2.0,,,0.76
625,742,4,20.9,972266,6502101,4,0.33375,,,1.803921568627451,0.345,2.00749063670412,,,0.67
626,742,4,29.9,972266,6502101,2,0.4925,,,1.9242424242424243,0.635,2.00507614213198,,,0.9875
627,742,4,42.7,972266,6502101,1,0.365,,,2.0,0.45,2.0,,,0.73
629,742,4,87.4,972266,6502101,5,0.457,,,1.860377358490566,0.493,2.00218818380744,,,0.915
630,742,4,125.0,972266,6502101,5,0.46099999999999997,,,1.924731182795699,0.537,2.004338394793926,,,0.924
631,328,2,5.0,388142,4020608,7,0.7492857142857143,0.6773541666666668,0.83503125,2.6091160220994474,1.3492857142857142,2.0838894184938037,2.0567979947112582,2.1132391855003227,1.5614285714285714
632,328,2,7.1,388142,4020608,5,0.681,0.5949375,0.7750535714285715,2.128504672897196,0.911,2.0543318649045523,2.0318853638332195,2.078933662280702,1.399
633,328,2,10.2,388142,4020608,4,0.55125,,,1.7272727272727273,0.6175,2.0793650793650795,,,1.14625
634,328,2,14.6,388142,4020608,4,0.6225,,,1.6079734219269104,0.605,2.0281124497991967,,,1.2625
635,328,2,20.9,388142,4020608,5,0.511,,,1.4982578397212543,0.43,2.0430528375733856,,,1.044
636,328,2,29.9,388142,4020608,4,0.5387500000000001,,,1.7110266159695817,0.5625,2.034802784222738,,,1.09625
637,328,2,42.7,388142,4020608,4,0.56125,,,1.6425992779783394,0.56875,2.0111358574610243,,,1.12875
638,328,2,61.0,388142,4020608,5,0.499,,,1.5180722891566265,0.504,2.006012024048096,,,1.001
639,328,2,87.4,388142,4020608,1,0.485,,,1.4492753623188406,0.5,2.0,,,0.97
640,328,2,125.0,388142,4020608,5,0.618,,,1.5934065934065933,0.58,2.0080906148867315,,,1.241
641,587,3,5.0,663189,4363208,8,0.474375,0.39559687499999996,0.5502361111111113,1.8556485355648535,0.554375,2.002635046113307,2.0,2.0060092338217337,0.95
642,587,3,7.1,663189,4363208,3,0.5499999999999999,,,1.8917525773195876,0.6116666666666667,2.003030303030303,,,1.1016666666666666
643,587,3,10.2,663189,4363208,5,0.47300000000000003,0.3745833333333333,0.5766875000000001,1.8774834437086092,0.567,2.0021141649048624,2.0,2.006484049930652,0.947
644,587,3,14.6,663189,4363208,3,0.515,,,1.8111111111111111,0.5433333333333333,2.0032362459546924,,,1.0316666666666667
645,587,3,20.9,663189,4363208,3,0.5516666666666666,,,1.899497487437186,0.63,2.003021148036254,,,1.105
646,587,3,29.9,663189,4363208,5,0.422,0.29109375,0.5836458333333334,1.7317073170731707,0.426,2.0023696682464456,2.0,2.0072690217391305,0.845
648,587,3,61.0,663189,4363208,7,0.445,0.3811875,0.499440625,1.8238482384823849,0.4807142857142857,2.001605136436597,2.0,2.0048543689320386,0.8907142857142857
649,587,3,87.4,663189,4363208,3,0.505,,,1.8908045977011494,0.5483333333333333,2.0033003300330035,,,1.0116666666666667
650,587,3,125.0,663189,4363208,6,0.44166666666666665,0.3260625,0.56814375,1.7591973244147157,0.43833333333333335,2.0,2.0,2.0,0.8833333333333333
651,488,5,5.0,60818,6314311,5,0.61,,,1.9158163265306123,0.751,2.0114754098360654,,,1.227
652,488,5,7.1,60818,6314311,3,0.435,,,1.7469879518072289,0.48333333333333334,2.0229885057471266,,,0.88
653,488,5,10.2,60818,6314311,4,0.43125,,,1.8687782805429864,0.51625,2.008695652173913,,,0.86625
654,488,5,14.6,60818,6314311,6,0.47583333333333333,0.37834375,0.57005,1.905511811023622,0.605,2.003502626970228,2.0,2.0100338955026453,0.9533333333333334
655,488,5,20.9,60818,6314311,2,0.605,,,1.9119496855345912,0.76,2.0041322314049586,,,1.2125
656,488,5,29.9,60818,6314311,3,0.37666666666666665,,,1.743421052631579,0.44166666666666665,2.0,,,0.7533333333333333
657,488,5,42.7,60818,6314311,5,0.5399999999999999,0.46,0.635,1.957957957957958,0.652,2.0,2.0,2.0,1.08
658,488,5,61.0,60818,6314311,4,0.49124999999999996,,,1.9529411764705882,0.6225,2.0025445292620865,,,0.98375
659,488,5,87.4,60818,6314311,6,0.42333333333333334,0.30165625,0.5409464285714286,1.9076433121019107,0.49916666666666665,2.0059055118110236,2.0,2.0090172624547624,0.8491666666666666
660,488,5,125.0,60818,6314311,3,0.48666666666666664,,,2.0338983050847457,0.6,2.0,,,0.9733333333333334
661,424,7,5.0,754181,7594924,3,0.38000000000000006,,,1.9019607843137254,0.485,2.004385964912281,,,0.7616666666666667
662,424,7,7.1,754181,7594924,1,0.35,,,1.775,0.355,2.0,,,0.7
663,424,7,10.2,754181,7594924,2,0.48750000000000004,,,1.706896551724138,0.495,2.005128205128205,,,0.9775
664,424,7,14.6,754181,7594924,1,0.67,,,1.9655172413793103,0.855,2.0074626865671643,,,1.345
665,424,7,20.9,754181,7594924,4,0.44625000000000004,,,1.869767441860465,0.5025,2.0028011204481793,,,0.89375
666,424,7,29.9,754181,7594924,4,0.6075,,,1.934640522875817,0.74,2.0020576131687244,,,1.21625
667,424,7,42.7,754181,7594924,3,0.47500000000000003,,,2.005780346820809,0.5783333333333334,2.0,,,0.95
668,424,7,61.0,754181,7594924,1,0.34,,,1.565217391304348,0.36,2.0,,,0.68
669,424,7,87.4,754181,7594924,4,0.49,,,1.9333333333333333,0.54375,2.002551020408163,,,0.98125
670,424,7,125.0,754181,7594924,2,0.3275,,,1.7065217391304348,0.3925,2.0076335877862594,,,0.6575
671,655,4,5.0,898154,1751566,3,0.3833333333333333,,,1.8273381294964028,0.42333333333333334,2.0,,,0.7666666666666667
672,655,4,7.1,898154,1751566,4,0.4875,,,1.8923766816143497,0.5275,2.005128205128205,,,0.9775
673,655,4,10.2,898154,1751566,3,0.4166666666666667,,,1.8653846153846154,0.485,2.0,,,0.8333333333333334
674,655,4,14.6,898154,1751566,2,0.485,,,1.809090909090909,0.4975,2.0,,,0.97
675,655,4,20.9,898154,1751566,4,0.5549999999999999,,,1.937007874015748,0.615,2.0045045045045047,,,1.1125
676,655,4,29.9,898154,1751566,7,0.46142857142857147,0.3804635416666667,0.5383541666666666,1.8596059113300492,0.5392857142857143,2.0077399380804954,2.001314223057644,2.0122913299604153,0.9264285714285714
677,655,4,42.7,898154,1751566,3,0.5299999999999999,,,1.7634408602150538,0.5466666666666666,2.00314465408805,,,1.0616666666666668
678,655,4,61.0,898154,1751566,5,0.49899999999999994,,,1.9966216216216217,0.591,2.0080160320641283,,,1.002
679,655,4,87.4,898154,1751566,6,0.41583333333333333,,,1.8243243243243243,0.45,2.002004008016032,,,0.8325
680,655,4,125.0,898154,1751566,4,0.3925,0.32340625000000006,0.48875,1.8186813186813187,0.41375,2.0031847133757963,2.0,2.007075471698113,0.78625
681,399,7,5.0,365033,6882073,3,0.39666666666666667,,,1.8269230769230769,0.475,2.0,,,0.7933333333333333
682,399,7,7.1,365033,6882073,3,0.4366666666666667,,,1.7668711656441718,0.48,2.0,,,0.8733333333333333
683,399,7,10.2,365033,6882073,5,0.502,,,1.8821656050955413,0.591,2.0,,,1.004
684,399,7,14.6,365033,6882073,5,0.386,0.315,0.43333333333333335,1.836734693877551,0.45,2.0025906735751295,2.0,2.0065217391304344,0.773
685,399,7,20.9,365033,6882073,2,0.575,,,1.9855072463768115,0.685,2.0,,,1.15
686,399,7,29.9,365033,6882073,8,0.509375,,,1.91699604743083,0.60625,2.0061349693251533,,,1.021875
687,399,7,42.7,365033,6882073,5,0.582,,,1.8575418994413408,0.665,2.0034364261168385,,,1.166
688,399,7,61.0,365033,6882073,1,0.285,,,1.6578947368421053,0.315,2.0,,,0.57
689,399,7,87.4,365033,6882073,2,0.35250000000000004,,,1.9891304347826086,0.4575,2.0,,,0.705
691,463,4,5.0,1083875,360924,1,0.67,,,1.7972972972972974,0.665,2.0,,,1.34
692,463,4,7.1,1083875,360924,3,0.5433333333333333,,,2.0358974358974358,0.6616666666666666,2.003067484662577,,,1.0883333333333334
693,463,4,10.2,1083875,360924,4,0.5625,,,1.914179104477612,0.64125,2.0,,,1.125
694,463,4,14.6,1083875,360924,3,0.5633333333333334,,,1.970873786407767,0.6766666666666666,2.002958579881657,,,1.1283333333333334
695,463,4,20.9,1083875,360924,2,0.56,,,1.8523489932885906,0.69,2.0044642857142856,,,1.1225
696,463,4,29.9,1083875,360924,6,0.5158333333333333,0.41797499999999993,0.5878732142857142,1.8092485549132948,0.5216666666666666,2.0064620355411953,2.001535433070866,2.010303621332091,1.035
697,463,4,42.7,1083875,360924,2,0.5925,,,2.041958041958042,0.73,2.0,,,1.185
699,463,4,87.4,1083875,360924,5,0.45099999999999996,0.34166666666666673,0.5779687500000001,1.8352941176470587,0.468,2.0,2.0,2.0,0.902
700,463,4,125.0,1083875,360924,4,0.4,,,1.839378238341969,0.44375,2.00625,,,0.8025
701,975,5,5.0,589887,4392660,5,0.42699999999999994,,,1.8602150537634408,0.519,2.002341920374707,,,0.855
702,975,5,7.1,589887,4392660,5,0.45899999999999996,,,1.8590604026845639,0.554,2.0,,,0.918
703,975,5,10.2,589887,4392660,5,0.40599999999999997,,,1.7569721115537849,0.441,2.0,,,0.812
704,975,5,14.6,589887,4392660,3,0.52,,,1.9234972677595628,0.5866666666666667,2.0064102564102564,,,1.0433333333333332
705,975,5,20.9,589887,4392660,4,0.505,,,1.8806584362139918,0.57125,2.007425742574257,,,1.01375
706,975,5,29.9,589887,4392660,3,0.465,,,1.808641975308642,0.48833333333333334,2.0,,,0.93
707,975,5,42.7,589887,4392660,7,0.5278571428571429,0.44546874999999997,0.6068035714285716,1.8966292134831462,0.6028571428571429,2.0,2.0,2.0,1.0557142857142856
708,975,5,61.0,589887,4392660,2,0.4525,,,2.009433962264151,0.5325,2.005524861878453,,,0.9075
709,975,5,87.4,589887,4392660,4,0.57375,,,1.9784172661870503,0.6875,2.002178649237473,,,1.14875
710,975,5,125.0,589887,4392660,4,0.5125,,,1.899581589958159,0.5675,2.002439024390244,,,1.02625
711,353,7,5.0,447493,1716934,3,0.5083333333333333,,,1.9593023255813953,0.5616666666666666,2.0,,,1.0166666666666666
712,353,7,7.1,447493,1716934,4,0.41750000000000004,,,1.803921568627451,0.46,2.0,,,0.835
713,353,7,10.2,447493,1716934,2,0.575,,,2.0551724137931036,0.745,2.0043478260869567,,,1.1525
714,353,7,14.6,447493,1716934,4,0.40499999999999997,,,1.8131313131313131,0.44875,2.0,,,0.81
715,353,7,20.9,447493,1716934,3,0.3416666666666666,,,1.7142857142857142,0.38,2.0,,,0.6833333333333333
716,353,7,29.9,447493,1716934,3,0.5616666666666666,,,1.945273631840796,0.6516666666666666,2.0029673590504453,,,1.125
717,353,7,42.7,447493,1716934,6,0.47666666666666674,,,1.8994252873563218,0.5508333333333333,2.0,,,0.9533333333333334
718,353,7,61.0,447493,1716934,3,0.48333333333333334,,,1.989010989010989,0.6033333333333334,2.0,,,0.9666666666666667
719,353,7,87.4,447493,1716934,6,0.4183333333333334,,,1.768166089965398,0.42583333333333334,2.0,,,0.8366666666666667
720,353,7,125.0,447493,1716934,4,0.5025,,,1.9123505976095618,0.6,2.0024875621890548,,,1.00625
721,250,8,5.0,911140,5410068,2,0.55,,,1.8823529411764706,0.72,2.0045454545454544,,,1.1025
722,250,8,7.1,911140,5410068,4,0.45375,,,1.8376068376068375,0.5375,2.002754820936639,,,0.90875
723,250,8,10.2,911140,5410068,3,0.49666666666666665,,,1.8978494623655915,0.5883333333333334,2.0033557046979866,,,0.995
724,250,8,14.6,911140,5410068,2,0.44499999999999995,,,1.934782608695652,0.445,2.0,,,0.89
725,250,8,20.9,911140,5410068,6,0.3708333333333333,,,1.8626760563380282,0.44083333333333335,2.004494382022472,,,0.7433333333333333
726,250,8,29.9,911140,5410068,3,0.4383333333333333,,,1.9745222929936306,0.5166666666666667,2.011406844106464,,,0.8816666666666667
727,250,8,42.7,911140,5410068,5,0.545,0.37983333333333336,0.6725208333333335,1.8,0.603,2.003669724770642,2.0,2.007415621266428,1.092
728,250,8,61.0,911140,5410068,4,0.44999999999999996,,,1.9045454545454545,0.52375,2.0,,,0.9
729,250,8,87.4,911140,5410068,4,0.54375,,,1.9625468164794007,0.655,2.004597701149425,,,1.09
730,250,8,125.0,911140,5410068,4,0.53,,,1.9320754716981132,0.64,2.0,,,1.06
731,898,7,5.0,760639,4056088,3,0.43,,,1.7027027027027026,0.42,2.0,,,0.86
732,898,7,7.1,760639,4056088,5,0.515,,,1.94375,0.622,2.0038834951456312,,,1.032
733,898,7,10.2,760639,4056088,5,0.40499999999999997,,,1.910204081632653,0.468,2.004938271604938,,,0.812
734,898,7,14.6,760639,4056088,5,0.497,,,2.0,0.632,2.004024144869215,,,0.996
735,898,7,20.9,760639,4056088,6,0.38916666666666666,0.2923958333333333,0.5,1.7847682119205297,0.44916666666666666,2.0,2.0,2.0,0.7783333333333333
736,898,7,29.9,760639,4056088,2,0.44,,,1.9047619047619047,0.5,2.0,,,0.88
737,898,7,42.7,760639,4056088,3,0.455,,,2.0253164556962027,0.5333333333333333,2.010989010989011,,,0.915
738,898,7,61.0,760639,4056088,4,0.4425,,,1.8502202643171806,0.525,2.0,,,0.885
739,898,7,87.4,760639,4056088,6,0.4891666666666666,,,1.9411764705882353,0.5225,2.0051107325383306,,,0.9808333333333333
740,898,7,125.0,760639,4056088,6,0.5316666666666666,0.43978125000000007,0.6266875,1.9784366576819408,0.6116666666666667,2.0047021943573666,2.0,2.008588680387409,1.0658333333333334
741,351,4,5.0,935689,642421,6,0.4716666666666667,0.34165625000000005,0.61,1.8853868194842407,0.5483333333333333,2.001766784452297,2.0,2.005050505050505,0.9441666666666667
742,351,4,7.1,935689,642421,2,0.455,,,1.9532710280373833,0.5225,2.0054945054945055,,,0.9125
743,351,4,10.2,935689,642421,5,0.523,,,1.8410596026490067,0.556,2.005736137667304,,,1.049
744,351,4,14.6,935689,642421,2,0.39,,,1.8297872340425532,0.43,2.0064102564102564,,,0.7825
745,351,4,20.9,935689,642421,7,0.4935714285714286,0.4020729166666666,0.59025,1.8914141414141414,0.535,2.002894356005789,2.0,2.007051282051282,0.9885714285714285
746,351,4,29.9,935689,642421,2,0.495,,,1.8818181818181818,0.5175,2.005050505050505,,,0.9925
747,351,4,42.7,935689,642421,5,0.45899999999999996,,,1.7956204379562044,0.492,2.002178649237473,,,0.919
748,351,4,61.0,935689,642421,2,0.54,,,1.982608695652174,0.57,2.009259259259259,,,1.085
749,351,4,87.4,935689,642421,2,0.5575,,,1.92,0.6,2.0,,,1.115
750,351,4,125.0,935689,642421,6,0.5566666666666666,0.43299999999999994,0.6625208333333333,2.05352798053528,0.7033333333333334,2.004491017964072,2.0,2.0086859809027775,1.1158333333333332
751,755,6,5.0,815771,5006363,3,0.465,,,2.0,0.5666666666666667,2.0,,,0.93
752,755,6,7.1,815771,5006363,2,0.61,,,1.8985507246376812,0.655,2.0040983606557377,,,1.2225
753,755,6,10.2,815771,5006363,4,0.525,,,1.9922480620155039,0.6425,2.0,,,1.05
754,755,6,14.6,815771,5006363,4,0.49749999999999994,,,1.9134199134199135,0.5525,2.0,,,0.995
755,755,6,20.9,815771,5006363,2,0.395,,,1.9883720930232558,0.4275,2.0,,,0.79
756,755,6,29.9,815771,5006363,4,0.48625,,,1.8716814159292035,0.52875,2.0,,,0.9725
757,755,6,42.7,815771,5006363,5,0.39399999999999996,,,1.7827868852459017,0.435,2.00507614213198,,,0.79
758,755,6,61.0,815771,5006363,5,0.48900000000000005,,,1.8906752411575563,0.588,2.0040899795501024,,,0.98
759,755,6,87.4,815771,5006363,3,0.5366666666666667,,,1.9545454545454546,0.645,2.0062111801242235,,,1.0766666666666667
760,755,6,125.0,815771,5006363,2,0.5575000000000001,,,1.8928571428571428,0.53,2.0,,,1.115
761,381,6,5.0,612977,1098150,1,0.35,,,1.6744186046511629,0.36,2.0,,,0.7
762,381,6,7.1,612977,1098150,7,0.5221428571428571,,,1.9172413793103449,0.5957142857142858,2.0054719562243504,,,1.0471428571428572
763,381,6,10.2,612977,1098150,3,0.51,,,1.8435754189944134,0.55,2.0065359477124183,,,1.0233333333333334
764,381,6,14.6,612977,1098150,4,0.50125,,,1.8385650224215246,0.5125,2.0074812967581046,,,1.00625
765,381,6,20.9,612977,1098150,4,0.42,,,1.907079646017699,0.53875,2.0029761904761907,,,0.84125
766,381,6,29.9,612977,1098150,3,0.4983333333333333,,,1.920731707317073,0.525,2.0133779264214047,,,1.0033333333333334
767,381,6,42.7,612977,1098150,5,0.48600000000000004,0.35875,0.5815178571428572,1.9863945578231292,0.584,2.006172839506173,2.0,2.0092622714652415,0.975
768,381,6,61.0,612977,1098150,8,0.46374999999999994,0.36230113636363637,0.5853125,1.8855291576673867,0.545625,2.004043126684636,2.0,2.012180310326378,0.929375
769,381,6,87.4,612977,1098150,1,0.305,,,1.9189189189189189,0.355,2.0,,,0.61
770,381,6,125.0,612977,1098150,3,0.4466666666666666,,,1.9254658385093169,0.5166666666666667,2.0111940298507465,,,0.8983333333333333
771,285,7,5.0,479437,1362798,3,0.4633333333333334,,,1.8695652173913044,0.5016666666666667,2.0,,,0.9266666666666666
772,285,7,7.1,479437,1362798,2,0.40249999999999997,,,1.8829787234042554,0.4425,2.0,,,0.805
773,285,7,10.2,479437,1362798,3,0.38166666666666665,,,1.8972602739726028,0.46166666666666667,2.0,,,0.7633333333333333
774,285,7,14.6,479437,1362798,4,0.42125,,,1.8366336633663367,0.46375,2.0,,,0.8425
775,285,7,20.9,479437,1362798,3,0.4216666666666667,,,1.9141104294478528,0.52,2.0,,,0.8433333333333334
776,285,7,29.9,479437,1362798,4,0.5025,,,1.9540229885057472,0.6375,2.0,,,1.005
777,285,7,42.7,479437,1362798,5,0.409,,,1.9288537549407114,0.488,2.0,,,0.818
778,285,7,61.0,479437,1362798,3,0.48500000000000004,,,1.9127906976744187,0.5483333333333333,2.0,,,0.97
779,285,7,87.4,479437,1362798,4,0.4425,,,1.7958115183246073,0.42875,2.0,,,0.885
780,285,7,125.0,479437,1362798,5,0.503,0.3974910714285714,0.605125,1.8159722222222223,0.523,2.0,2.0,2.0,1.006
781,594,4,5.0,240540,7147011,4,0.43125,,,1.7016806722689075,0.50625,2.0057971014492755,,,0.865
782,594,4,7.1,240540,7147011,2,0.5175000000000001,,,1.8055555555555556,0.65,2.004830917874396,,,1.0375
783,594,4,10.2,240540,7147011,5,0.394,0.295,0.4851000000000001,1.840637450199203,0.462,2.0,2.0,2.0,0.788
784,594,4,14.6,240540,7147011,3,0.40499999999999997,,,1.78343949044586,0.4666666666666667,2.0,,,0.81
785,594,4,20.9,240540,7147011,8,0.46875,0.40234375,0.5300208333333334,1.9443254817987152,0.5675,2.001333333333333,2.0,2.0041397849462363,0.938125
786,594,4,29.9,240540,7147011,7,0.36357142857142855,,,1.917763157894737,0.4164285714285714,2.00196463654224,,,0.7278571428571429
787,594,4,42.7,240540,7147011,3,0.4483333333333333,,,1.8766233766233766,0.4816666666666667,2.003717472118959,,,0.8983333333333333
788,594,4,61.0,240540,7147011,3,0.5216666666666666,,,1.9844559585492227,0.6383333333333333,2.0031948881789137,,,1.045
789,594,4,87.4,240540,7147011,4,0.5,,,1.8565737051792828,0.5825,2.0025,,,1.00125
790,594,4,125.0,240540,7147011,4,0.41625,,,1.8181818181818181,0.475,2.0,,,0.8325
791,528,8,5.0,748694,1322580,6,0.49000000000000005,0.36796666666666666,0.6558125000000002,1.875,0.5625,2.0,2.0,2.0,0.98
792,528,8,7.1,748694,1322580,4,0.38499999999999995,0.285,0.49562500000000015,1.8121827411167513,0.44625,2.0,2.0,2.0,0.77
793,528,8,10.2,748694,1322580,2,0.4275,,,1.7809523809523808,0.4675,2.0,,,0.855
794,528,8,14.6,748694,1322580,8,0.5331250000000001,0.43914583333333335,0.6012723214285715,1.9460500963391136,0.63125,2.0011723329425557,2.0,2.003566666666667,1.066875
795,528,8,20.9,748694,1322580,5,0.496,0.36987499999999995,0.6025,1.8132911392405062,0.573,2.0,2.0,2.0,0.992
796,528,8,29.9,748694,1322580,1,0.335,,,1.85,0.37,2.0,,,0.67
797,528,8,42.7,748694,1322580,1,0.58,,,1.7258064516129032,0.535,2.0,,,1.16
798,528,8,61.0,748694,1322580,3,0.47833333333333333,,,1.8804347826086956,0.5766666666666667,2.0,,,0.9566666666666667
799,528,8,87.4,748694,1322580,4,0.5237499999999999,,,1.8875968992248062,0.60875,2.0,,,1.0475
800,528,8,125.0,748694,1322580,6,0.49416666666666664,0.39159375,0.610125,1.8835978835978835,0.5933333333333334,2.0,2.0,2.0,0.9883333333333333
801,836,8,5.0,521879,6151711,4,0.55625,,,1.9482758620689655,0.70625,2.002247191011236,,,1.11375
802,836,8,7.1,521879,6151711,4,0.49124999999999996,,,1.9183673469387754,0.5875,2.0025445292620865,,,0.98375
803,836,8,10.2,521879,6151711,4,0.46249999999999997,,,1.7510917030567685,0.50125,2.002702702702703,,,0.92625
804,836,8,14.6,521879,6151711,4,0.37124999999999997,,,1.831578947368421,0.435,2.0,,,0.7425
805,836,8,20.9,521879,6151711,4,0.395,,,1.7409326424870466,0.42,2.0031645569620253,,,0.79125
806,836,8,29.9,521879,6151711,4,0.41500000000000004,,,1.7572815533980584,0.4525,2.0,,,0.83
807,836,8,42.7,521879,6151711,4,0.5075,,,1.94331983805668,0.6,2.0073891625615765,,,1.01875
808,836,8,61.0,521879,6151711,4,0.35875,,,1.8961748633879782,0.43375,2.0,,,0.7175
809,836,8,87.4,521879,6151711,4,0.47875,,,1.8484848484848484,0.53375,2.0052219321148823,,,0.96
810,836,8,125.0,521879,6151711,4,0.3825,,,1.8277777777777777,0.41125,2.0,,,0.765
811,687,2,5.0,1029800,4329160,6,0.6825,0.6002083333333336,0.775,2.4165103189493435,1.0733333333333333,2.075702075702076,2.0594782608695654,2.0888205634268706,1.4166666666666667
812,687,2,7.1,1029800,4329160,5,0.74,,,2.024048096192385,1.01,2.058108108108108,,,1.523
813,687,2,10.2,1029800,4329160,3,0.7316666666666668,,,1.825278810408922,0.8183333333333334,2.0364464692482915,,,1.49
814,687,2,14.6,1029800,4329160,3,0.565,,,1.5454545454545454,0.51,2.0206489675516224,,,1.1416666666666666
815,687,2,20.9,1029800,4329160,6,0.605,,,1.5676855895196506,0.5983333333333334,2.0192837465564737,,,1.2216666666666667
816,687,2,29.9,1029800,4329160,5,0.625,,,1.64,0.615,2.0224,,,1.264
817,687,2,42.7,1029800,4329160,1,0.61,,,1.644736842105263,0.6249999999999999,2.0081967213114753,,,1.225
818,687,2,61.0,1029800,4329160,4,0.62625,,,1.6271186440677967,0.6,2.007984031936128,,,1.2575
819,687,2,87.4,1029800,4329160,6,0.5391666666666667,0.47495000000000004,0.59,1.6493506493506493,0.5291666666666667,2.017001545595054,2.0063174019607843,2.028424634931111,1.0875
820,687,2,125.0,1029800,4329160,4,0.69875,,,1.6287425149700598,0.68,2.0035778175313057,,,1.4
821,994,4,5.0,707499,5760580,5,0.36100000000000004,0.33927232142857144,0.38800833333333334,1.7838983050847457,0.421,2.0,2.0,2.0,0.722
822,994,4,7.1,707499,5760580,5,0.472,0.37231250000000005,0.5725,1.8160535117056855,0.543,2.0042372881355934,2.0,2.014336917562724,0.946
823,994,4,10.2,707499,5760580,5,0.513,,,1.8018575851393188,0.582,2.0019493177387915,,,1.027
824,994,4,14.6,707499,5760580,6,0.5091666666666667,0.37189642857142857,0.61335,1.9098360655737705,0.5825,2.011456628477905,2.0027201142015105,2.0172960865037823,1.0241666666666667
825,994,4,20.9,707499,5760580,2,0.39,,,1.7722772277227723,0.4475,2.0064102564102564,,,0.7825
826,994,4,29.9,707499,5760580,6,0.43583333333333335,0.36246875,0.5436071428571428,1.8138138138138138,0.5033333333333333,2.0038240917782026,2.0,2.007724242424242,0.8733333333333333
827,994,4,42.7,707499,5760580,3,0.4016666666666666,,,1.837837837837838,0.4533333333333333,2.0,,,0.8033333333333333
828,994,4,61.0,707499,5760580,6,0.4366666666666667,0.3170892857142857,0.57446875,1.93125,0.515,2.0057251908396947,2.0,2.0103589810568683,0.8758333333333334
829,994,4,87.4,707499,5760580,5,0.5760000000000001,,,1.9707602339181287,0.674,2.0034722222222223,,,1.154
830,994,4,125.0,707499,5760580,2,0.5375000000000001,,,1.8837209302325582,0.6075,2.0046511627906978,,,1.0775
831,782,2,5.0,416203,7873062,3,0.45333333333333337,,,18.049411764705884,12.785,2.161764705882353,,,0.98
832,782,2,7.1,416203,7873062,5,0.7590000000000001,0.6860937500000001,0.8375625,11.74235807860262,8.067,2.155467720685112,2.111457648648097,2.2449080793420415,1.636
833,782,2,10.2,416203,7873062,6,0.84,0.7623749999999999,0.919421875,6.130779392338177,3.8675,2.136904761904762,2.126874013490907,2.1470273247435108,1.795
834,782,2,14.6,416203,7873062,4,0.8250000000000001,,,3.751619870410367,2.17125,2.1166666666666667,,,1.74625
835,782,2,20.9,416203,7873062,4,0.715,,,2.660759493670886,1.31375,2.075174825174825,,,1.48375
836,782,2,29.9,416203,7873062,4,0.6025,,,2.078688524590164,0.7925,2.070539419087137,,,1.2475
837,782,2,42.7,416203,7873062,5,0.5650000000000001,,,1.7780979827089338,0.617,2.038938053097345,,,1.152
838,782,2,61.0,416203,7873062,4,0.5249999999999999,0.43,0.71,1.5498154981549817,0.525,2.0547619047619046,2.0232558139534884,2.080808080808081,1.07875
839,782,2,87.4,416203,7873062,4,0.69625,,,1.7379518072289157,0.72125,2.0323159784560145,,,1.415
840,782,2,125.0,416203,7873062,2,0.45999999999999996,,,1.5609756097560976,0.48,2.010869565217391,,,0.925
841,948,6,5.0,1102116,3964761,5,0.481,,,1.8524590163934427,0.565,2.002079002079002,,,0.963
842,948,6,7.1,1102116,3964761,3,0.32833333333333337,,,1.6614173228346456,0.3516666666666667,2.010152284263959,,,0.66
843,948,6,10.2,1102116,3964761,5,0.516,0.3834895833333334,0.6063500000000001,1.9003322259136213,0.572,2.0,2.0,2.0,1.032
844,948,6,14.6,1102116,3964761,5,0.567,0.5575000000000001,0.57628125,2.027355623100304,0.667,2.0,2.0,2.0,1.134
845,948,6,20.9,1102116,3964761,5,0.45899999999999996,,,1.8181818181818181,0.5,2.0,,,0.918
846,948,6,29.9,1102116,3964761,7,0.5,0.44990625,0.5472499999999999,1.8812351543942993,0.5657142857142857,2.0028571428571427,2.0,2.0059722222222223,1.0014285714285713
847,948,6,42.7,1102116,3964761,3,0.4016666666666666,,,1.8794326241134751,0.44166666666666665,2.0,,,0.8033333333333333
848,948,6,61.0,1102116,3964761,3,0.3433333333333333,,,1.8253968253968254,0.38333333333333336,2.004854368932039,,,0.6883333333333334
849,948,6,87.4,1102116,3964761,4,0.44249999999999995,,,1.8181818181818181,0.5,2.0,,,0.885
850,948,6,125.0,1102116,3964761,5,0.525,,,1.8703703703703705,0.606,2.001904761904762,,,1.051
851,945,7,5.0,829011,2599119,5,0.43,,,1.8981132075471698,0.503,2.0069767441860464,,,0.863
853,945,7,10.2,829011,2599119,6,0.48666666666666664,0.38585,0.5966666666666667,1.8812154696132597,0.5675,2.0017123287671232,2.0,2.0040650406504064,0.9741666666666666
854,945,7,14.6,829011,2599119,1,0.55,,,1.8974358974358974,0.74,2.0090909090909093,,,1.1050000000000002
855,945,7,20.9,829011,2599119,5,0.392,,,1.7913385826771653,0.455,2.0051020408163267,,,0.786
856,945,7,29.9,829011,2599119,5,0.43499999999999994,0.3025,0.5516666666666666,1.950570342205323,0.513,2.0,2.0,2.0,0.87
857,945,7,42.7,829011,2599119,4,0.42499999999999993,,,2.0233644859813085,0.54125,2.0058823529411764,,,0.8525
858,945,7,61.0,829011,2599119,2,0.35750000000000004,,,1.8369565217391304,0.4225,2.0,,,0.715
859,945,7,87.4,829011,2599119,7,0.44,0.36297500000000005,0.5250833333333333,1.9107611548556431,0.52,2.0064935064935066,2.0,2.0137647058823527,0.8828571428571429
860,945,7,125.0,829011,2599119,7,0.5000000000000001,,,1.9223744292237444,0.6014285714285714,2.0042857142857144,,,1.0021428571428572
861,120,3,5.0,918714,2820493,7,0.5064285714285715,0.4124375,0.6139479166666666,1.864864864864865,0.5914285714285714,2.002820874471086,2.0,2.005313637710609,1.0142857142857142
862,120,3,7.1,918714,2820493,3,0.5316666666666666,,,1.9285714285714286,0.585,2.0031347962382444,,,1.065
863,120,3,10.2,918714,2820493,9,0.4861111111111111,0.40182792207792206,0.5983718750000001,1.8563432835820894,0.5527777777777778,2.0022857142857142,2.0,2.0043872921735604,0.9733333333333334
864,120,3,14.6,918714,2820493,5,0.5740000000000001,,,1.8398791540785497,0.609,2.005226480836237,,,1.151
865,120,3,20.9,918714,2820493,2,0.3875,,,1.9230769230769231,0.4375,2.0064516129032257,,,0.7775
866,120,3,29.9,918714,2820493,4,0.46125,,,1.7455357142857142,0.48875,2.0,,,0.9225
867,120,3,42.7,918714,2820493,3,0.38666666666666666,,,1.7857142857142858,0.4166666666666667,2.0043103448275863,,,0.775
868,120,3,61.0,918714,2820493,2,0.355,,,1.8625,0.3725,2.007042253521127,,,0.7125
869,120,3,87.4,918714,2820493,3,0.5066666666666667,,,1.808139534883721,0.5183333333333333,2.0032894736842106,,,1.015
870,120,3,125.0,918714,2820493,5,0.472,,,1.811387900355872,0.509,2.0,,,0.944
871,574,8,5.0,109802,874266,1,0.365,,,1.7619047619047619,0.37,2.0,,,0.73
872,574,8,7.1,109802,874266,9,0.4166666666666667,,,1.9023354564755839,0.49777777777777776,2.0,,,0.8333333333333334
873,574,8,10.2,109802,874266,3,0.5599999999999999,,,1.8949771689497716,0.6916666666666667,2.0,,,1.12
874,574,8,14.6,109802,874266,7,0.5271428571428572,0.40241666666666664,0.6452000000000001,1.9113924050632911,0.6471428571428571,2.002710027100271,2.0,2.0046622326551904,1.0557142857142856
875,574,8,20.9,109802,874266,2,0.325,,,1.7738095238095237,0.3725,2.0,,,0.65
876,574,8,29.9,109802,874266,4,0.44375000000000003,,,1.9151785714285714,0.53625,2.0028169014084507,,,0.88875
877,574,8,42.7,109802,874266,6,0.5491666666666667,0.48496875,0.6067083333333333,1.8505747126436782,0.6708333333333333,2.0,2.0,2.0,1.0983333333333334
878,574,8,61.0,109802,874266,3,0.425,,,1.8888888888888888,0.4816666666666667,2.0,,,0.85
879,574,8,87.4,109802,874266,3,0.5133333333333333,,,1.7956989247311828,0.5566666666666666,2.0,,,1.0266666666666666
880,574,8,125.0,109802,874266,1,0.335,,,1.8157894736842106,0.345,2.0,,,0.67
881,301,8,5.0,124793,3805108,5,0.41200000000000003,,,1.9094076655052266,0.548,2.0024271844660193,,,0.825
882,301,8,7.1,124793,3805108,4,0.41875,,,1.793103448275862,0.52,2.0,,,0.8375
883,301,8,10.2,124793,3805108,4,0.49125,,,1.9382716049382716,0.58875,2.0025445292620865,,,0.98375
884,301,8,14.6,124793,3805108,5,0.46799999999999997,,,1.9060402684563758,0.568,2.0,,,0.936
885,301,8,20.9,124793,3805108,4,0.4625,,,1.844155844155844,0.5325,2.0054054054054054,,,0.9275
886,301,8,29.9,124793,3805108,4,0.40375,,,1.9090909090909092,0.44625,2.003095975232198,,,0.80875
887,301,8,42.7,124793,3805108,3,0.45999999999999996,,,1.969325153374233,0.535,2.0,,,0.92
888,301,8,61.0,124793,3805108,3,0.5133333333333333,,,1.9278350515463918,0.6233333333333333,2.0,,,1.0266666666666666
889,301,8,87.4,124793,3805108,2,0.4325,,,1.9189189189189189,0.5325,2.0,,,0.865
890,301,8,125.0,124793,3805108,4,0.41625,,,1.7967032967032968,0.40875,2.0,,,0.8325
891,396,7,5.0,222489,4978659,4,0.50625,,,1.816793893129771,0.595,2.0,,,1.0125
892,396,7,7.1,222489,4978659,5,0.48600000000000004,,,1.8530351437699681,0.58,2.0020576131687244,,,0.973
893,396,7,10.2,222489,4978659,3,0.48666666666666664,,,1.7514124293785311,0.5166666666666667,2.0,,,0.9733333333333334
894,396,7,14.6,222489,4978659,2,0.5625,,,1.8933333333333333,0.71,2.0,,,1.125
895,396,7,20.9,222489,4978659,4,0.38875000000000004,,,1.86096256684492,0.435,2.0,,,0.7775
896,396,7,29.9,222489,4978659,1,0.265,,,1.7619047619047619,0.37,2.0,,,0.53
897,396,7,42.7,222489,4978659,2,0.5275000000000001,,,1.871212121212121,0.6175,2.004739336492891,,,1.0575
898,396,7,61.0,222489,4978659,8,0.4625000000000001,0.36990277777777775,0.5288124999999999,1.886509635974304,0.550625,2.0,2.0,2.0,0.925
899,396,7,87.4,222489,4978659,5,0.512,,,1.8870967741935485,0.585,2.0,,,1.024
900,396,7,125.0,222489,4978659,5,0.46099999999999997,0.315,0.6103750000000001,1.7972508591065293,0.523,2.0,2.0,2.0,0.922
901,144,5,5.0,736515,7713830,5,0.502,,,1.8481848184818481,0.56,2.00398406374502,,,1.006
902,144,5,7.1,736515,7713830,2,0.565,,,1.9015151515151516,0.6275,2.0,,,1.13
903,144,5,10.2,736515,7713830,5,0.5700000000000001,,,1.9486486486486487,0.721,2.0105263157894737,,,1.146
904,144,5,14.6,736515,7713830,2,0.39,,,1.8144329896907216,0.44,2.0064102564102564,,,0.7825
905,144,5,20.9,736515,7713830,4,0.50625,,,1.8867924528301887,0.625,2.0024691358024693,,,1.01375
906,144,5,29.9,736515,7713830,4,0.5625,,,1.881679389312977,0.61625,2.002222222222222,,,1.12625
907,144,5,42.7,736515,7713830,1,0.465,,,1.9516129032258065,0.605,2.0,,,0.93
908,144,5,61.0,736515,7713830,6,0.5008333333333334,,,1.9417177914110428,0.5275,2.0,,,1.0016666666666667
909,144,5,87.4,736515,7713830,4,0.39,,,1.8481675392670156,0.44125,2.0096153846153846,,,0.78375
910,144,5,125.0,736515,7713830,2,0.5275,,,2.016260162601626,0.62,2.0,,,1.055
911,662,4,5.0,103542,6259861,4,0.57875,,,1.89937106918239,0.755,2.0086393088552916,,,1.1625
912,662,4,7.1,103542,6259861,5,0.392,,,1.6836363636363636,0.463,2.00765306122449,,,0.787
913,662,4,10.2,103542,6259861,5,0.43000000000000005,,,1.7570422535211268,0.499,2.0046511627906978,,,0.862
914,662,4,14.6,103542,6259861,4,0.43374999999999997,,,1.789237668161435,0.49875,2.0,,,0.8675
915,662,4,20.9,103542,6259861,3,0.305,,,1.779527559055118,0.37666666666666665,2.0054644808743167,,,0.6116666666666667
916,662,4,29.9,103542,6259861,4,0.4625,,,2.0,0.565,2.0216216216216214,,,0.935
917,662,4,42.7,103542,6259861,2,0.435,,,1.7789473684210526,0.4225,2.0057471264367814,,,0.8725
918,662,4,61.0,103542,6259861,4,0.6225,,,1.9195046439628483,0.775,2.004016064257028,,,1.2475
919,662,4,87.4,103542,6259861,3,0.48,,,1.977142857142857,0.5766666666666667,2.0034722222222223,,,0.9616666666666667
920,662,4,125.0,103542,6259861,6,0.4566666666666666,0.3444375,0.5847321428571429,1.8807339449541285,0.5125,2.0018248175182483,2.0,2.0051020408163263,0.9141666666666667
921,162,6,5.0,653866,7977897,1,0.72,,,1.7840909090909092,0.785,2.0,,,1.44
922,162,6,7.1,653866,7977897,2,0.5349999999999999,,,2.0703125,0.6625,2.0,,,1.07
923,162,6,10.2,653866,7977897,3,0.525,,,1.7810945273631842,0.5966666666666667,2.0095238095238095,,,1.055
924,162,6,14.6,653866,7977897,2,0.5725,,,1.8405797101449275,0.635,2.0,,,1.145
925,162,6,20.9,653866,7977897,8,0.48375000000000007,0.3653177083333334,0.5639241071428572,1.9076923076923078,0.5425,2.0,2.0,2.0,0.9675
926,162,6,29.9,653866,7977897,4,0.46875,,,1.831275720164609,0.55625,2.0,,,0.9375
927,162,6,42.7,653866,7977897,2,0.62,,,1.8516129032258064,0.7175,2.0,,,1.24
928,162,6,61.0,653866,7977897,3,0.5949999999999999,,,1.7991071428571428,0.6716666666666666,2.0,,,1.19
930,162,6,125.0,653866,7977897,4,0.48750000000000004,,,1.8294930875576036,0.49625,2.0025641025641026,,,0.97625
931,153,8,5.0,541337,1076629,5,0.516,0.32475000000000004,0.64,1.911764705882353,0.585,2.001937984496124,2.0,2.0047005208333335,1.033
932,153,8,7.1,541337,1076629,6,0.49583333333333335,0.39446875,0.5800312500000001,1.9088471849865951,0.5933333333333334,2.0016806722689076,2.0,2.00390625,0.9925
933,153,8,10.2,541337,1076629,3,0.47000000000000003,,,1.9047619047619047,0.5333333333333333,2.00709219858156,,,0.9433333333333334
934,153,8,14.6,541337,1076629,4,0.49000000000000005,,,1.9282511210762332,0.5375,2.0051020408163267,,,0.9825
935,153,8,20.9,541337,1076629,2,0.3775,,,1.6451612903225807,0.3825,2.006622516556291,,,0.7575
936,153,8,29.9,541337,1076629,3,0.5083333333333333,,,1.9880239520958083,0.5533333333333333,2.00327868852459,,,1.0183333333333333
937,153,8,42.7,541337,1076629,6,0.5516666666666666,0.4704027777777777,0.6059776785714287,1.8664987405541562,0.6175,2.004531722054381,2.0,2.0098670269124814,1.1058333333333332
938,153,8,61.0,541337,1076629,4,0.38875000000000004,,,1.8601036269430051,0.44875,2.0032154340836015,,,0.77875
939,153,8,87.4,541337,1076629,5,0.45199999999999996,,,1.8181818181818181,0.48,2.006637168141593,,,0.907
940,153,8,125.0,541337,1076629,5,0.5229999999999999,,,1.8860759493670887,0.596,2.0019120458891013,,,1.047
941,440,4,5.0,966243,3484389,4,0.345,,,1.8202247191011236,0.405,2.0,,,0.69
942,440,4,7.1,966243,3484389,4,0.4375,,,1.9027777777777777,0.51375,2.0,,,0.875
943,440,4,10.2,966243,3484389,6,0.4266666666666666,0.29922023809523807,0.6155000000000002,1.894736842105263,0.48,2.005859375,2.0,2.0092379378673826,0.8558333333333333
944,440,4,14.6,966243,3484389,3,0.4583333333333333,,,1.8294117647058823,0.5183333333333333,2.0,,,0.9166666666666666
945,440,4,20.9,966243,3484389,2,0.41250000000000003,,,1.9431818181818181,0.4275,2.0,,,0.825
946,440,4,29.9,966243,3484389,4,0.46875,,,1.8663594470046083,0.50625,2.002666666666667,,,0.93875
947,440,4,42.7,966243,3484389,3,0.4983333333333333,,,1.8554913294797688,0.535,2.0066889632107023,,,1.0
948,440,4,61.0,966243,3484389,3,0.46,,,1.858974358974359,0.48333333333333334,2.003623188405797,,,0.9216666666666666
949,440,4,87.4,966243,3484389,3,0.535,,,1.984771573604061,0.6516666666666666,2.0031152647975077,,,1.0716666666666668
950,440,4,125.0,966243,3484389,4,0.365,,,1.881720430107527,0.4375,2.0,,,0.73
951,155,7,5.0,878853,2674948,5,0.471,0.3616875,0.5725,1.9214285714285715,0.538,2.0042462845010616,2.0,2.0103092783505154,0.944
952,155,7,7.1,878853,2674948,5,0.47400000000000003,,,1.8926174496644295,0.564,2.00210970464135,,,0.949
953,155,7,10.2,878853,2674948,4,0.5325,0.48865625,0.5908750000000002,1.9849056603773585,0.6575,2.0023474178403755,2.0,2.01,1.06625
954,155,7,14.6,878853,2674948,2,0.4175,,,1.8076923076923077,0.47,2.0,,,0.835
955,155,7,20.9,878853,2674948,5,0.5319999999999999,,,1.8823529411764706,0.608,2.0,,,1.064
956,155,7,29.9,878853,2674948,3,0.5383333333333333,,,2.1047120418848166,0.67,2.0061919504643964,,,1.08
957,155,7,42.7,878853,2674948,6,0.5683333333333334,0.49167187500000004,0.6433750000000001,2.0,0.6933333333333334,2.002932551319648,2.0,2.0066595441595445,1.1383333333333334
958,155,7,61.0,878853,2674948,3,0.6433333333333332,,,1.9036144578313252,0.79,2.0025906735751295,,,1.2883333333333333
959,155,7,87.4,878853,2674948,4,0.44249999999999995,,,1.9330357142857142,0.54125,2.0028248587570623,,,0.88625
960,155,7,125.0,878853,2674948,4,0.37,,,1.8181818181818181,0.4,2.0067567567567566,,,0.7425
961,613,3,5.0,393902,2016547,5,0.418,0.3364000000000001,0.5001666666666668,1.8650519031141868,0.539,2.0,2.0,2.0,0.836
962,613,3,7.1,393902,2016547,6,0.39666666666666667,0.32166666666666666,0.5125,1.826086956521739,0.455,2.004201680672269,2.0,2.0081639566395664,0.795
963,613,3,10.2,393902,2016547,2,0.495,,,1.860655737704918,0.5675,2.0,,,0.99
964,613,3,14.6,393902,2016547,3,0.48166666666666663,,,1.839080459770115,0.5333333333333333,2.0,,,0.9633333333333334
965,613,3,20.9,393902,2016547,1,0.66,,,1.7469879518072289,0.725,2.0,,,1.32
966,613,3,29.9,393902,2016547,5,0.466,0.32000000000000006,0.6040875000000001,1.7758007117437722,0.499,2.0021459227467813,2.0,2.0060606060606063,0.933
967,613,3,42.7,393902,2016547,4,0.4725,,,1.908675799086758,0.5225,2.002645502645503,,,0.94625
968,613,3,61.0,393902,2016547,2,0.5175000000000001,,,2.0327868852459017,0.62,2.0,,,1.035
969,613,3,87.4,393902,2016547,6,0.5349999999999999,,,1.9228650137741048,0.5816666666666667,2.0,,,1.07
970,613,3,125.0,393902,2016547,2,0.6399999999999999,,,1.7515923566878981,0.6875,2.0,,,1.28
971,530,8,5.0,1098735,4618356,6,0.44,0.3682708333333333,0.51175,1.8654434250764527,0.5083333333333333,2.0,2.0,2.0,0.88
972,530,8,7.1,1098735,4618356,3,0.505,,,1.8644067796610169,0.55,2.0066006600660065,,,1.0133333333333334
973,530,8,10.2,1098735,4618356,3,0.46,,,1.8012422360248448,0.48333333333333334,2.0,,,0.92
974,530,8,14.6,1098735,4618356,1,0.31,,,1.7727272727272727,0.39,2.0,,,0.62
975,530,8,20.9,1098735,4618356,3,0.5283333333333333,,,1.9723756906077348,0.595,2.0,,,1.0566666666666666
976,530,8,29.9,1098735,4618356,5,0.45600000000000007,0.35750000000000004,0.5626562500000001,1.8798586572438163,0.532,2.0,2.0,2.0,0.912
977,530,8,42.7,1098735,4618356,5,0.518,,,1.8977635782747604,0.594,2.0,,,1.036
978,530,8,61.0,1098735,4618356,4,0.3712500000000001,,,1.905027932960894,0.42625,2.0,,,0.7425
979,530,8,87.4,1098735,4618356,6,0.47083333333333327,0.36873958333333334,0.5716666666666667,1.853731343283582,0.5175,2.0,2.0,2.0,0.9416666666666667
980,530,8,125.0,1098735,4618356,3,0.42999999999999994,,,1.7757575757575759,0.48833333333333334,2.0,,,0.86
981,990,3,5.0,625697,7489363,6,0.37666666666666665,0.27999999999999997,0.49696875000000007,1.8013245033112584,0.4533333333333333,2.002212389380531,2.0,2.0092592592592595,0.7541666666666667
982,990,3,7.1,625697,7489363,4,0.55125,,,1.8089887640449438,0.60375,2.00453514739229,,,1.105
983,990,3,10.2,625697,7489363,2,0.28500000000000003,,,1.705128205128205,0.3325,2.0,,,0.57
984,990,3,14.6,625697,7489363,5,0.597,0.504875,0.6517291666666667,1.7899408284023668,0.605,2.006700167504188,2.0,2.013482170186715,1.198
985,990,3,20.9,625697,7489363,7,0.5207142857142857,0.4074017857142857,0.60704375,1.9752252252252251,0.6264285714285714,2.0054869684499312,2.001567359527265,2.0100347705203827,1.0442857142857143
986,990,3,29.9,625697,7489363,4,0.43374999999999997,,,1.7745098039215685,0.4525,2.0,,,0.8675
987,990,3,42.7,625697,7489363,2,0.5075,,,1.889763779527559,0.6,2.0,,,1.015
988,990,3,61.0,625697,7489363,4,0.5525,,,1.7358490566037736,0.575,2.002262443438914,,,1.10625
989,990,3,87.4,625697,7489363,4,0.54125,,,1.937759336099585,0.58375,2.0,,,1.0825
990,990,3,125.0,625697,7489363,2,0.515,,,1.884297520661157,0.57,2.0,,,1.03
991,111,7,5.0,901370,2165039,7,0.5278571428571428,0.4326125,0.6200416666666667,1.9207708779443255,0.6407142857142857,2.0054127198917455,2.001389771024689,2.00807822288027,1.0585714285714285
992,111,7,7.1,901370,2165039,4,0.54375,,,1.8939929328621907,0.67,2.0,,,1.0875
993,111,7,10.2,901370,2165039,2,0.4475,,,1.9622641509433962,0.52,2.0,,,0.895
994,111,7,14.6,901370,2165039,1,0.315,,,1.9111111111111112,0.43,2.015873015873016,,,0.635
995,111,7,20.9,901370,2165039,6,0.5425,0.43399375,0.6320124999999999,1.9139240506329114,0.63,2.0015360983102917,2.0,2.008130081300813,1.0858333333333334
996,111,7,29.9,901370,2165039,2,0.5075000000000001,,,1.872,0.585,2.0,,,1.015
997,111,7,42.7,901370,2165039,7,0.435,0.3227857142857143,0.54005,1.8975069252077563,0.48928571428571427,2.0,2.0,2.0,0.87
998,111,7,61.0,901370,2165039,3,0.48,,,1.8048780487804879,0.49333333333333335,2.0034722222222223,,,0.9616666666666667
999,111,7,87.4,901370,2165039,4,0.43625,,,2.022935779816514,0.55125,2.005730659025788,,,0.875
1000,111,7,125.0,901370,2165039,2,0.5725,,,2.1846153846153844,0.71,2.004366812227074,,,1.1475
1001,720,4,5.0,218275,4426223,4,0.47000000000000003,,,1.9142857142857144,0.58625,2.0106382978723403,,,0.945
1002,720,4,7.1,218275,4426223,3,0.375,,,1.9266666666666667,0.4816666666666667,2.0,,,0.75
1003,720,4,10.2,218275,4426223,3,0.5599999999999999,,,1.9038461538461537,0.66,2.005952380952381,,,1.1233333333333333
1004,720,4,14.6,218275,4426223,5,0.45999999999999996,,,1.9023569023569022,0.565,2.002173913043478,,,0.921
1005,720,4,20.9,218275,4426223,6,0.4258333333333333,0.3166458333333333,0.5468750000000001,1.86,0.5425,2.0019569471624266,2.0,2.0056818181818183,0.8525
1006,720,4,29.9,218275,4426223,5,0.466,,,1.8433333333333333,0.553,2.004291845493562,,,0.934
1007,720,4,42.7,218275,4426223,3,0.4283333333333333,,,1.8580246913580247,0.5016666666666667,2.0038910505836576,,,0.8583333333333333
1008,720,4,61.0,218275,4426223,7,0.46714285714285714,0.3816458333333333,0.55375625,1.8842364532019704,0.5464285714285714,2.0015290519877675,2.0,2.0070588235294116,0.935
1009,720,4,87.4,218275,4426223,2,0.5549999999999999,,,1.9285714285714286,0.675,2.0135135135135136,,,1.1175
1010,720,4,125.0,218275,4426223,4,0.5375000000000001,,,1.8412698412698412,0.58,2.0023255813953487,,,1.07625
1011,887,5,5.0,554442,3210555,4,0.47625,,,1.995744680851064,0.58625,2.0026246719160103,,,0.95375
1012,887,5,7.1,554442,3210555,2,0.3175,,,1.6666666666666667,0.3,2.0,,,0.635
1013,887,5,10.2,554442,3210555,6,0.4658333333333333,0.34743749999999995,0.58015,1.8653295128939829,0.5425,2.005366726296959,2.0,2.010517622894411,0.9341666666666667
1014,887,5,14.6,554442,3210555,7,0.4685714285714285,0.34412500000000007,0.5978125000000001,1.8034825870646767,0.5178571428571429,2.0,2.0,2.0,0.9371428571428572
1015,887,5,20.9,554442,3210555,1,0.295,,,1.763157894736842,0.335,2.0,,,0.59
1016,887,5,29.9,554442,3210555,4,0.32375,,,1.8571428571428572,0.3575,2.003861003861004,,,0.64875
1017,887,5,42.7,554442,3210555,1,0.685,,,1.8604651162790697,0.8,2.021897810218978,,,1.385
1018,887,5,61.0,554442,3210555,5,0.40800000000000003,,,1.8907563025210083,0.45,2.0,,,0.816
1019,887,5,87.4,554442,3210555,5,0.40199999999999997,,,1.9203187250996017,0.482,2.0049751243781095,,,0.806
1020,887,5,125.0,554442,3210555,6,0.4575,,,1.9157303370786516,0.5683333333333334,2.0036429872495445,,,0.9166666666666666
1021,741,5,5.0,427985,6135317,3,0.5483333333333335,,,1.9340101522842639,0.635,2.0,,,1.0966666666666667
1022,741,5,7.1,427985,6135317,3,0.42,,,1.8488372093023255,0.53,2.003968253968254,,,0.8416666666666667
1023,741,5,10.2,427985,6135317,7,0.42642857142857143,0.35701428571428573,0.48803571428571435,1.92,0.5142857142857142,2.0050251256281406,2.0,2.0086882655153047,0.855
1024,741,5,14.6,427985,6135317,4,0.44875,,,1.925764192139738,0.55125,2.0,,,0.8975
1025,741,5,20.9,427985,6135317,3,0.5083333333333333,,,1.8516483516483517,0.5616666666666666,2.0065573770491802,,,1.02
1026,741,5,29.9,427985,6135317,2,0.4675,,,1.8376068376068375,0.5375,2.0,,,0.935
1027,741,5,42.7,427985,6135317,3,0.4633333333333334,,,2.1151515151515152,0.5816666666666667,2.0,,,0.9266666666666666
1028,741,5,61.0,427985,6135317,4,0.4025,,,1.8941798941798942,0.4475,2.0062111801242235,,,0.8075
1029,741,5,87.4,427985,6135317,4,0.445,,,1.9,0.5225,2.002808988764045,,,0.89125
1030,741,5,125.0,427985,6135317,5,0.511,,,1.9340277777777777,0.557,2.0019569471624266,,,1.023
1031,429,4,5.0,543574,3645522,2,0.5575,,,1.9147286821705427,0.6175,2.008968609865471,,,1.12
1032,429,4,7.1,543574,3645522,5,0.491,,,1.7926421404682273,0.536,2.0061099796334014,,,0.985
1033,429,4,10.2,543574,3645522,4,0.4225,,,1.9178743961352658,0.49625,2.0088757396449703,,,0.84875
1034,429,4,14.6,543574,3645522,7,0.40928571428571425,0.325,0.4920375,1.7747252747252746,0.4614285714285714,2.0034904013961605,2.0,2.01497867803838,0.82
1035,429,4,20.9,543574,3645522,4,0.4275,,,1.7914691943127963,0.4725,2.0,,,0.855
1036,429,4,29.9,543574,3645522,3,0.415,,,2.0251572327044025,0.5366666666666666,2.004016064257028,,,0.8316666666666667
1037,429,4,42.7,543574,3645522,6,0.40499999999999997,,,1.805732484076433,0.4725,2.0,,,0.81
1038,429,4,61.0,543574,3645522,5,0.499,0.3658333333333334,0.6218906249999999,1.9901315789473684,0.605,2.004008016032064,2.0,2.0086182336182334,1.0
1039,429,4,87.4,543574,3645522,1,0.595,,,1.9420289855072463,0.67,2.0,,,1.19
1040,429,4,125.0,543574,3645522,3,0.62,,,1.7352941176470589,0.6883333333333334,2.0080645161290325,,,1.245
1041,900,6,5.0,1105037,4657678,7,0.4914285714285715,0.40708928571428576,0.59675,1.7905236907730673,0.5128571428571429,2.0,2.0,2.0,0.9828571428571429
1042,900,6,7.1,1105037,4657678,4,0.5137499999999999,,,1.8360655737704918,0.56,2.002433090024331,,,1.02875
1043,900,6,10.2,1105037,4657678,4,0.48124999999999996,,,1.9535864978902953,0.57875,2.005194805194805,,,0.965
1044,900,6,14.6,1105037,4657678,4,0.32625000000000004,,,1.804054054054054,0.33375,2.003831417624521,,,0.65375
1045,900,6,20.9,1105037,4657678,5,0.387,0.2625,0.5329125000000001,1.9442231075697212,0.488,2.005167958656331,2.0,2.0128411910669977,0.776
1046,900,6,29.9,1105037,4657678,4,0.46749999999999997,,,1.9067796610169492,0.5625,2.0,,,0.935
1047,900,6,42.7,1105037,4657678,4,0.50125,,,1.9276595744680851,0.56625,2.002493765586035,,,1.00375
1048,900,6,61.0,1105037,4657678,7,0.4535714285714286,,,1.9083769633507854,0.5207142857142857,2.001574803149606,,,0.9078571428571428
1049,900,6,87.4,1105037,4657678,4,0.44000000000000006,,,1.8349056603773586,0.48625,2.0,,,0.88
1050,900,6,125.0,1105037,4657678,2,0.47750000000000004,,,1.9823008849557522,0.56,2.0,,,0.955
1051,423,3,5.0,956458,1985502,8,0.5,0.389575,0.6072455357142857,1.8609958506224067,0.560625,2.00375,2.0,2.0058273613721807,1.001875
1052,423,3,7.1,956458,1985502,5,0.583,,,1.8487394957983194,0.66,2.0034305317324184,,,1.168
1053,423,3,10.2,956458,1985502,4,0.53375,,,1.824,0.57,2.0046838407494145,,,1.07
1054,423,3,14.6,956458,1985502,5,0.465,,,1.9113475177304964,0.539,2.0021505376344084,,,0.931
1055,423,3,20.9,956458,1985502,5,0.4709999999999999,,,1.8626760563380282,0.529,2.0042462845010616,,,0.944
1056,423,3,29.9,956458,1985502,2,0.5475,,,2.014705882352941,0.685,2.0,,,1.095
1057,423,3,42.7,956458,1985502,6,0.3808333333333333,,,1.7089041095890412,0.41583333333333333,2.0,,,0.7616666666666667
1058,423,3,61.0,956458,1985502,6,0.5491666666666667,,,1.8766404199475066,0.5958333333333333,2.0,,,1.0983333333333334
1059,423,3,87.4,956458,1985502,2,0.39,,,1.8823529411764706,0.48,2.0,,,0.78
1060,423,3,125.0,956458,1985502,1,0.555,,,1.7794117647058822,0.605,2.0,,,1.11
1061,869,3,5.0,1071557,2325030,5,0.507,,,1.86,0.558,2.0059171597633134,,,1.017
1062,869,3,7.1,1071557,2325030,7,0.4535714285714286,0.3942619047619047,0.5075208333333333,1.9063291139240506,0.5378571428571428,2.001574803149606,2.0,2.0048076923076925,0.9078571428571428
1063,869,3,10.2,1071557,2325030,4,0.5775,,,1.8509803921568628,0.59,2.0086580086580086,,,1.16
1064,869,3,14.6,1071557,2325030,3,0.5,,,1.7405405405405405,0.5366666666666666,2.0033333333333334,,,1.0016666666666667
1065,869,3,20.9,1071557,2325030,4,0.52,,,2.0081967213114753,0.6125,2.0048076923076925,,,1.0425
1066,869,3,29.9,1071557,2325030,6,0.4291666666666667,0.358275,0.5106510416666666,1.9254658385093169,0.5166666666666667,2.0019417475728156,2.0,2.005952380952381,0.8591666666666666
1067,869,3,42.7,1071557,2325030,4,0.525,,,1.8816326530612244,0.57625,2.0047619047619047,,,1.0525
1068,869,3,61.0,1071557,2325030,5,0.465,,,1.8842105263157896,0.537,2.0086021505376346,,,0.934
1069,869,3,87.4,1071557,2325030,5,0.501,,,1.8013245033112584,0.544,2.0019960079840318,,,1.003
1070,869,3,125.0,1071557,2325030,6,0.45583333333333337,0.3765,0.5349999999999999,1.884375,0.5025,2.0,2.0,2.0,0.9116666666666666
1071,914,7,5.0,459582,798328,5,0.5529999999999999,,,1.883076923076923,0.612,2.003616636528029,,,1.108
1072,914,7,7.1,459582,798328,8,0.47625,0.384925,0.5745379464285716,1.9754098360655739,0.6025,2.005249343832021,2.0,2.0096427850921277,0.955
1073,914,7,10.2,459582,798328,2,0.4225,,,2.04040404040404,0.505,2.0,,,0.845
1074,914,7,14.6,459582,798328,5,0.41200000000000003,,,1.873134328358209,0.502,2.004854368932039,,,0.826
1075,914,7,20.9,459582,798328,5,0.425,,,1.9115384615384616,0.497,2.0,,,0.85
1076,914,7,29.9,459582,798328,2,0.6525,,,1.95625,0.7825,2.007662835249042,,,1.31
1077,914,7,42.7,459582,798328,3,0.49333333333333335,,,1.9820359281437125,0.5516666666666666,2.0,,,0.9866666666666667
1078,914,7,61.0,459582,798328,9,0.41277777777777774,0.3525,0.49430357142857134,1.9175050301810865,0.5294444444444445,2.0026917900403767,2.0,2.0078159829389577,0.8266666666666667
1079,914,7,87.4,459582,798328,4,0.43125,,,1.9134615384615385,0.4975,2.0028985507246375,,,0.86375
1080,914,7,125.0,459582,798328,3,0.4766666666666666,,,1.9135802469135803,0.5166666666666667,2.006993006993007,,,0.9566666666666667
1081,776,4,5.0,356555,4899302,7,0.4878571428571429,0.4189624999999999,0.5521517857142858,1.9061784897025171,0.595,2.005856515373353,2.0013728437848672,2.00957708957709,0.9785714285714285
1082,776,4,7.1,356555,4899302,3,0.38166666666666665,,,1.7777777777777777,0.4266666666666667,2.004366812227074,,,0.765
1083,776,4,10.2,356555,4899302,4,0.535,,,1.8613138686131387,0.6375,2.0023364485981308,,,1.07125
1084,776,4,14.6,356555,4899302,8,0.405,0.33166666666666667,0.4905729166666667,1.8386308068459658,0.47,2.001543209876543,2.0,2.0070104895104897,0.810625
1085,776,4,20.9,356555,4899302,6,0.4475,,,1.889240506329114,0.4975,2.0,,,0.895
1086,776,4,29.9,356555,4899302,2,0.5625,,,1.8527131782945736,0.5975,2.008888888888889,,,1.13
1087,776,4,42.7,356555,4899302,4,0.47500000000000003,,,1.9531914893617022,0.57375,2.0026315789473683,,,0.95125
1088,776,4,61.0,356555,4899302,6,0.47833333333333333,0.3583333333333334,0.6175446428571428,1.8942857142857144,0.5525,2.0017421602787455,2.0,2.0042370892018777,0.9575
1089,776,4,87.4,356555,4899302,4,0.55125,,,1.876,0.58625,2.00453514739229,,,1.105
1090,776,4,125.0,356555,4899302,2,0.3825,,,1.9148936170212767,0.45,2.0,,,0.765
1091,170,3,5.0,1079442,4649627,3,0.3516666666666666,,,1.6141732283464567,0.3416666666666667,2.004739336492891,,,0.705
1092,170,3,7.1,1079442,4649627,4,0.52125,,,1.8448979591836734,0.565,2.0071942446043165,,,1.04625
1093,170,3,10.2,1079442,4649627,3,0.48666666666666664,,,1.8685714285714285,0.545,2.0,,,0.9733333333333334
1094,170,3,14.6,1079442,4649627,6,0.525,0.40191875,0.665,1.8666666666666667,0.6066666666666667,2.0095238095238095,2.0039968799806465,2.0181331718921145,1.055
1095,170,3,20.9,1079442,4649627,5,0.445,,,1.821561338289963,0.49,2.0,,,0.89
1096,170,3,29.9,1079442,4649627,7,0.43928571428571417,0.3864444444444445,0.5051,1.8247978436657681,0.4835714285714286,2.0065040650406503,2.0012326169405816,2.0119159572799883,0.8814285714285715
1097,170,3,42.7,1079442,4649627,6,0.4033333333333334,0.34109375000000003,0.465,1.889655172413793,0.45666666666666667,2.0041322314049586,2.0,2.011111111111111,0.8083333333333333
1098,170,3,61.0,1079442,4649627,7,0.5421428571428571,0.4633333333333334,0.6375208333333333,1.9081196581196582,0.6378571428571429,2.005270092226614,2.0,2.0111809929093143,1.0871428571428572
1099,170,3,87.4,1079442,4649627,6,0.4825,0.3778625,0.6031250000000001,1.8771428571428572,0.5475,2.001727115716753,2.0,2.005050505050505,0.9658333333333333
1100,170,3,125.0,1079442,4649627,2,0.4125,,,1.787037037037037,0.4825,2.006060606060606,,,0.8275
1101,199,6,5.0,330337,6019297,6,0.46083333333333326,0.3677607142857143,0.5715428571428571,1.8371428571428572,0.5358333333333334,2.0,2.0,2.0,0.9216666666666666
1102,199,6,7.1,330337,6019297,4,0.6425,,,1.9559748427672956,0.7775,2.001945525291829,,,1.28625
1103,199,6,10.2,330337,6019297,6,0.49416666666666664,,,1.896,0.5925,2.0016863406408096,,,0.9891666666666666
1104,199,6,14.6,330337,6019297,5,0.507,,,1.934375,0.619,2.0,,,1.014
1105,199,6,20.9,330337,6019297,3,0.4366666666666667,,,1.9125,0.51,2.0,,,0.8733333333333333
1106,199,6,29.9,330337,6019297,5,0.381,0.2949583333333333,0.5017499999999999,1.7566371681415929,0.397,2.0026246719160103,2.0,2.006894329896907,0.763
1107,199,6,42.7,330337,6019297,2,0.5349999999999999,,,1.814516129032258,0.5625,2.0,,,1.07
1108,199,6,61.0,330337,6019297,5,0.5469999999999999,,,1.9077380952380953,0.641,2.0,,,1.094
1109,199,6,87.4,330337,6019297,6,0.5058333333333334,,,1.9086021505376345,0.5916666666666667,2.0,,,1.0116666666666667
1110,199,6,125.0,330337,6019297,9,0.4794444444444444,0.41193611111111117,0.5522767857142857,1.8445297504798464,0.5338888888888889,2.0,2.0,2.0,0.9588888888888889
1111,569,6,5.0,132204,7633868,4,0.385,,,1.880184331797235,0.51,2.012987012987013,,,0.775
1112,569,6,7.1,132204,7633868,7,0.39571428571428574,0.28115625,0.54390625,1.809782608695652,0.4757142857142857,2.0,2.0,2.0,0.7914285714285715
1113,569,6,10.2,132204,7633868,6,0.5375,0.455,0.6403750000000001,1.9652777777777777,0.7075,2.0031007751937984,2.0,2.007262067785005,1.0766666666666667
1114,569,6,14.6,132204,7633868,4,0.47875,,,1.9641434262948207,0.61625,2.0,,,0.9575
1115,569,6,20.9,132204,7633868,4,0.595,,,2.0236486486486487,0.74875,2.0105042016806722,,,1.19625
1116,569,6,29.9,132204,7633868,3,0.5800000000000001,,,1.880184331797235,0.68,2.0028735632183907,,,1.1616666666666666
1118,569,6,61.0,132204,7633868,3,0.5366666666666666,,,1.7677725118483412,0.6216666666666667,2.0031055900621118,,,1.075
1119,569,6,87.4,132204,7633868,5,0.441,,,1.9015151515151516,0.502,2.002267573696145,,,0.883
1120,569,6,125.0,132204,7633868,3,0.59,,,2.0,0.85,2.0028248587570623,,,1.1816666666666666
1121,297,4,5.0,510042,7802290,4,0.38625,,,1.6618357487922706,0.43,2.0032362459546924,,,0.77375
1122,297,4,7.1,510042,7802290,6,0.5208333333333334,,,1.9583333333333333,0.6266666666666667,2.0048,,,1.0441666666666667
1123,297,4,10.2,510042,7802290,2,0.435,,,1.9065420560747663,0.51,2.0,,,0.87
1124,297,4,14.6,510042,7802290,4,0.52375,,,1.89568345323741,0.65875,2.0,,,1.0475
1125,297,4,20.9,510042,7802290,2,0.3775,,,1.896103896103896,0.365,2.0,,,0.755
1126,297,4,29.9,510042,7802290,4,0.55625,,,1.962825278810409,0.66,2.006741573033708,,,1.11625
1127,297,4,42.7,510042,7802290,6,0.5525000000000001,,,1.87434554973822,0.5966666666666667,2.004524886877828,,,1.1075
1128,297,4,61.0,510042,7802290,2,0.5775,,,2.0144927536231885,0.695,2.0,,,1.155
1129,297,4,87.4,510042,7802290,7,0.43428571428571433,0.34996875,0.5284166666666666,1.853658536585366,0.48857142857142855,2.0032894736842106,2.0,2.00670405982906,0.87
1131,236,3,5.0,233308,2755253,3,0.26499999999999996,,,1.6732673267326732,0.2816666666666667,2.0,,,0.53
1132,236,3,7.1,233308,2755253,3,0.49,,,1.9234972677595628,0.5866666666666667,2.0,,,0.98
1133,236,3,10.2,233308,2755253,4,0.515,,,1.7389558232931728,0.54125,2.004854368932039,,,1.0325
1134,236,3,14.6,233308,2755253,5,0.563,0.4299,0.6577291666666667,1.8953846153846154,0.616,2.0017761989342806,2.0,2.003968253968254,1.127
1135,236,3,20.9,233308,2755253,5,0.499,,,1.8006042296072509,0.596,2.004008016032064,,,1.0
1136,236,3,29.9,233308,2755253,4,0.41875,,,1.935323383084577,0.48625,2.0,,,0.8375
1137,236,3,42.7,233308,2755253,6,0.42749999999999994,0.30541666666666667,0.550011904761905,1.8770226537216828,0.48333333333333334,2.0019493177387915,2.0,2.0036496350364965,0.8558333333333333
1138,236,3,61.0,233308,2755253,1,0.515,,,1.8181818181818181,0.6,2.0,,,1.03
1139,236,3,87.4,233308,2755253,3,0.42333333333333334,,,1.6339869281045751,0.4166666666666667,2.0039370078740157,,,0.8483333333333334
1140,236,3,125.0,233308,2755253,5,0.488,,,1.8835616438356164,0.55,2.0061475409836067,,,0.979
1141,693,6,5.0,313310,3455741,4,0.47375,,,1.9958847736625513,0.60625,2.0,,,0.9475
1142,693,6,7.1,313310,3455741,5,0.434,0.355,0.5635000000000001,1.828996282527881,0.492,2.0023041474654377,2.0,2.005184108527132,0.869
1143,693,6,10.2,313310,3455741,4,0.47875000000000006,,,1.8311688311688312,0.52875,2.0026109660574414,,,0.95875
1144,693,6,14.6,313310,3455741,4,0.5325,,,1.9435483870967742,0.6025,2.0,,,1.065
1145,693,6,20.9,313310,3455741,6,0.4308333333333334,0.30000000000000004,0.54015,1.8613569321533923,0.5258333333333334,2.001934235976789,2.0,2.009136363636364,0.8625
1146,693,6,29.9,313310,3455741,4,0.365,,,1.9453551912568305,0.445,2.0,,,0.73
1147,693,6,42.7,313310,3455741,1,0.575,,,2.1285714285714286,0.745,2.008695652173913,,,1.155
1148,693,6,61.0,313310,3455741,4,0.36624999999999996,,,1.8693181818181819,0.41125,2.0,,,0.7325
1149,693,6,87.4,313310,3455741,8,0.4518750000000001,,,1.8767441860465117,0.504375,2.0013831258644537,,,0.904375
1150,693,6,125.0,313310,3455741,2,0.51,,,1.937984496124031,0.625,2.0098039215686274,,,1.025
1151,669,2,5.0,923356,530268,3,0.5016666666666666,,,1.608187134502924,0.4583333333333333,2.0166112956810633,,,1.0116666666666667
1152,669,2,7.1,923356,530268,4,0.5525,,,1.673913043478261,0.5775,2.015837104072398,,,1.11375
1153,669,2,10.2,923356,530268,3,0.6566666666666666,,,1.7377777777777779,0.6516666666666666,2.0076142131979697,,,1.3183333333333334
1154,669,2,14.6,923356,530268,4,0.695,,,1.66996699669967,0.6325,2.0035971223021583,,,1.3925
1155,669,2,20.9,923356,530268,3,0.66,,,1.78125,0.665,2.0025252525252526,,,1.3216666666666668
1156,669,2,29.9,923356,530268,4,0.5425,,,1.5708661417322836,0.49875,2.0023041474654377,,,1.08625
1157,669,2,42.7,923356,530268,9,0.5983333333333334,0.5249583333333333,0.6636279761904762,1.7269890795631826,0.615,2.0037140204271124,2.0,2.0091603053435114,1.198888888888889
1158,669,2,61.0,923356,530268,4,0.48625,,,1.5204918032786885,0.46375,2.007712082262211,,,0.97625
1159,669,2,87.4,923356,530268,2,0.6399999999999999,,,1.7346938775510203,0.6375,2.0,,,1.28
1160,669,2,125.0,923356,530268,5,0.6629999999999999,,,1.6027777777777779,0.577,2.0,,,1.326
1161,448,3,5.0,111694,7118183,2,0.7725,,,1.9154228855721394,0.9625,2.0,,,1.545
1162,448,3,7.1,111694,7118183,1,0.605,,,1.8333333333333333,0.715,2.0082644628099175,,,1.215
1163,448,3,10.2,111694,7118183,3,0.6633333333333334,,,1.9548872180451127,0.8666666666666667,2.0025125628140703,,,1.3283333333333334
1164,448,3,14.6,111694,7118183,3,0.6116666666666667,,,1.7796610169491525,0.7,2.0,,,1.2233333333333334
1165,448,3,20.9,111694,7118183,6,0.39999999999999997,,,1.7881619937694704,0.47833333333333333,2.0083333333333333,,,0.8033333333333333
1166,448,3,29.9,111694,7118183,5,0.525,,,1.7272727272727273,0.57,2.005714285714286,,,1.053
1167,448,3,42.7,111694,7118183,3,0.525,,,1.8020833333333333,0.5766666666666667,2.0095238095238095,,,1.055
1168,448,3,61.0,111694,7118183,3,0.5233333333333333,,,1.888235294117647,0.535,2.0,,,1.0466666666666666
1169,448,3,87.4,111694,7118183,6,0.5075000000000001,0.365725,0.6362604166666667,1.8385416666666667,0.5883333333333334,2.0032840722495897,2.0,2.0081300813008127,1.0166666666666666
1170,448,3,125.0,111694,7118183,8,0.49687500000000007,0.42153125,0.558171875,1.821505376344086,0.529375,2.0025157232704403,2.0,2.005731719367589,0.995
1171,267,3,5.0,727643,6078227,7,0.4657142857142857,0.331575,0.5925833333333334,1.825358851674641,0.545,2.0076687116564416,2.000960591133005,2.0118471791566894,0.935
1172,267,3,7.1,727643,6078227,2,0.5375,,,1.6917293233082706,0.5625,2.0046511627906978,,,1.0775
1173,267,3,10.2,727643,6078227,4,0.49874999999999997,,,1.755458515283843,0.5025,2.0025062656641603,,,0.99875
1174,267,3,14.6,727643,6078227,5,0.509,,,1.8222222222222222,0.574,2.0,,,1.018
1175,267,3,20.9,727643,6078227,6,0.39166666666666666,,,1.7132867132867133,0.4083333333333333,2.0,,,0.7833333333333333
1176,267,3,29.9,727643,6078227,4,0.5275,,,1.903225806451613,0.59,2.0023696682464456,,,1.05625
1177,267,3,42.7,727643,6078227,6,0.5233333333333333,0.42121875000000003,0.6224999999999999,1.9214092140921408,0.5908333333333333,2.0031847133757963,2.0,2.006356681959293,1.0483333333333333
1178,267,3,61.0,727643,6078227,4,0.5712499999999999,,,1.745583038869258,0.6175,2.0043763676148796,,,1.145
1179,267,3,87.4,727643,6078227,7,0.46642857142857147,,,1.8638743455497382,0.5085714285714286,2.001531393568147,,,0.9335714285714286
1180,267,3,125.0,727643,6078227,5,0.49000000000000005,,,1.8438538205980066,0.555,2.0,,,0.98
1181,928,4,5.0,604298,3884319,4,0.54625,,,1.9108527131782946,0.61625,2.004576659038902,,,1.095
1182,928,4,7.1,604298,3884319,3,0.38833333333333336,,,1.8405797101449275,0.42333333333333334,2.0,,,0.7766666666666666
1183,928,4,10.2,604298,3884319,4,0.48250000000000004,,,1.9872881355932204,0.58625,2.0025906735751295,,,0.96625
1184,928,4,14.6,604298,3884319,3,0.4883333333333333,,,1.9069767441860466,0.5466666666666666,2.0034129692832763,,,0.9783333333333334
1185,928,4,20.9,604298,3884319,6,0.35083333333333333,,,1.8838951310861423,0.4191666666666667,2.009501187648456,,,0.705
1186,928,4,29.9,604298,3884319,1,0.405,,,1.8909090909090909,0.52,2.0,,,0.81
1187,928,4,42.7,604298,3884319,6,0.4691666666666667,0.3625,0.5592857142857143,1.9492537313432836,0.5441666666666667,2.0,2.0,2.0,0.9383333333333334
1189,928,4,87.4,604298,3884319,4,0.41625,,,1.8226600985221675,0.4625,2.006006006006006,,,0.835
1190,928,4,125.0,604298,3884319,4,0.4125,,,1.8494623655913978,0.43,2.003030303030303,,,0.82625
1191,766,7,5.0,798663,7949417,4,0.35125000000000006,,,1.8406593406593406,0.41875,2.00355871886121,,,0.70375
1192,766,7,7.1,798663,7949417,4,0.37749999999999995,,,1.9583333333333333,0.47,2.0,,,0.755
1193,766,7,10.2,798663,7949417,5,0.5069999999999999,,,1.887459807073955,0.587,2.0039447731755424,,,1.016
1194,766,7,14.6,798663,7949417,2,0.5025,,,1.7734375,0.5675,2.0,,,1.005
1195,766,7,20.9,798663,7949417,4,0.49125,,,1.8945147679324894,0.56125,2.005089058524173,,,0.985
1196,766,7,29.9,798663,7949417,5,0.5309999999999999,,,1.8670886075949367,0.59,2.0018832391713746,,,1.063
1197,766,7,42.7,798663,7949417,2,0.41000000000000003,,,1.9019607843137254,0.485,2.0060975609756095,,,0.8225
1198,766,7,61.0,798663,7949417,3,0.59,,,1.9722222222222223,0.71,2.0,,,1.18
1199,766,7,87.4,798663,7949417,5,0.5159999999999999,,,1.9554794520547945,0.571,2.003875968992248,,,1.034
1200,766,7,125.0,798663,7949417,5,0.47000000000000003,0.35937500000000006,0.5924642857142859,1.921641791044776,0.515,2.0,2.0,2.0,0.94
1201,86,2,5.0,300907,2913285,5,0.643,,,1.5928753180661577,0.626,2.0233281493001556,,,1.301
1202,86,2,7.1,300907,2913285,1,0.745,,,1.631578947368421,0.775,2.0604026845637584,,,1.535
1203,86,2,10.2,300907,2913285,3,0.5583333333333332,,,1.7294685990338163,0.5966666666666667,2.002985074626866,,,1.1183333333333334
1204,86,2,14.6,300907,2913285,2,0.525,,,1.5190839694656488,0.4975,2.0095238095238095,,,1.055
1205,86,2,20.9,300907,2913285,3,0.5766666666666667,,,1.6428571428571428,0.575,2.0028901734104045,,,1.155
1206,86,2,29.9,300907,2913285,6,0.6008333333333333,0.5499583333333333,0.68125,1.7002457002457003,0.5766666666666667,2.002773925104022,2.0,2.0057092281356987,1.2033333333333334
1207,86,2,42.7,300907,2913285,5,0.5640000000000001,,,1.6133720930232558,0.555,2.00354609929078,,,1.13
1208,86,2,61.0,300907,2913285,4,0.655,,,1.678082191780822,0.6125,2.0,,,1.31
1209,86,2,87.4,300907,2913285,3,0.5599999999999999,,,1.6495327102803738,0.5883333333333334,2.0,,,1.12
1210,86,2,125.0,300907,2913285,3,0.6333333333333333,,,1.7424242424242424,0.575,2.0026315789473683,,,1.2683333333333333
1211,338,3,5.0,742603,5594567,4,0.39499999999999996,,,1.8512820512820514,0.45125,2.0031645569620253,,,0.79125
1212,338,3,7.1,742603,5594567,2,0.6225,,,1.8344827586206895,0.665,2.004016064257028,,,1.2475
1213,338,3,10.2,742603,5594567,1,0.58,,,1.9154929577464788,0.68,2.0086206896551726,,,1.165
1214,338,3,14.6,742603,5594567,5,0.45600000000000007,,,1.879120879120879,0.513,2.0021929824561404,,,0.913
1215,338,3,20.9,742603,5594567,3,0.52,,,1.7912087912087913,0.5433333333333333,2.003205128205128,,,1.0416666666666667
1216,338,3,29.9,742603,5594567,4,0.54625,,,1.870722433460076,0.615,2.002288329519451,,,1.09375
1217,338,3,42.7,742603,5594567,3,0.6566666666666666,,,1.9206349206349207,0.8066666666666666,2.00253807106599,,,1.315
1218,338,3,61.0,742603,5594567,6,0.43250000000000005,0.34,0.51515,1.8031746031746032,0.47333333333333333,2.001926782273603,2.0,2.0053763440860215,0.8658333333333333
1219,338,3,87.4,742603,5594567,3,0.365,,,1.7518796992481203,0.3883333333333333,2.0045662100456623,,,0.7316666666666667
1220,338,3,125.0,742603,5594567,2,0.515,,,1.7615384615384615,0.5725,2.004854368932039,,,1.0325
1221,956,3,5.0,1118010,1467651,3,0.4716666666666667,,,1.79874213836478,0.4766666666666667,2.0070671378091873,,,0.9466666666666667
1222,956,3,7.1,1118010,1467651,4,0.4375,,,1.83710407239819,0.5075,2.0028571428571427,,,0.87625
1223,956,3,10.2,1118010,1467651,3,0.385,,,1.943089430894309,0.3983333333333333,2.0086580086580086,,,0.7733333333333333
1224,956,3,14.6,1118010,1467651,3,0.36999999999999994,,,1.6615384615384616,0.36,2.0045045045045047,,,0.7416666666666667
1225,956,3,20.9,1118010,1467651,5,0.472,0.36374999999999996,0.5721741071428573,1.8892988929889298,0.512,2.0021186440677967,2.0,2.005144230769231,0.945
1226,956,3,29.9,1118010,1467651,2,0.42,,,1.8666666666666667,0.49,2.011904761904762,,,0.845
1227,956,3,42.7,1118010,1467651,4,0.5125000000000001,,,1.686046511627907,0.54375,2.0,,,1.025
1228,956,3,61.0,1118010,1467651,4,0.52125,,,1.7896995708154506,0.52125,2.0,,,1.0425
1229,956,3,87.4,1118010,1467651,5,0.42400000000000004,,,1.8235294117647058,0.465,2.0,,,0.848
1230,956,3,125.0,1118010,1467651,6,0.49833333333333335,,,1.9371727748691099,0.6166666666666667,2.0033444816053514,,,0.9983333333333333
1231,759,4,5.0,288973,5169495,1,0.26,,,1.736842105263158,0.33,2.0,,,0.52
1232,759,4,7.1,288973,5169495,5,0.46099999999999997,,,1.73421926910299,0.522,2.0065075921908893,,,0.925
1233,759,4,10.2,288973,5169495,2,0.515,,,1.748091603053435,0.5725,2.0,,,1.03
1234,759,4,14.6,288973,5169495,3,0.5316666666666666,,,1.9392265193370166,0.585,2.006269592476489,,,1.0666666666666667
1235,759,4,20.9,288973,5169495,1,0.61,,,1.9692307692307693,0.64,2.0,,,1.22
1236,759,4,29.9,288973,5169495,4,0.4325,,,1.880952380952381,0.49375,2.0,,,0.865
1237,759,4,42.7,288973,5169495,4,0.32,,,1.78698224852071,0.3775,2.0,,,0.64
1239,759,4,87.4,288973,5169495,2,0.355,,,1.7710843373493976,0.3675,2.0,,,0.71
1240,759,4,125.0,288973,5169495,6,0.4991666666666666,,,1.85,0.5241666666666667,2.003338898163606,,,1.0
1241,544,6,5.0,732235,1872344,7,0.5364285714285714,0.4058083333333333,0.6513437500000001,1.9067245119305858,0.6278571428571429,2.0026631158455395,2.0,2.0053766961045465,1.0742857142857143
1242,544,6,7.1,732235,1872344,1,0.345,,,2.0434782608695654,0.4700000000000001,2.0144927536231885,,,0.695
1243,544,6,10.2,732235,1872344,2,0.4475,,,1.9444444444444444,0.525,2.0,,,0.895
1244,544,6,14.6,732235,1872344,4,0.47500000000000003,,,1.9111111111111112,0.5375,2.0026315789473683,,,0.95125
1245,544,6,20.9,732235,1872344,6,0.4533333333333333,0.3739,0.5434,1.8546511627906976,0.5316666666666666,2.0036764705882355,2.0,2.008474576271187,0.9083333333333333
1246,544,6,29.9,732235,1872344,5,0.47400000000000003,,,1.9217687074829932,0.565,2.00210970464135,,,0.949
1247,544,6,42.7,732235,1872344,7,0.40499999999999997,0.30096874999999995,0.5170958333333334,1.844984802431611,0.43357142857142855,2.0070546737213406,2.001032838983051,2.012855453391298,0.8128571428571428
1248,544,6,61.0,732235,1872344,7,0.4842857142857144,0.359975,0.60805,1.8712871287128714,0.54,2.0029498525073746,2.0,2.0077994227994225,0.97
1249,544,6,87.4,732235,1872344,3,0.37833333333333335,,,1.803030303030303,0.39666666666666667,2.0,,,0.7566666666666667
1250,544,6,125.0,732235,1872344,5,0.532,,,1.946587537091988,0.656,2.0018796992481205,,,1.065
1251,716,4,5.0,1135398,5288526,1,0.57,,,1.9411764705882353,0.66,2.0,,,1.14
1252,716,4,7.1,1135398,5288526,3,0.365,,,1.8682170542635659,0.40166666666666667,2.0,,,0.73
1253,716,4,10.2,1135398,5288526,3,0.3499999999999999,,,1.7142857142857142,0.36,2.0047619047619047,,,0.7016666666666667
1254,716,4,14.6,1135398,5288526,4,0.5275000000000001,,,1.9135802469135803,0.58125,2.004739336492891,,,1.0575
1255,716,4,20.9,1135398,5288526,3,0.5,,,1.8652849740932642,0.6,2.0033333333333334,,,1.0016666666666667
1256,716,4,29.9,1135398,5288526,6,0.46,0.37,0.54378125,1.8708609271523178,0.4708333333333333,2.003623188405797,2.0,2.0076866883116886,0.9216666666666666
1257,716,4,42.7,1135398,5288526,4,0.485,,,1.8597285067873304,0.51375,2.002577319587629,,,0.97125
1258,716,4,61.0,1135398,5288526,6,0.37666666666666665,0.261,0.48765625,1.8424908424908424,0.4191666666666667,2.002212389380531,2.0,2.0042279411764707,0.7541666666666667
1259,716,4,87.4,1135398,5288526,7,0.42714285714285716,0.3175,0.5730083333333335,1.7666666666666666,0.4542857142857143,2.0,2.0,2.0,0.8542857142857143
1260,716,4,125.0,1135398,5288526,3,0.44,,,1.8214285714285714,0.51,2.0,,,0.88
1261,671,6,5.0,267508,2498978,3,0.42333333333333334,,,1.7030303030303031,0.4683333333333333,2.0039370078740157,,,0.8483333333333334
1262,671,6,7.1,267508,2498978,5,0.47300000000000003,,,1.9350180505415162,0.536,2.0021141649048624,,,0.947
1263,671,6,10.2,267508,2498978,8,0.5924999999999999,0.5365833333333333,0.6528638392857142,1.9522184300341296,0.715,2.00210970464135,2.0,2.007839687194526,1.18625
1264,671,6,14.6,267508,2498978,3,0.515,,,1.967741935483871,0.61,2.0,,,1.03
1265,671,6,20.9,267508,2498978,2,0.37,,,1.816326530612245,0.445,2.0,,,0.74
1266,671,6,29.9,267508,2498978,1,0.625,,,1.92,0.72,2.0,,,1.25
1267,671,6,42.7,267508,2498978,3,0.47333333333333333,,,1.9055555555555554,0.5716666666666667,2.0,,,0.9466666666666667
1268,671,6,61.0,267508,2498978,4,0.51,,,1.950207468879668,0.5875,2.002450980392157,,,1.02125
1269,671,6,87.4,267508,2498978,3,0.5233333333333333,,,1.9548022598870056,0.5766666666666667,2.0031847133757963,,,1.0483333333333333
1270,671,6,125.0,267508,2498978,1,0.42,,,1.9795918367346939,0.485,2.0,,,0.84
1271,434,6,5.0,709298,6394202,2,0.33,,,1.802325581395349,0.3875,2.0,,,0.66
1272,434,6,7.1,709298,6394202,6,0.5449999999999999,0.47643125,0.620015625,1.8883374689826302,0.6341666666666667,2.0015290519877675,2.0,2.005698005698006,1.0908333333333333
1273,434,6,10.2,709298,6394202,6,0.5008333333333334,0.3808291666666666,0.648375,1.8933333333333333,0.5916666666666667,2.0016638935108153,2.0,2.0038953488372093,1.0025
1274,434,6,14.6,709298,6394202,8,0.42124999999999996,0.32548437500000005,0.5332468750000001,1.8907363420427554,0.4975,2.00593471810089,2.0011426948051945,2.008328615963682,0.845
1275,434,6,20.9,709298,6394202,3,0.405,,,1.8562091503267975,0.47333333333333333,2.0,,,0.81
1276,434,6,29.9,709298,6394202,7,0.41,,,1.9039548022598871,0.48142857142857143,2.0017421602787455,,,0.8207142857142857
1277,434,6,42.7,709298,6394202,6,0.3766666666666667,,,1.75,0.3908333333333333,2.006637168141593,,,0.7558333333333334
1278,434,6,61.0,709298,6394202,4,0.43125,,,1.8146341463414635,0.465,2.0,,,0.8625
1279,434,6,87.4,709298,6394202,4,0.45625,,,1.8101851851851851,0.48875,2.0027397260273974,,,0.91375
1280,434,6,125.0,709298,6394202,8,0.5,0.42639285714285713,0.5870571428571429,1.9644351464435146,0.586875,2.0025,2.0,2.0086956521739134,1.00125
1281,32,6,5.0,586809,1200154,6,0.4975,0.3877464285714286,0.5950624999999999,1.8284182305630028,0.5683333333333334,2.003350083752094,2.0,2.009345794392523,0.9966666666666667
1282,32,6,7.1,586809,1200154,5,0.508,,,1.9288025889967637,0.596,2.0078740157480315,,,1.02
1283,32,6,10.2,586809,1200154,3,0.40166666666666667,,,1.8976377952755905,0.40166666666666667,2.0,,,0.8033333333333333
1284,32,6,14.6,586809,1200154,4,0.43500000000000005,,,2.0,0.515,2.0028735632183907,,,0.87125
1285,32,6,20.9,586809,1200154,5,0.526,,,1.914826498422713,0.607,2.0038022813688214,,,1.054
1286,32,6,29.9,586809,1200154,7,0.5221428571428571,0.40149999999999997,0.6175625,1.8846153846153846,0.595,2.002735978112175,2.0,2.0097011646413674,1.0457142857142858
1287,32,6,42.7,586809,1200154,2,0.6625000000000001,,,1.9401197604790419,0.81,2.0037735849056606,,,1.3275
1288,32,6,61.0,586809,1200154,3,0.595,,,1.9035532994923858,0.625,2.0028011204481793,,,1.1916666666666667
1289,32,6,87.4,586809,1200154,3,0.44,,,1.8571428571428572,0.52,2.003787878787879,,,0.8816666666666667
1290,32,6,125.0,586809,1200154,5,0.4600000000000001,,,1.9124087591240877,0.524,2.002173913043478,,,0.921
1291,73,8,5.0,1137670,5324555,2,0.53,,,1.8345864661654134,0.61,2.0,,,1.06
1292,73,8,7.1,1137670,5324555,3,0.3516666666666666,,,1.791044776119403,0.4,2.0,,,0.7033333333333334
1293,73,8,10.2,1137670,5324555,5,0.506,0.374875,0.6225,1.935897435897436,0.604,2.0,2.0,2.0,1.012
1294,73,8,14.6,1137670,5324555,3,0.49333333333333335,,,1.9175824175824177,0.5816666666666667,2.0067567567567566,,,0.99
1295,73,8,20.9,1137670,5324555,3,0.315,,,1.7338709677419355,0.35833333333333334,2.0,,,0.63
1296,73,8,29.9,1137670,5324555,2,0.65,,,1.919463087248322,0.715,2.0,,,1.3
1297,73,8,42.7,1137670,5324555,4,0.48375,,,1.8447488584474885,0.505,2.0,,,0.9675
1298,73,8,61.0,1137670,5324555,5,0.5439999999999999,,,1.9667673716012084,0.651,2.0018382352941178,,,1.089
1299,73,8,87.4,1137670,5324555,6,0.5425000000000001,,,1.9754768392370572,0.6041666666666666,2.0,,,1.085
1300,73,8,125.0,1137670,5324555,2,0.5675,,,1.8870967741935485,0.585,2.0,,,1.135
1301,979,6,5.0,304275,4165351,6,0.44250000000000006,,,1.8504398826979471,0.5258333333333334,2.0018832391713746,,,0.8858333333333334
1302,979,6,7.1,304275,4165351,5,0.5509999999999999,0.49243750000000003,0.5974999999999999,1.9120234604105573,0.652,2.0,2.0,2.0,1.102
1303,979,6,10.2,304275,4165351,4,0.5387500000000001,,,1.8981818181818182,0.6525,2.0,,,1.0775
1304,979,6,14.6,304275,4165351,5,0.47000000000000003,,,1.8613861386138615,0.564,2.002127659574468,,,0.941
1305,979,6,20.9,304275,4165351,2,0.41,,,1.8217821782178218,0.46,2.0060975609756095,,,0.8225
1306,979,6,29.9,304275,4165351,2,0.46499999999999997,,,2.026086956521739,0.5825,2.0053763440860215,,,0.9325
1307,979,6,42.7,304275,4165351,2,0.435,,,1.7850467289719627,0.4775,2.0,,,0.87
1308,979,6,61.0,304275,4165351,2,0.46499999999999997,,,1.9622641509433962,0.52,2.0,,,0.93
1309,979,6,87.4,304275,4165351,4,0.39625,,,1.8641304347826086,0.42875,2.003154574132492,,,0.79375
1310,979,6,125.0,304275,4165351,4,0.5025,,,1.8220338983050848,0.5375,2.0024875621890548,,,1.00625
1311,935,6,5.0,987351,6964607,5,0.48600000000000004,,,1.840531561461794,0.554,2.0,,,0.972
1312,935,6,7.1,987351,6964607,3,0.34500000000000003,,,1.677685950413223,0.3383333333333333,2.0,,,0.69
1313,935,6,10.2,987351,6964607,8,0.488125,0.37179241071428576,0.5783522727272729,1.90146750524109,0.566875,2.001280409731114,2.0,2.00625,0.976875
1314,935,6,14.6,987351,6964607,2,0.4525,,,1.8952380952380952,0.4975,2.0,,,0.905
1315,935,6,20.9,987351,6964607,7,0.4485714285714285,0.34560267857142857,0.5793541666666667,1.9373368146214098,0.53,2.0031847133757963,2.0,2.009271284271284,0.8985714285714286
1316,935,6,29.9,987351,6964607,5,0.35,,,1.9,0.399,2.0,,,0.7
1317,935,6,42.7,987351,6964607,5,0.417,0.28983333333333333,0.5450208333333334,1.855513307984791,0.488,2.0,2.0,2.0,0.834
1318,935,6,61.0,987351,6964607,5,0.434,0.28,0.5966666666666667,1.8239700374531835,0.487,2.0023041474654377,2.0,2.0042087542087543,0.869
1319,935,6,87.4,987351,6964607,6,0.44333333333333336,0.26665625,0.5710375000000001,1.8233532934131738,0.5075,2.0,2.0,2.0,0.8866666666666667
1320,935,6,125.0,987351,6964607,5,0.41600000000000004,0.34084375,0.5185833333333334,1.8385826771653544,0.467,2.0,2.0,2.0,0.832
1321,206,4,5.0,1093404,5572130,4,0.57375,,,1.9395017793594307,0.68125,2.0065359477124183,,,1.15125
1322,206,4,7.1,1093404,5572130,6,0.5041666666666667,0.4049875,0.59905625,1.9603960396039604,0.66,2.003305785123967,2.0,2.008849557522124,1.01
1323,206,4,10.2,1093404,5572130,2,0.5375000000000001,,,1.8409090909090908,0.6075,2.0046511627906978,,,1.0775
1324,206,4,14.6,1093404,5572130,5,0.49499999999999994,0.35000000000000003,0.6355000000000002,1.8181818181818181,0.54,2.004040404040404,2.0,2.009876543209876,0.992
1325,206,4,20.9,1093404,5572130,5,0.4830000000000001,,,1.8537414965986394,0.545,2.0041407867494825,,,0.968
1326,206,4,29.9,1093404,5572130,2,0.48250000000000004,,,1.825,0.5475,2.0,,,0.965
1327,206,4,42.7,1093404,5572130,3,0.45333333333333337,,,1.7922077922077921,0.46,2.0036764705882355,,,0.9083333333333333
1328,206,4,61.0,1093404,5572130,3,0.4383333333333333,,,1.8875,0.5033333333333333,2.0,,,0.8766666666666667
1329,206,4,87.4,1093404,5572130,4,0.52875,,,1.895397489539749,0.56625,2.0,,,1.0575
1330,206,4,125.0,1093404,5572130,5,0.5609999999999999,,,1.894894894894895,0.631,2.0071301247771838,,,1.126
1331,851,6,5.0,1020414,460080,1,0.65,,,2.025,0.81,2.0076923076923077,,,1.305
1332,851,6,7.1,1020414,460080,4,0.39875,,,1.8677248677248677,0.44125,2.0031347962382444,,,0.79875
1333,851,6,10.2,1020414,460080,4,0.5487500000000001,,,1.9889705882352942,0.67625,2.0,,,1.0975
1334,851,6,14.6,1020414,460080,4,0.51625,,,1.9024390243902438,0.585,2.0,,,1.0325
1335,851,6,20.9,1020414,460080,3,0.35166666666666674,,,1.8923076923076922,0.41,2.0,,,0.7033333333333334
1336,851,6,29.9,1020414,460080,4,0.48250000000000004,,,1.9473684210526316,0.555,2.0,,,0.965
1337,851,6,42.7,1020414,460080,4,0.45749999999999996,,,1.8521739130434782,0.5325,2.0,,,0.915
1338,851,6,61.0,1020414,460080,1,0.46,,,2.04,0.51,2.0,,,0.92
1339,851,6,87.4,1020414,460080,4,0.52875,,,1.7878787878787878,0.51625,2.0023640661938535,,,1.05875
1340,851,6,125.0,1020414,460080,6,0.4166666666666667,,,1.9141914191419143,0.48333333333333334,2.0,,,0.8333333333333334
1341,923,7,5.0,804969,6362730,4,0.34500000000000003,0.225,0.435,1.6779661016949152,0.37125,2.0072463768115942,2.0,2.0229885057471266,0.6925
1342,923,7,7.1,804969,6362730,6,0.5008333333333334,0.36975,0.6475624999999999,1.8679245283018868,0.5775,2.0033277870216306,2.0,2.0057410941475826,1.0033333333333334
1343,923,7,10.2,804969,6362730,5,0.485,,,1.8958333333333333,0.546,2.0,,,0.97
1344,923,7,14.6,804969,6362730,6,0.4683333333333333,0.366825,0.5601562500000001,1.8372781065088757,0.5175,2.00355871886121,2.0,2.0092412130440302,0.9383333333333334
1345,923,7,20.9,804969,6362730,2,0.37,,,1.6734693877551021,0.41,2.0,,,0.74
1346,923,7,29.9,804969,6362730,5,0.46099999999999997,,,1.8812260536398469,0.491,2.002169197396963,,,0.923
1347,923,7,42.7,804969,6362730,5,0.45,,,1.9327731092436975,0.46,2.006666666666667,,,0.903
1348,923,7,61.0,804969,6362730,3,0.5533333333333333,,,2.0259067357512954,0.6516666666666666,2.0,,,1.1066666666666667
1349,923,7,87.4,804969,6362730,3,0.5533333333333333,,,1.9950980392156863,0.6783333333333333,2.0090361445783134,,,1.1116666666666666
1350,923,7,125.0,804969,6362730,4,0.5499999999999999,,,2.0833333333333335,0.71875,2.0045454545454544,,,1.1025
1351,242,7,5.0,793672,2274167,7,0.4778571428571428,0.38075000000000003,0.5934875000000001,1.910344827586207,0.5935714285714285,2.0029895366218238,2.0,2.008695652173913,0.9571428571428572
1352,242,7,7.1,793672,2274167,5,0.515,,,1.9119496855345912,0.608,2.0038834951456312,,,1.032
1353,242,7,10.2,793672,2274167,3,0.4266666666666667,,,1.9530201342281879,0.485,2.0,,,0.8533333333333334
1354,242,7,14.6,793672,2274167,7,0.525,0.44109375000000006,0.6080749999999999,1.9343220338983051,0.6521428571428571,2.001360544217687,2.0,2.00390625,1.0507142857142857
1355,242,7,20.9,793672,2274167,5,0.54,,,1.9254658385093169,0.62,2.0,,,1.08
1356,242,7,29.9,793672,2274167,4,0.5387500000000001,,,1.9042145593869733,0.62125,2.0046403712296983,,,1.08
1357,242,7,42.7,793672,2274167,3,0.5233333333333333,,,2.0380434782608696,0.625,2.0,,,1.0466666666666666
1358,242,7,61.0,793672,2274167,4,0.38125000000000003,,,1.8554913294797688,0.40125,2.0,,,0.7625
1359,242,7,87.4,793672,2274167,2,0.52,,,1.704,0.5325,2.0,,,1.04
1360,242,7,125.0,793672,2274167,1,0.3,,,1.763157894736842,0.335,2.0166666666666666,,,0.605
1361,344,2,5.0,1046106,3685562,1,0.78,,,1.7373737373737375,0.86,2.019230769230769,,,1.575
1362,344,2,7.1,1046106,3685562,3,0.525,,,1.6397849462365592,0.5083333333333333,2.0253968253968253,,,1.0633333333333332
1363,344,2,10.2,1046106,3685562,4,0.635,,,1.6,0.64,2.0118110236220472,,,1.2775
1364,344,2,14.6,1046106,3685562,4,0.54375,,,1.5441176470588236,0.525,2.013793103448276,,,1.095
1365,344,2,20.9,1046106,3685562,3,0.7116666666666666,,,1.6440677966101696,0.6466666666666666,2.0163934426229506,,,1.435
1366,344,2,29.9,1046106,3685562,4,0.6625,,,1.610223642172524,0.63,2.0037735849056606,,,1.3275
1367,344,2,42.7,1046106,3685562,4,0.6024999999999999,,,1.6382978723404256,0.5775,2.0062240663900415,,,1.20875
1368,344,2,61.0,1046106,3685562,3,0.6533333333333333,,,1.651376146788991,0.6,2.00765306122449,,,1.3116666666666668
1369,344,2,87.4,1046106,3685562,7,0.5378571428571429,,,1.6808988764044943,0.5342857142857143,2.00398406374502,,,1.0778571428571428
1370,344,2,125.0,1046106,3685562,3,0.5533333333333333,,,1.5555555555555556,0.4666666666666667,2.003012048192771,,,1.1083333333333334
1371,158,5,5.0,214456,4769636,3,0.5216666666666666,,,1.9833333333333334,0.595,2.0031948881789137,,,1.045
1372,158,5,7.1,214456,4769636,8,0.47125,0.363140625,0.5665250000000001,1.8593073593073592,0.536875,2.0,2.0,2.0,0.9425
1373,158,5,10.2,214456,4769636,6,0.3775,0.28966666666666663,0.45,1.8794326241134751,0.44166666666666665,2.0022075055187636,2.0,2.0103448275862066,0.7558333333333334
1374,158,5,14.6,214456,4769636,1,0.515,,,2.0727272727272728,0.57,2.0,,,1.03
1375,158,5,20.9,214456,4769636,4,0.48875,,,1.8392857142857142,0.515,2.002557544757033,,,0.97875
1376,158,5,29.9,214456,4769636,4,0.40375,,,1.9682539682539681,0.465,2.0,,,0.8075
1377,158,5,42.7,214456,4769636,3,0.5216666666666666,,,1.911764705882353,0.65,2.0031948881789137,,,1.045
1378,158,5,61.0,214456,4769636,1,0.66,,,1.9886363636363635,0.875,2.007575757575758,,,1.325
1379,158,5,87.4,214456,4769636,6,0.41333333333333333,0.295,0.5554642857142859,1.8112582781456954,0.4558333333333333,2.002016129032258,2.0,2.004778911564626,0.8275
1380,158,5,125.0,214456,4769636,2,0.535,,,1.8396946564885497,0.6025,2.0,,,1.07
1381,472,7,5.0,294506,3439131,5,0.461,,,1.8133802816901408,0.515,2.0,,,0.922
1382,472,7,7.1,294506,3439131,5,0.5680000000000001,0.4144583333333333,0.6825625000000001,1.903790087463557,0.653,2.0017605633802815,2.0,2.0036948529411767,1.137
1383,472,7,10.2,294506,3439131,3,0.465,,,1.93125,0.515,2.003584229390681,,,0.9316666666666666
1384,472,7,14.6,294506,3439131,4,0.58875,,,1.8982456140350876,0.67625,2.0,,,1.1775
1385,472,7,20.9,294506,3439131,7,0.5135714285714286,0.42329999999999995,0.591025,1.8712643678160918,0.5814285714285714,2.0,2.0,2.0,1.0271428571428571
1386,472,7,29.9,294506,3439131,2,0.6475,,,1.8724832214765101,0.6975,2.0,,,1.295
1387,472,7,42.7,294506,3439131,6,0.38083333333333336,0.315,0.47876562500000003,1.7847222222222223,0.42833333333333334,2.00218818380744,2.0,2.004,0.7625
1388,472,7,61.0,294506,3439131,2,0.29500000000000004,,,1.875,0.3375,2.0084745762711864,,,0.5925
1389,472,7,87.4,294506,3439131,4,0.39375,,,1.8952879581151831,0.4525,2.0,,,0.7875
1390,472,7,125.0,294506,3439131,4,0.49624999999999997,,,1.9298245614035088,0.55,2.0025188916876573,,,0.99375
1391,503,5,5.0,1051958,7084682,2,0.42,,,1.8518518518518519,0.5,2.0,,,0.84
1392,503,5,7.1,1051958,7084682,4,0.4225,,,1.7592592592592593,0.475,2.002958579881657,,,0.84625
1393,503,5,10.2,1051958,7084682,6,0.4466666666666667,0.3305937500000001,0.585,1.8727810650887573,0.5275,2.001865671641791,2.0,2.004363354037267,0.8941666666666667
1394,503,5,14.6,1051958,7084682,3,0.3866666666666667,,,1.8931297709923665,0.41333333333333333,2.0,,,0.7733333333333333
1395,503,5,20.9,1051958,7084682,7,0.5192857142857142,,,1.8966244725738397,0.6421428571428571,2.0027510316368637,,,1.04
1396,503,5,29.9,1051958,7084682,5,0.514,,,1.9114754098360656,0.583,2.0,,,1.028
1397,503,5,42.7,1051958,7084682,3,0.6633333333333334,,,1.9125475285171103,0.8383333333333334,2.0,,,1.3266666666666667
1398,503,5,61.0,1051958,7084682,4,0.48750000000000004,,,1.934782608695652,0.55625,2.0025641025641026,,,0.97625
1399,503,5,87.4,1051958,7084682,2,0.29000000000000004,,,1.8533333333333333,0.3475,2.0,,,0.58
1400,503,5,125.0,1051958,7084682,4,0.4325,,,1.824468085106383,0.42875,2.0028901734104045,,,0.86625
1401,821,5,5.0,1112297,3280514,3,0.515,,,1.936842105263158,0.6133333333333333,2.0032362459546924,,,1.0316666666666667
1402,821,5,7.1,1112297,3280514,2,0.51,,,1.7185185185185186,0.58,2.0049019607843137,,,1.0225
1403,821,5,10.2,1112297,3280514,4,0.575,,,1.915129151291513,0.64875,2.010869565217391,,,1.15625
1404,821,5,14.6,1112297,3280514,5,0.524,,,1.9047619047619047,0.6,2.0076335877862594,,,1.052
1405,821,5,20.9,1112297,3280514,4,0.5175,,,1.946360153256705,0.635,2.0072463768115942,,,1.03875
1406,821,5,29.9,1112297,3280514,6,0.5599999999999999,,,1.9160671462829737,0.6658333333333334,2.005952380952381,,,1.1233333333333333
1407,821,5,42.7,1112297,3280514,4,0.35874999999999996,,,1.7771739130434783,0.40875,2.0069686411149825,,,0.72
1408,821,5,61.0,1112297,3280514,2,0.51,,,1.8738738738738738,0.52,2.0,,,1.02
1409,821,5,87.4,1112297,3280514,6,0.4275,,,1.941358024691358,0.5241666666666667,2.003898635477583,,,0.8566666666666667
1410,821,5,125.0,1112297,3280514,4,0.45375,,,1.8431372549019607,0.47,2.002754820936639,,,0.90875
1411,110,4,5.0,192223,6823941,4,0.36625,,,1.791044776119403,0.45,2.006825938566553,,,0.735
1412,110,4,7.1,192223,6823941,2,0.525,,,1.9473684210526316,0.6475,2.0047619047619047,,,1.0525
1413,110,4,10.2,192223,6823941,7,0.445,0.35915625,0.5595813492063493,1.8282828282828283,0.5171428571428571,2.0064205457463884,2.0019523601216513,2.0103990230058266,0.8928571428571429
1414,110,4,14.6,192223,6823941,7,0.4778571428571428,0.3699583333333334,0.5743035714285714,1.7981220657276995,0.5471428571428572,2.001494768310912,2.0,2.0052631578947366,0.9564285714285714
1415,110,4,20.9,192223,6823941,2,0.35750000000000004,,,1.7553191489361701,0.4125,2.006993006993007,,,0.7175
1416,110,4,29.9,192223,6823941,6,0.44583333333333336,,,1.9415384615384614,0.5258333333333334,2.0037383177570094,,,0.8933333333333333
1417,110,4,42.7,192223,6823941,3,0.41333333333333333,,,1.7531645569620253,0.46166666666666667,2.0,,,0.8266666666666667
1418,110,4,61.0,192223,6823941,3,0.33,,,1.6323529411764706,0.37,2.0,,,0.66
1419,110,4,87.4,192223,6823941,5,0.434,,,1.9381818181818182,0.533,2.006912442396313,,,0.871
1420,110,4,125.0,192223,6823941,5,0.48599999999999993,,,1.8491228070175438,0.527,2.006172839506173,,,0.975
1421,883,5,5.0,823844,1584847,4,0.40875,,,1.9024390243902438,0.4875,2.00611620795107,,,0.82
1422,883,5,7.1,823844,1584847,6,0.5275,0.43140674603174606,0.6239062500000001,2.0,0.6683333333333333,2.009478672985782,2.0,2.0150915326395458,1.06
1423,883,5,10.2,823844,1584847,5,0.42300000000000004,,,1.97265625,0.505,2.0,,,0.846
1424,883,5,14.6,823844,1584847,2,0.42500000000000004,,,1.9351851851851851,0.5225,2.0058823529411764,,,0.8525
1425,883,5,20.9,823844,1584847,4,0.45,,,1.9952153110047848,0.52125,2.0,,,0.9
1426,883,5,29.9,823844,1584847,5,0.497,,,1.9487179487179487,0.532,2.0020120724346078,,,0.995
1427,883,5,42.7,823844,1584847,2,0.6625,,,1.9022988505747127,0.8275,2.0037735849056606,,,1.3275
1428,883,5,61.0,823844,1584847,2,0.6675,,,1.9161290322580644,0.7425,2.0037453183520597,,,1.3375
1429,883,5,87.4,823844,1584847,5,0.437,,,1.897338403041825,0.499,2.0,,,0.874
1430,883,5,125.0,823844,1584847,4,0.46125,,,1.9674418604651163,0.52875,2.002710027100271,,,0.92375
1431,658,3,5.0,949442,1690806,1,0.475,,,1.6744186046511629,0.36,2.0,,,0.95
1432,658,3,7.1,949442,1690806,6,0.45416666666666666,0.3698928571428572,0.55175,1.929663608562691,0.5258333333333334,2.003669724770642,2.0,2.0091077720728885,0.91
1433,658,3,10.2,949442,1690806,2,0.5700000000000001,,,1.8857142857142857,0.66,2.0,,,1.14
1434,658,3,14.6,949442,1690806,3,0.5333333333333333,,,1.9382022471910112,0.575,2.003125,,,1.0683333333333334
1435,658,3,20.9,949442,1690806,4,0.4675,,,1.7219730941704037,0.48,2.0,,,0.935
1436,658,3,29.9,949442,1690806,3,0.48500000000000004,,,1.8764044943820224,0.5566666666666666,2.0,,,0.97
1437,658,3,42.7,949442,1690806,5,0.48900000000000005,0.3861795454545454,0.6001562500000001,1.9071428571428573,0.534,2.0,2.0,2.0,0.978
1438,658,3,61.0,949442,1690806,4,0.44125000000000003,,,1.9807692307692308,0.515,2.002832861189802,,,0.88375
1439,658,3,87.4,949442,1690806,4,0.5375000000000001,,,1.7707509881422925,0.56,2.0046511627906978,,,1.0775
1440,658,3,125.0,949442,1690806,1,0.66,,,1.8208955223880596,0.61,2.007575757575758,,,1.325
1441,723,2,5.0,916560,6727167,5,0.7889999999999999,,,4.17741935483871,2.331,2.0950570342205324,,,1.653
1442,723,2,7.1,916560,6727167,3,0.7316666666666666,,,2.6677740863787376,1.3383333333333334,2.084282460136674,,,1.525
1443,723,2,10.2,916560,6727167,2,0.745,,,2.067415730337079,0.92,2.040268456375839,,,1.52
1444,723,2,14.6,916560,6727167,4,0.58,,,1.8184818481848184,0.68875,2.0517241379310347,,,1.19
1445,723,2,20.9,916560,6727167,4,0.68875,,,1.8358662613981762,0.755,2.05989110707804,,,1.41875
1446,723,2,29.9,916560,6727167,4,0.4925,,,1.546938775510204,0.47375,2.027918781725888,,,0.99875
1447,723,2,42.7,916560,6727167,3,0.5816666666666667,,,1.6203703703703705,0.5833333333333334,2.011461318051576,,,1.17
1448,723,2,61.0,916560,6727167,4,0.56,,,1.6529209621993126,0.60125,2.015625,,,1.12875
1449,723,2,87.4,916560,6727167,4,0.71125,,,1.7970588235294118,0.76375,2.0123022847100174,,,1.43125
1450,723,2,125.0,916560,6727167,6,0.6591666666666667,0.5823958333333333,0.7516666666666666,1.6153846153846154,0.6475,2.011378002528445,2.0059851910522273,2.0193548387096776,1.3258333333333334
1451,315,7,5.0,1015407,4833322,2,0.405,,,1.94,0.485,2.0,,,0.81
1452,315,7,7.1,1015407,4833322,3,0.4133333333333334,,,1.8614457831325302,0.515,2.0,,,0.8266666666666667
1453,315,7,10.2,1015407,4833322,2,0.485,,,1.8407079646017699,0.52,2.0,,,0.97
1454,315,7,14.6,1015407,4833322,5,0.442,,,1.8918918918918919,0.49,2.004524886877828,,,0.886
1455,315,7,20.9,1015407,4833322,9,0.47777777777777775,0.3979634615384615,0.5405625000000001,1.895582329317269,0.5244444444444445,2.0,2.0,2.0,0.9555555555555556
1456,315,7,29.9,1015407,4833322,2,0.4275,,,1.9405940594059405,0.49,2.0,,,0.855
1457,315,7,42.7,1015407,4833322,4,0.49624999999999997,,,1.9406779661016949,0.5725,2.0,,,0.9925
1458,315,7,61.0,1015407,4833322,3,0.4633333333333334,,,1.9597701149425288,0.5683333333333334,2.0,,,0.9266666666666666
1459,315,7,87.4,1015407,4833322,5,0.43099999999999994,0.27828125,0.63,1.873134328358209,0.502,2.0,2.0,2.0,0.862
1460,315,7,125.0,1015407,4833322,7,0.48357142857142854,0.3991071428571429,0.5650833333333334,1.9170984455958548,0.5285714285714286,2.001477104874446,2.0,2.0029166666666667,0.9678571428571429
1461,829,7,5.0,391716,4154663,1,0.2,,,1.6296296296296295,0.22,2.0,,,0.4
1462,829,7,7.1,391716,4154663,3,0.295,,,1.6696428571428572,0.31166666666666665,2.0,,,0.59
1463,829,7,10.2,391716,4154663,3,0.49666666666666665,,,1.9166666666666667,0.6133333333333333,2.0033557046979866,,,0.995
1464,829,7,14.6,391716,4154663,2,0.4175,,,1.9387755102040816,0.475,2.0,,,0.835
1465,829,7,20.9,391716,4154663,5,0.49899999999999994,,,2.0606060606060606,0.612,2.002004008016032,,,0.999
1466,829,7,29.9,391716,4154663,3,0.4816666666666667,,,1.9119170984455958,0.615,2.013840830449827,,,0.97
1467,829,7,42.7,391716,4154663,2,0.4375,,,1.7857142857142858,0.4375,2.0,,,0.875
1468,829,7,61.0,391716,4154663,3,0.4383333333333334,,,1.8733333333333333,0.4683333333333333,2.0,,,0.8766666666666667
1469,829,7,87.4,391716,4154663,2,0.4075,,,1.9047619047619047,0.5,2.0,,,0.815
1470,829,7,125.0,391716,4154663,3,0.385,,,1.7651515151515151,0.3883333333333333,2.0,,,0.77
1471,846,5,5.0,502650,6597787,2,0.575,,,1.8055555555555556,0.65,2.0043478260869567,,,1.1525
1472,846,5,7.1,502650,6597787,6,0.5408333333333334,0.40578125000000004,0.62834375,1.9190476190476191,0.6716666666666666,2.0015408320493067,2.0,2.010204081632653,1.0825
1473,846,5,10.2,502650,6597787,2,0.4575,,,1.8224299065420562,0.4875,2.0,,,0.915
1474,846,5,14.6,502650,6597787,2,0.4375,,,1.9444444444444444,0.525,2.0,,,0.875
1475,846,5,20.9,502650,6597787,6,0.5058333333333334,0.35166666666666674,0.60253125,1.9579831932773109,0.5825,2.0065897858319603,2.002732938749888,2.0142343836373686,1.015
1476,846,5,29.9,502650,6597787,2,0.41000000000000003,,,1.9519230769230769,0.5075,2.0060975609756095,,,0.8225
1477,846,5,42.7,502650,6597787,10,0.3994999999999999,0.3339910714285714,0.48534062499999997,1.860323886639676,0.4595,2.0075093867334166,2.0,2.0176339285714286,0.802
1478,846,5,61.0,502650,6597787,4,0.44875,,,1.9056603773584906,0.505,2.0,,,0.8975
1479,846,5,87.4,502650,6597787,4,0.4475,,,1.9490740740740742,0.52625,2.005586592178771,,,0.8975
1480,846,5,125.0,502650,6597787,3,0.45999999999999996,,,1.87012987012987,0.48,2.010869565217391,,,0.925
1481,501,2,5.0,660148,597832,4,0.66625,,,1.6292834890965733,0.65375,2.0150093808630394,,,1.3425
1482,501,2,7.1,660148,597832,4,0.58375,,,1.5445544554455446,0.585,2.0107066381156318,,,1.17375
1483,501,2,10.2,660148,597832,4,0.56875,,,1.5070422535211268,0.535,2.002197802197802,,,1.13875
1484,501,2,14.6,660148,597832,4,0.6312500000000001,,,1.6700680272108843,0.61375,2.0,,,1.2625
1485,501,2,20.9,660148,597832,4,0.6074999999999999,,,1.6654804270462633,0.585,2.0,,,1.215
1486,501,2,29.9,660148,597832,4,0.5487500000000001,0.435,0.6333333333333334,1.6962962962962962,0.5725,2.002277904328018,2.0,2.004901960784314,1.09875
1487,501,2,42.7,660148,597832,4,0.5650000000000001,,,1.6363636363636365,0.54,2.0,,,1.13
1488,501,2,61.0,660148,597832,4,0.585,,,1.5724637681159421,0.5425,2.0,,,1.17
1489,501,2,87.4,660148,597832,4,0.53125,,,1.663716814159292,0.47,2.0,,,1.0625
1490,501,2,125.0,660148,597832,4,0.725,,,1.6877076411960132,0.635,2.0,,,1.45
1491,408,6,5.0,744358,2087706,8,0.4625,0.353,0.5758630952380953,1.7755555555555556,0.499375,2.0094594594594595,2.0026238469191844,2.017036330094671,0.929375
1492,408,6,7.1,744358,2087706,5,0.5229999999999999,,,1.9834983498349834,0.601,2.0038240917782026,,,1.048
1493,408,6,10.2,744358,2087706,5,0.509,,,1.9090909090909092,0.567,2.0039292730844793,,,1.02
1494,408,6,14.6,744358,2087706,4,0.36,0.275,0.515,1.8950276243093922,0.42875,2.0104166666666665,2.0,2.018181818181818,0.72375
1495,408,6,20.9,744358,2087706,1,0.36,,,1.9722222222222223,0.355,2.0,,,0.72
1496,408,6,29.9,744358,2087706,1,0.44,,,1.9137931034482758,0.555,2.0,,,0.88
1497,408,6,42.7,744358,2087706,2,0.445,,,1.7964601769911503,0.5075,2.00561797752809,,,0.8925
1498,408,6,61.0,744358,2087706,3,0.5483333333333333,,,1.903061224489796,0.6216666666666667,2.0091185410334345,,,1.1016666666666666
1499,408,6,87.4,744358,2087706,5,0.48100000000000004,,,1.9491525423728813,0.575,2.006237006237006,,,0.965
1500,408,6,125.0,744358,2087706,3,0.49833333333333335,,,1.7590361445783131,0.4866666666666667,2.0,,,0.9966666666666667
1501,372,4,5.0,839325,3193563,5,0.499,0.325,0.6350625,1.8178807947019868,0.549,2.002004008016032,2.0,2.0044444444444443,0.999
1502,372,4,7.1,839325,3193563,3,0.4066666666666667,,,1.7142857142857142,0.44,2.0081967213114753,,,0.8166666666666667
1503,372,4,10.2,839325,3193563,1,0.29,,,1.8285714285714285,0.32,2.0,,,0.58
1504,372,4,14.6,839325,3193563,7,0.4264285714285715,0.31251488095238095,0.5237991071428572,1.8767123287671232,0.48928571428571427,2.0016750418760467,2.0,2.0056179775280896,0.8535714285714285
1505,372,4,20.9,839325,3193563,2,0.5225,,,1.786764705882353,0.6075,2.0047846889952154,,,1.0475
1506,372,4,29.9,839325,3193563,3,0.58,,,1.8146341463414635,0.62,2.0086206896551726,,,1.165
1507,372,4,42.7,839325,3193563,5,0.5149999999999999,0.38178333333333336,0.602609375,2.0,0.624,2.0058252427184464,2.0,2.0121819874220357,1.033
1508,372,4,61.0,839325,3193563,10,0.4385,0.38999999999999996,0.48101346153846153,1.833976833976834,0.475,2.0034207525655643,2.0,2.0067012861781652,0.8785
1509,372,4,87.4,839325,3193563,3,0.44333333333333336,,,1.86875,0.49833333333333335,2.0,,,0.8866666666666667
1510,372,4,125.0,839325,3193563,3,0.57,,,1.9533678756476685,0.6283333333333333,2.002923976608187,,,1.1416666666666666
1511,346,7,5.0,100369,480736,3,0.5299999999999999,,,1.9748743718592965,0.655,2.0,,,1.06
1512,346,7,7.1,100369,480736,8,0.4781249999999999,0.40374375,0.5622611607142857,1.8438818565400843,0.54625,2.0013071895424837,2.0,2.005366666666667,0.956875
1513,346,7,10.2,100369,480736,6,0.45416666666666666,0.341,0.5575625,1.879746835443038,0.495,2.0,2.0,2.0,0.9083333333333333
1514,346,7,14.6,100369,480736,4,0.47124999999999995,,,1.8666666666666667,0.525,2.0026525198938994,,,0.94375
1515,346,7,20.9,100369,480736,3,0.5166666666666666,,,1.8586387434554974,0.5916666666666667,2.0,,,1.0333333333333334
1516,346,7,29.9,100369,480736,6,0.4383333333333333,0.33437500000000003,0.5472,1.8237179487179487,0.4741666666666667,2.0,2.0,2.0,0.8766666666666667
1517,346,7,42.7,100369,480736,3,0.5433333333333333,,,2.030150753768844,0.6733333333333333,2.0,,,1.0866666666666667
1518,346,7,61.0,100369,480736,3,0.44333333333333336,,,1.8466666666666667,0.46166666666666667,2.0,,,0.8866666666666667
1519,346,7,87.4,100369,480736,3,0.5433333333333333,,,1.9278350515463918,0.6233333333333333,2.003067484662577,,,1.0883333333333334
1520,346,7,125.0,100369,480736,4,0.43500000000000005,,,1.9534883720930232,0.525,2.0,,,0.87
1521,909,5,5.0,351365,3358417,4,0.47875,,,1.8271604938271604,0.555,2.0078328981723237,,,0.96125
1522,909,5,7.1,351365,3358417,2,0.4225,,,1.9572649572649572,0.5725,2.0,,,0.845
1523,909,5,10.2,351365,3358417,1,0.68,,,2.1139240506329116,0.835,2.0073529411764706,,,1.365
1524,909,5,14.6,351365,3358417,4,0.485,,,1.8963963963963963,0.52625,2.002577319587629,,,0.97125
1525,909,5,20.9,351365,3358417,7,0.44,,,1.8423913043478262,0.48428571428571426,2.0016233766233764,,,0.8807142857142857
1526,909,5,29.9,351365,3358417,3,0.3433333333333333,,,1.8048780487804879,0.37,2.004854368932039,,,0.6883333333333334
1527,909,5,42.7,351365,3358417,2,0.605,,,1.88,0.5875,2.0,,,1.21
1528,909,5,61.0,351365,3358417,6,0.4991666666666667,0.38482500000000003,0.6130187500000001,1.8872832369942196,0.5441666666666667,2.005008347245409,2.0,2.0088340931067825,1.0008333333333332
1529,909,5,87.4,351365,3358417,7,0.5014285714285714,,,1.8816425120772946,0.5564285714285714,2.0042735042735043,,,1.005
1530,909,5,125.0,351365,3358417,3,0.5733333333333334,,,1.9264705882352942,0.655,2.005813953488372,,,1.15
1531,518,7,5.0,713907,6816403,4,0.44999999999999996,,,1.9030837004405285,0.54,2.0055555555555555,,,0.9025
1532,518,7,7.1,713907,6816403,3,0.39166666666666666,,,1.8104575163398693,0.46166666666666667,2.008510638297872,,,0.7866666666666666
1533,518,7,10.2,713907,6816403,7,0.43500000000000005,,,1.9266304347826086,0.5064285714285715,2.0049261083743843,,,0.8721428571428571
1534,518,7,14.6,713907,6816403,3,0.3866666666666667,,,1.836734693877551,0.45,2.0,,,0.7733333333333333
1535,518,7,20.9,713907,6816403,7,0.4957142857142857,0.40475,0.5871285714285714,1.8626126126126126,0.5907142857142857,2.0028818443804033,2.0,2.0058546910755144,0.9928571428571429
1536,518,7,29.9,713907,6816403,2,0.4325,,,1.8571428571428572,0.4875,2.0,,,0.865
1537,518,7,42.7,713907,6816403,2,0.4275,,,1.702127659574468,0.4,2.0058479532163744,,,0.8575
1538,518,7,61.0,713907,6816403,2,0.40249999999999997,,,2.0729166666666665,0.4975,2.012422360248447,,,0.81
1539,518,7,87.4,713907,6816403,5,0.539,0.47150000000000003,0.64005,1.9221183800623054,0.617,2.00556586270872,2.0,2.0113452797202793,1.081
1540,518,7,125.0,713907,6816403,4,0.505,,,1.899581589958159,0.5675,2.0024752475247523,,,1.01125
1541,611,3,5.0,406565,4495167,5,0.396,,,1.8615384615384616,0.484,2.0025252525252526,,,0.793
1542,611,3,7.1,406565,4495167,2,0.365,,,1.7373737373737375,0.43,2.0,,,0.73
1543,611,3,10.2,406565,4495167,7,0.5371428571428571,0.3873125,0.689390625,1.8580786026200873,0.6078571428571429,2.007978723404255,2.0,2.0145124044285043,1.0785714285714285
1544,611,3,14.6,406565,4495167,8,0.40125,0.30426190476190473,0.5220031250000001,1.8452088452088453,0.469375,2.0,2.0,2.0,0.8025
1545,611,3,20.9,406565,4495167,2,0.3575,,,1.8095238095238095,0.38,2.0,,,0.715
1546,611,3,29.9,406565,4495167,4,0.49124999999999996,,,1.8794642857142858,0.52625,2.0127226463104324,,,0.98875
1547,611,3,42.7,406565,4495167,4,0.4725,,,1.8398268398268398,0.53125,2.0,,,0.945
1548,611,3,61.0,406565,4495167,3,0.4483333333333333,,,1.65,0.44,2.0,,,0.8966666666666666
1549,611,3,87.4,406565,4495167,3,0.4716666666666667,,,1.8554913294797688,0.535,2.0070671378091873,,,0.9466666666666667
1550,611,3,125.0,406565,4495167,3,0.355,,,1.9253731343283582,0.43,2.004694835680751,,,0.7116666666666667
1551,985,8,5.0,870460,3389597,4,0.5787500000000001,,,1.8975265017667844,0.67125,2.0,,,1.1575
1552,985,8,7.1,870460,3389597,5,0.44000000000000006,0.3825,0.50223125,1.8643410852713178,0.481,2.0045454545454544,2.0,2.011763896532746,0.882
1553,985,8,10.2,870460,3389597,2,0.37,,,1.8372093023255813,0.395,2.0,,,0.74
1554,985,8,14.6,870460,3389597,6,0.45,,,1.7712609970674487,0.5033333333333333,2.0,,,0.9
1555,985,8,20.9,870460,3389597,2,0.5575000000000001,,,1.8692307692307693,0.6075,2.0,,,1.115
1556,985,8,29.9,870460,3389597,3,0.33666666666666667,,,1.8161764705882353,0.4116666666666667,2.0,,,0.6733333333333333
1557,985,8,42.7,870460,3389597,5,0.537,0.4848333333333334,0.6156250000000001,1.9351851851851851,0.627,2.007448789571695,2.0,2.0157160194174755,1.078
1558,985,8,61.0,870460,3389597,6,0.4741666666666667,0.3471458333333334,0.6043285714285713,1.8348082595870205,0.5183333333333333,2.0052724077328645,2.0,2.008405114784568,0.9508333333333333
1559,985,8,87.4,870460,3389597,4,0.4525,,,1.9348837209302325,0.52,2.0,,,0.905
1560,985,8,125.0,870460,3389597,3,0.3833333333333333,,,1.8476821192052981,0.465,2.0043478260869567,,,0.7683333333333333
1561,462,8,5.0,1130029,2254688,5,0.5569999999999999,0.495,0.6125,2.008720930232558,0.691,2.0,2.0,2.0,1.114
1562,462,8,7.1,1130029,2254688,5,0.48599999999999993,,,1.8532423208191127,0.543,2.0,,,0.972
1563,462,8,10.2,1130029,2254688,4,0.45499999999999996,,,1.8036529680365296,0.49375,2.0,,,0.91
1564,462,8,14.6,1130029,2254688,5,0.48200000000000004,,,1.8741258741258742,0.536,2.0,,,0.964
1565,462,8,20.9,1130029,2254688,2,0.4,,,1.6990291262135921,0.4375,2.0,,,0.8
1566,462,8,29.9,1130029,2254688,4,0.355,,,1.9470588235294117,0.41375,2.0,,,0.71
1567,462,8,42.7,1130029,2254688,3,0.39666666666666667,,,1.875,0.45,2.0,,,0.7933333333333333
1568,462,8,61.0,1130029,2254688,4,0.43499999999999994,,,1.8364485981308412,0.49125,2.0,,,0.87
1569,462,8,87.4,1130029,2254688,6,0.3941666666666666,,,1.8771929824561404,0.44583333333333336,2.0,,,0.7883333333333333
1570,462,8,125.0,1130029,2254688,6,0.47000000000000003,0.381625,0.5663125,1.8803680981595092,0.5108333333333334,2.0,2.0,2.0,0.94
1571,920,3,5.0,571111,1262197,2,0.4375,,,1.8981481481481481,0.5125,2.0,,,0.875
1572,920,3,7.1,571111,1262197,2,0.45999999999999996,,,1.8130841121495327,0.485,2.0,,,0.92
1573,920,3,10.2,571111,1262197,8,0.42687500000000006,0.3281428571428572,0.5284616477272727,1.7893462469733656,0.461875,2.005856515373353,2.0,2.0158187134502925,0.85625
1574,920,3,14.6,571111,1262197,6,0.43999999999999995,,,1.7891373801916932,0.4666666666666667,2.0018939393939394,,,0.8808333333333334
1575,920,3,20.9,571111,1262197,3,0.4266666666666667,,,1.9090909090909092,0.525,2.0,,,0.8533333333333334
1576,920,3,29.9,571111,1262197,5,0.45899999999999996,0.35731250000000003,0.5973437500000003,1.83206106870229,0.48,2.0043572984749454,2.0,2.0087453741776313,0.92
1577,920,3,42.7,571111,1262197,5,0.572,,,1.834319526627219,0.62,2.0034965034965033,,,1.146
1578,920,3,61.0,571111,1262197,2,0.54,,,1.8157894736842106,0.5175,2.0046296296296298,,,1.0825
1579,920,3,87.4,571111,1262197,5,0.399,,,1.8076923076923077,0.423,2.0,,,0.798
1580,920,3,125.0,571111,1262197,5,0.48200000000000004,,,1.8210526315789475,0.519,2.0,,,0.964
1581,875,3,5.0,284969,1642034,5,0.534,,,1.9058823529411764,0.648,2.0037453183520597,,,1.07
1582,875,3,7.1,284969,1642034,3,0.6066666666666666,,,1.9267241379310345,0.745,2.0027472527472527,,,1.215
1583,875,3,10.2,284969,1642034,3,0.545,,,1.9027027027027028,0.5866666666666667,2.003058103975535,,,1.0916666666666666
1584,875,3,14.6,284969,1642034,3,0.2966666666666667,,,1.6756756756756757,0.31,2.00561797752809,,,0.595
1585,875,3,20.9,284969,1642034,3,0.39666666666666667,,,1.8435374149659864,0.45166666666666666,2.004201680672269,,,0.795
1586,875,3,29.9,284969,1642034,4,0.48750000000000004,,,1.7903930131004366,0.5125,2.005128205128205,,,0.9775
1587,875,3,42.7,284969,1642034,6,0.4466666666666666,0.355,0.5250416666666667,1.8388059701492536,0.5133333333333333,2.003731343283582,2.0,2.0085409680824644,0.895
1588,875,3,61.0,284969,1642034,3,0.48666666666666664,,,1.84375,0.59,2.0,,,0.9733333333333334
1589,875,3,87.4,284969,1642034,6,0.3933333333333333,,,1.8876811594202898,0.43416666666666665,2.0,,,0.7866666666666666
1590,875,3,125.0,284969,1642034,4,0.42,,,1.8774509803921569,0.47875,2.0,,,0.84
1591,624,3,5.0,680674,7660642,5,0.441,,,1.777027027027027,0.526,2.002267573696145,,,0.883
1592,624,3,7.1,680674,7660642,4,0.49624999999999997,,,1.8115384615384615,0.58875,2.0025188916876573,,,0.99375
1593,624,3,10.2,680674,7660642,6,0.44166666666666665,0.32338125,0.555,1.9303797468354431,0.5083333333333333,2.0018867924528303,2.0,2.004542042042042,0.8841666666666667
1595,624,3,20.9,680674,7660642,5,0.5079999999999999,,,1.8530351437699681,0.58,2.001968503937008,,,1.017
1596,624,3,29.9,680674,7660642,4,0.42374999999999996,,,1.9067357512953367,0.46,2.0,,,0.8475
1597,624,3,42.7,680674,7660642,2,0.585,,,1.9393939393939394,0.64,2.0042735042735043,,,1.1725
1598,624,3,61.0,680674,7660642,3,0.5916666666666667,,,1.8731707317073172,0.64,2.0,,,1.1833333333333333
1599,624,3,87.4,680674,7660642,2,0.5475,,,1.8951612903225807,0.5875,2.0,,,1.095
1600,624,3,125.0,680674,7660642,7,0.5114285714285713,0.440828125,0.5869166666666668,1.8104265402843602,0.5457142857142857,2.0041899441340782,2.0,2.0132582453713193,1.025
1601,685,4,5.0,779169,3347481,5,0.43,,,1.829090909090909,0.503,2.0023255813953487,,,0.861
1602,685,4,7.1,779169,3347481,4,0.5625,,,1.9672131147540983,0.6,2.006666666666667,,,1.12875
1603,685,4,10.2,779169,3347481,3,0.45999999999999996,,,1.9320987654320987,0.5216666666666666,2.003623188405797,,,0.9216666666666666
1604,685,4,14.6,779169,3347481,5,0.5109999999999999,,,1.9339622641509433,0.615,2.003913894324853,,,1.024
1605,685,4,20.9,779169,3347481,4,0.4375,,,1.8333333333333333,0.48125,2.0028571428571427,,,0.87625
1606,685,4,29.9,779169,3347481,4,0.39375,0.35328125,0.43,1.7736842105263158,0.42125,2.003174603174603,2.0,2.0120481927710845,0.78875
1607,685,4,42.7,779169,3347481,6,0.4175,,,1.8706624605678233,0.49416666666666664,2.0059880239520957,,,0.8375
1608,685,4,61.0,779169,3347481,3,0.5750000000000001,,,2.0142857142857142,0.705,2.0028985507246375,,,1.1516666666666666
1609,685,4,87.4,779169,3347481,5,0.568,,,1.927325581395349,0.663,2.005281690140845,,,1.139
1610,685,4,125.0,779169,3347481,4,0.3425,,,1.970059880239521,0.41125,2.0,,,0.685
1611,915,3,5.0,68533,7042491,5,0.692,,,2.1466666666666665,0.966,2.0289017341040463,,,1.404
1612,915,3,7.1,68533,7042491,6,0.6091666666666666,0.5159125,0.7566428571428571,1.8206278026905829,0.6766666666666666,2.028727770177839,2.0089005119954315,2.054262688314615,1.2358333333333333
1613,915,3,10.2,68533,7042491,3,0.45999999999999996,,,1.7724137931034483,0.42833333333333334,2.010869565217391,,,0.925
1614,915,3,14.6,68533,7042491,2,0.6275,,,1.8333333333333333,0.715,2.0199203187250996,,,1.2675
1615,915,3,20.9,68533,7042491,1,0.37,,,1.7272727272727273,0.475,2.0135135135135136,,,0.745
1616,915,3,29.9,68533,7042491,5,0.528,,,1.7835365853658536,0.585,2.0056818181818183,,,1.059
1617,915,3,42.7,68533,7042491,5,0.42699999999999994,,,1.686131386861314,0.462,2.0046838407494145,,,0.856
1618,915,3,61.0,68533,7042491,6,0.4666666666666666,0.37349776785714284,0.5443,1.7804232804232805,0.5608333333333333,2.007142857142857,2.00176885181517,2.010360885329508,0.9366666666666666
1619,915,3,87.4,68533,7042491,2,0.37,,,1.696629213483146,0.3775,2.0067567567567566,,,0.7425
1620,915,3,125.0,68533,7042491,3,0.4083333333333334,,,1.802547770700637,0.4716666666666667,2.0,,,0.8166666666666667
1621,168,7,5.0,599707,4109857,5,0.44699999999999995,,,1.8636363636363635,0.492,2.0,,,0.894
1622,168,7,7.1,599707,4109857,3,0.52,,,1.9565217391304348,0.6,2.0,,,1.04
1623,168,7,10.2,599707,4109857,3,0.48666666666666664,,,1.8907103825136613,0.5766666666666667,2.0,,,0.9733333333333334
1624,168,7,14.6,599707,4109857,6,0.3725,,,1.8656716417910448,0.4166666666666667,2.0022371364653244,,,0.7458333333333333
1625,168,7,20.9,599707,4109857,5,0.421,,,1.9612403100775193,0.506,2.002375296912114,,,0.843
1626,168,7,29.9,599707,4109857,4,0.46375000000000005,,,1.880952380952381,0.49375,2.0,,,0.9275
1627,168,7,42.7,599707,4109857,2,0.52,,,1.8211382113821137,0.56,2.0,,,1.04
1628,168,7,61.0,599707,4109857,2,0.4325,,,1.9272727272727272,0.53,2.005780346820809,,,0.8675
1629,168,7,87.4,599707,4109857,3,0.5266666666666667,,,1.933673469387755,0.6316666666666667,2.0,,,1.0533333333333332
1630,168,7,125.0,599707,4109857,4,0.58875,,,1.8912280701754387,0.67375,2.0042462845010616,,,1.18
1631,851,5,5.0,272177,3577978,4,0.39249999999999996,,,1.8317757009345794,0.49,2.0,,,0.785
1632,851,5,7.1,272177,3577978,1,0.64,,,1.9367088607594938,0.765,2.0,,,1.28
1633,851,5,10.2,272177,3577978,6,0.3341666666666667,0.24492500000000003,0.4175,1.801556420233463,0.3858333333333333,2.0,2.0,2.0,0.6683333333333333
1634,851,5,14.6,272177,3577978,4,0.45999999999999996,,,1.9506726457399104,0.54375,2.0027173913043477,,,0.92125
1635,851,5,20.9,272177,3577978,3,0.38333333333333336,,,1.91156462585034,0.4683333333333333,2.0043478260869567,,,0.7683333333333333
1636,851,5,29.9,272177,3577978,3,0.5233333333333333,,,1.9,0.665,2.0063694267515926,,,1.05
1637,851,5,42.7,272177,3577978,3,0.47833333333333333,,,1.904494382022472,0.565,2.0034843205574915,,,0.9583333333333334
1638,851,5,61.0,272177,3577978,9,0.46166666666666667,0.3867083333333334,0.5425000000000001,1.9161793372319689,0.5461111111111111,2.0072202166064983,2.0022009386665767,2.0141130847537796,0.9266666666666666
1639,851,5,87.4,272177,3577978,3,0.565,,,1.8715083798882681,0.5583333333333333,2.0,,,1.13
1640,851,5,125.0,272177,3577978,3,0.46166666666666667,,,1.896341463414634,0.5183333333333333,2.0,,,0.9233333333333333
1641,764,7,5.0,907441,5095093,4,0.38125,,,1.9414893617021276,0.45625,2.0,,,0.7625
1642,764,7,7.1,907441,5095093,7,0.5314285714285715,0.36815000000000003,0.653375,2.0276008492569004,0.6821428571428572,2.0013440860215055,2.0,2.003392705682782,1.0635714285714286
1643,764,7,10.2,907441,5095093,3,0.31666666666666665,,,1.6260162601626016,0.3333333333333333,2.0157894736842104,,,0.6383333333333333
1644,764,7,14.6,907441,5095093,6,0.43249999999999994,,,1.825657894736842,0.4625,2.0,,,0.865
1645,764,7,20.9,907441,5095093,4,0.4325,,,1.7788461538461537,0.4625,2.005780346820809,,,0.8675
1646,764,7,29.9,907441,5095093,3,0.4783333333333333,,,2.061111111111111,0.6183333333333333,2.013937282229965,,,0.9633333333333334
1647,764,7,42.7,907441,5095093,4,0.37625,,,1.8810810810810812,0.435,2.0033222591362128,,,0.75375
1648,764,7,61.0,907441,5095093,1,0.57,,,1.9382716049382716,0.785,2.0,,,1.14
1649,764,7,87.4,907441,5095093,4,0.47125,,,2.0,0.555,2.0053050397877983,,,0.945
1650,764,7,125.0,907441,5095093,4,0.5787500000000001,,,2.0216606498194944,0.7,2.0086393088552916,,,1.1625
1651,713,5,5.0,970048,7440745,6,0.43916666666666665,0.3264166666666667,0.5521517857142857,1.9105431309904153,0.49833333333333335,2.001897533206831,2.0,2.004032258064516,0.8791666666666667
1652,713,5,7.1,970048,7440745,3,0.49000000000000005,,,1.8876404494382022,0.56,2.003401360544218,,,0.9816666666666667
1653,713,5,10.2,970048,7440745,2,0.4525,,,1.9145299145299146,0.56,2.0,,,0.905
1654,713,5,14.6,970048,7440745,4,0.51375,,,1.8521400778210118,0.595,2.004866180048662,,,1.03
1655,713,5,20.9,970048,7440745,3,0.395,,,1.8785714285714286,0.43833333333333335,2.0,,,0.79
1656,713,5,29.9,970048,7440745,10,0.5270000000000001,0.45067142857142856,0.615015625,1.986024844720497,0.6395,2.00853889943074,2.004822279096537,2.0114414279503685,1.0585
1657,713,5,42.7,970048,7440745,7,0.495,0.389625,0.6025,1.929951690821256,0.5707142857142857,2.005772005772006,2.0,2.009513742071882,0.9928571428571429
1658,713,5,61.0,970048,7440745,3,0.3583333333333334,,,1.7063492063492063,0.35833333333333334,2.0046511627906978,,,0.7183333333333334
1659,713,5,87.4,970048,7440745,6,0.4466666666666667,,,1.948051948051948,0.5,2.0055970149253732,,,0.8958333333333334
1660,713,5,125.0,970048,7440745,3,0.6033333333333334,,,1.9821428571428572,0.74,2.0,,,1.2066666666666668
1661,126,6,5.0,1041769,851521,6,0.4825000000000001,0.3797250000000001,0.5560464285714286,2.0157068062827226,0.6416666666666667,2.005181347150259,2.0,2.0096720382941973,0.9675
1662,126,6,7.1,1041769,851521,6,0.5341666666666667,,,1.8497536945812807,0.6258333333333334,2.0,,,1.0683333333333334
1663,126,6,10.2,1041769,851521,3,0.5866666666666666,,,2.019047619047619,0.7066666666666667,2.0056818181818183,,,1.1766666666666667
1664,126,6,14.6,1041769,851521,3,0.4916666666666667,,,1.8742857142857143,0.5466666666666666,2.0,,,0.9833333333333333
1666,126,6,29.9,1041769,851521,2,0.4975,,,1.9426229508196722,0.5925,2.0050251256281406,,,0.9975
1667,126,6,42.7,1041769,851521,4,0.47375000000000006,,,1.933920704845815,0.54875,2.0026385224274406,,,0.94875
1668,126,6,61.0,1041769,851521,2,0.5,,,2.102803738317757,0.5625,2.0,,,1.0
1669,126,6,87.4,1041769,851521,3,0.5399999999999999,,,1.78743961352657,0.6166666666666667,2.0,,,1.08
1670,126,6,125.0,1041769,851521,2,0.5625,,,1.9779411764705883,0.6725,2.0,,,1.125
1671,75,4,5.0,667815,6648498,6,0.56,0.425975,0.6525875000000001,1.856164383561644,0.6775,2.0044642857142856,2.0,2.0081812331812334,1.1225
1672,75,4,7.1,667815,6648498,3,0.59,,,1.8,0.6,2.0084745762711864,,,1.185
1673,75,4,10.2,667815,6648498,4,0.52375,,,1.8722627737226278,0.64125,2.007159904534606,,,1.05125
1674,75,4,14.6,667815,6648498,3,0.565,,,2.043956043956044,0.62,2.0,,,1.13
1675,75,4,20.9,667815,6648498,6,0.5291666666666667,0.41,0.62503125,1.9018567639257293,0.5975,2.004724409448819,2.0012596899224806,2.008841198394837,1.0608333333333333
1676,75,4,29.9,667815,6648498,3,0.47,,,1.7628205128205128,0.4583333333333333,2.00354609929078,,,0.9416666666666667
1677,75,4,42.7,667815,6648498,5,0.44699999999999995,,,1.9042145593869733,0.497,2.004474272930649,,,0.896
1678,75,4,61.0,667815,6648498,5,0.491,,,1.820945945945946,0.539,2.0081466395112018,,,0.986
1679,75,4,87.4,667815,6648498,9,0.4972222222222222,0.42552500000000004,0.5720392857142856,1.8639705882352942,0.5633333333333334,2.0033519553072625,2.0,2.0064903846153848,0.9961111111111111
1680,75,4,125.0,667815,6648498,3,0.5583333333333333,,,1.9393939393939394,0.64,2.0,,,1.1166666666666667
1681,548,5,5.0,473239,390126,3,0.40499999999999997,,,1.8050314465408805,0.47833333333333333,2.0041152263374484,,,0.8116666666666666
1682,548,5,7.1,473239,390126,5,0.477,,,1.957516339869281,0.599,2.0020964360587,,,0.955
1683,548,5,10.2,473239,390126,4,0.5912499999999999,,,2.0346020761245676,0.735,2.0084566596194504,,,1.1875
1684,548,5,14.6,473239,390126,5,0.462,,,1.8211678832116789,0.499,2.002164502164502,,,0.925
1685,548,5,20.9,473239,390126,3,0.455,,,1.8902439024390243,0.5166666666666667,2.0036630036630036,,,0.9116666666666666
1686,548,5,29.9,473239,390126,3,0.5,,,1.848314606741573,0.5483333333333333,2.006666666666667,,,1.0033333333333334
1687,548,5,42.7,473239,390126,4,0.51,,,1.911764705882353,0.56875,2.0049019607843137,,,1.0225
1688,548,5,61.0,473239,390126,1,0.345,,,1.6666666666666667,0.35,2.0,,,0.69
1689,548,5,87.4,473239,390126,4,0.52375,,,1.920754716981132,0.63625,2.0023866348448687,,,1.04875
1692,310,3,7.1,1066981,2945118,6,0.4491666666666667,0.36329999999999996,0.5325069444444445,1.8888888888888888,0.49583333333333335,2.0037105751391464,2.0,2.0093041370953784,0.9
1693,310,3,10.2,1066981,2945118,3,0.34833333333333333,,,1.7258064516129032,0.3566666666666667,2.0,,,0.6966666666666667
1694,310,3,14.6,1066981,2945118,3,0.5666666666666668,,,1.7414634146341463,0.595,2.0058823529411764,,,1.1366666666666667
1695,310,3,20.9,1066981,2945118,5,0.515,,,1.8306188925081432,0.562,2.0038834951456312,,,1.032
1696,310,3,29.9,1066981,2945118,6,0.5158333333333334,0.4315833333333333,0.600125,1.8477011494252873,0.5358333333333334,2.001615508885299,2.0,2.0039370078740157,1.0325
1697,310,3,42.7,1066981,2945118,4,0.46249999999999997,,,1.7706422018348624,0.4825,2.0,,,0.925
1698,310,3,61.0,1066981,2945118,2,0.42500000000000004,,,1.9705882352941178,0.5025,2.0058823529411764,,,0.8525
1699,310,3,87.4,1066981,2945118,1,0.665,,,1.7866666666666666,0.67,2.007518796992481,,,1.335
1700,310,3,125.0,1066981,2945118,2,0.33999999999999997,,,1.6455696202531647,0.325,2.0073529411764706,,,0.6825
1701,780,3,5.0,820024,5229994,3,0.42333333333333334,,,1.8208092485549132,0.525,2.0,,,0.8466666666666667
1702,780,3,7.1,820024,5229994,3,0.36000000000000004,,,1.8345864661654134,0.4066666666666667,2.0,,,0.72
1703,780,3,10.2,820024,5229994,3,0.545,,,1.865,0.6216666666666667,2.003058103975535,,,1.0916666666666666
1704,780,3,14.6,820024,5229994,3,0.32666666666666666,,,1.7076923076923076,0.37,2.0,,,0.6533333333333333
1705,780,3,20.9,820024,5229994,6,0.3925,,,1.8006993006993006,0.42916666666666664,2.0042462845010616,,,0.7866666666666666
1706,780,3,29.9,820024,5229994,2,0.6225,,,1.9517241379310344,0.7075,2.004016064257028,,,1.2475
1707,780,3,42.7,820024,5229994,6,0.4933333333333334,0.36305000000000004,0.6266875,1.9137466307277629,0.5916666666666667,2.0050675675675675,2.0,2.020358455882353,0.9891666666666666
1708,780,3,61.0,820024,5229994,2,0.56,,,1.9596774193548387,0.6075,2.0089285714285716,,,1.125
1709,780,3,87.4,820024,5229994,5,0.48500000000000004,,,1.8912280701754387,0.539,2.002061855670103,,,0.971
1710,780,3,125.0,820024,5229994,4,0.49875,,,1.8983050847457628,0.56,2.007518796992481,,,1.00125
1711,254,3,5.0,881963,3516523,6,0.38083333333333336,0.307875,0.44254464285714284,1.7301038062283738,0.4166666666666667,2.0,2.0,2.0,0.7616666666666667
1712,254,3,7.1,881963,3516523,5,0.45499999999999996,0.3947083333333334,0.5225,1.725,0.483,2.002197802197802,2.0,2.005797101449275,0.911
1713,254,3,10.2,881963,3516523,4,0.56,,,1.8857142857142857,0.5775,2.0,,,1.12
1714,254,3,14.6,881963,3516523,4,0.595,,,1.859106529209622,0.67625,2.008403361344538,,,1.195
1715,254,3,20.9,881963,3516523,2,0.5725,,,2.089655172413793,0.7575,2.0,,,1.145
1716,254,3,29.9,881963,3516523,5,0.48,,,1.7789473684210526,0.507,2.0,,,0.96
1717,254,3,42.7,881963,3516523,3,0.395,,,1.8356164383561644,0.44666666666666666,2.0,,,0.79
1718,254,3,61.0,881963,3516523,4,0.42250000000000004,,,1.7567567567567568,0.40625,2.002958579881657,,,0.84625
1719,254,3,87.4,881963,3516523,2,0.5525,,,1.7786259541984732,0.5825,2.0,,,1.105
1720,254,3,125.0,881963,3516523,3,0.3916666666666666,,,1.7969924812030076,0.3983333333333333,2.0,,,0.7833333333333333
1721,54,7,5.0,643603,3716644,3,0.39999999999999997,,,1.793103448275862,0.43333333333333335,2.0,,,0.8
1722,54,7,7.1,643603,3716644,4,0.5425,,,1.8745247148288973,0.61625,2.0046082949308754,,,1.0875
1723,54,7,10.2,643603,3716644,4,0.48000000000000004,,,1.9620253164556962,0.58125,2.0,,,0.96
1724,54,7,14.6,643603,3716644,4,0.515,,,1.8174603174603174,0.5725,2.0,,,1.03
1725,54,7,20.9,643603,3716644,2,0.5125,,,1.9852941176470589,0.675,2.004878048780488,,,1.0275
1726,54,7,29.9,643603,3716644,3,0.5033333333333333,,,1.993006993006993,0.475,2.0,,,1.0066666666666666
1727,54,7,42.7,643603,3716644,6,0.5391666666666667,0.39829999999999993,0.653375,1.9923469387755102,0.6508333333333334,2.001545595054096,2.0,2.005025,1.0791666666666666
1728,54,7,61.0,643603,3716644,4,0.41125,,,1.981042654028436,0.5225,2.0,,,0.8225
1729,54,7,87.4,643603,3716644,5,0.568,,,1.950310559006211,0.628,2.0,,,1.136
1730,54,7,125.0,643603,3716644,1,0.49,,,1.84375,0.59,2.0,,,0.98
1731,69,3,5.0,78209,5252486,7,0.5349999999999999,0.46075000000000005,0.6376874999999999,1.780040733197556,0.6242857142857143,2.0146862483311083,2.003457880434783,2.030034384265067,1.0778571428571428
1732,69,3,7.1,78209,5252486,5,0.568,,,1.851063829787234,0.696,2.0017605633802815,,,1.137
1733,69,3,10.2,78209,5252486,6,0.5083333333333334,0.374875,0.621925,1.8602941176470589,0.6325,2.0081967213114753,2.0,2.015160131258135,1.0208333333333333
1734,69,3,14.6,78209,5252486,4,0.5999999999999999,,,1.9358108108108107,0.71625,2.002083333333333,,,1.20125
1735,69,3,20.9,78209,5252486,3,0.45166666666666666,,,1.8421052631578947,0.525,2.007380073800738,,,0.9066666666666666
1736,69,3,29.9,78209,5252486,5,0.45199999999999996,,,1.7766323024054982,0.517,2.006637168141593,,,0.907
1737,69,3,42.7,78209,5252486,3,0.61,,,1.75,0.665,2.0027322404371586,,,1.2216666666666667
1738,69,3,61.0,78209,5252486,6,0.525,0.4183333333333333,0.604,1.8205804749340369,0.575,2.003174603174603,2.0,2.0073264437689966,1.0516666666666667
1739,69,3,87.4,78209,5252486,4,0.37,,,1.6666666666666667,0.39375,2.0,,,0.74
1740,69,3,125.0,78209,5252486,3,0.515,,,1.7428571428571429,0.5083333333333333,2.0,,,1.03
1741,800,5,5.0,1126653,2224583,4,0.52875,,,1.9809885931558935,0.65125,2.0047281323877066,,,1.06
1742,800,5,7.1,1126653,2224583,7,0.5042857142857143,0.360925,0.6210374999999999,1.917808219178082,0.6,2.0,2.0,2.0,1.0085714285714287
1743,800,5,10.2,1126653,2224583,2,0.505,,,1.7966101694915255,0.53,2.004950495049505,,,1.0125
1744,800,5,14.6,1126653,2224583,5,0.572,,,1.951951951951952,0.65,2.0034965034965033,,,1.146
1745,800,5,20.9,1126653,2224583,5,0.437,,,1.8823529411764706,0.48,2.004576659038902,,,0.876
1746,800,5,29.9,1126653,2224583,5,0.4760000000000001,0.3471875,0.5771875000000002,1.944636678200692,0.562,2.0063025210084033,2.0,2.0186915887850465,0.955
1747,800,5,42.7,1126653,2224583,5,0.46699999999999997,,,1.9187279151943464,0.543,2.0042826552462527,,,0.936
1748,800,5,61.0,1126653,2224583,6,0.4591666666666667,,,1.9228486646884273,0.54,2.0072595281306715,,,0.9216666666666666
1749,800,5,87.4,1126653,2224583,5,0.528,,,1.9223602484472049,0.619,2.0113636363636362,,,1.062
1750,800,5,125.0,1126653,2224583,6,0.5191666666666667,0.3963750000000001,0.6112604166666668,1.8795811518324608,0.5983333333333334,2.0,2.0,2.0,1.0383333333333333
1751,970,6,5.0,495295,4276973,2,0.385,,,1.8541666666666667,0.445,2.0,,,0.77
1752,970,6,7.1,495295,4276973,7,0.40499999999999997,0.30393125,0.5151666666666667,1.9211267605633804,0.48714285714285716,2.0,2.0,2.0,0.81
1753,970,6,10.2,495295,4276973,1,0.49,,,1.9523809523809523,0.615,2.0,,,0.98
1754,970,6,14.6,495295,4276973,4,0.475,,,1.9147982062780269,0.53375,2.0052631578947366,,,0.9525
1755,970,6,20.9,495295,4276973,3,0.4766666666666666,,,1.9623655913978495,0.6083333333333333,2.0,,,0.9533333333333334
1756,970,6,29.9,495295,4276973,1,0.46,,,1.7272727272727273,0.475,2.0,,,0.92
1757,970,6,42.7,495295,4276973,5,0.547,0.47165624999999994,0.6330500000000001,1.9416666666666667,0.699,2.0,2.0,2.0,1.094
1758,970,6,61.0,495295,4276973,4,0.54125,,,1.9210526315789473,0.63875,2.0,,,1.0825
1759,970,6,87.4,495295,4276973,2,0.4225,,,1.8191489361702127,0.4275,2.0,,,0.845
1760,970,6,125.0,495295,4276973,3,0.5750000000000001,,,2.05045871559633,0.745,2.0057971014492755,,,1.1533333333333333
1761,231,5,5.0,1004855,6681273,5,0.413,0.32060416666666663,0.4791875000000001,1.7976653696498055,0.462,2.002421307506053,2.0,2.0078676470588235,0.827
1762,231,5,7.1,1004855,6681273,4,0.4725,,,1.9400921658986174,0.52625,2.0,,,0.945
1763,231,5,10.2,1004855,6681273,1,0.675,,,1.8089887640449438,0.805,2.0148148148148146,,,1.36
1764,231,5,14.6,1004855,6681273,6,0.5566666666666666,,,1.8815165876777251,0.6616666666666666,2.004491017964072,,,1.1158333333333332
1765,231,5,20.9,1004855,6681273,7,0.47928571428571437,0.3837098214285714,0.5920194444444444,1.8493506493506493,0.5085714285714286,2.0,2.0,2.0,0.9585714285714285
1766,231,5,29.9,1004855,6681273,3,0.35833333333333334,,,1.8582089552238805,0.415,2.0,,,0.7166666666666667
1767,231,5,42.7,1004855,6681273,7,0.4692857142857143,0.37740624999999994,0.5700000000000001,1.935483870967742,0.5571428571428572,2.0015220700152208,2.0,2.0072463768115942,0.9392857142857143
1768,231,5,61.0,1004855,6681273,4,0.5325,,,1.9497907949790796,0.5825,2.004694835680751,,,1.0675
1769,231,5,87.4,1004855,6681273,2,0.6675,,,2.0306748466257667,0.8275,2.0037453183520597,,,1.3375
1770,231,5,125.0,1004855,6681273,3,0.4916666666666667,,,1.8802395209580838,0.5233333333333333,2.0033898305084747,,,0.985
1771,147,5,5.0,253111,2951164,7,0.5242857142857142,,,1.8776824034334765,0.625,2.010899182561308,,,1.0542857142857143
1772,147,5,7.1,253111,2951164,4,0.42625,,,1.7102803738317758,0.4575,2.002932551319648,,,0.85375
1773,147,5,10.2,253111,2951164,2,0.34750000000000003,,,1.8333333333333333,0.3575,2.0,,,0.695
1774,147,5,14.6,253111,2951164,7,0.5214285714285715,,,1.8816964285714286,0.6021428571428571,2.0054794520547947,,,1.0457142857142858
1775,147,5,20.9,253111,2951164,4,0.48250000000000004,,,1.9090909090909092,0.55125,2.0,,,0.965
1776,147,5,29.9,253111,2951164,7,0.4621428571428572,0.3899,0.53005,1.8673740053050398,0.5028571428571429,2.003091190108192,2.0,2.0081802525832377,0.9257142857142857
1777,147,5,42.7,253111,2951164,7,0.4871428571428572,0.39880625000000003,0.592225,1.8442822384428224,0.5414285714285715,2.002932551319648,2.0,2.010204081632653,0.9757142857142858
1778,147,5,61.0,253111,2951164,4,0.50875,,,1.8924302788844622,0.59375,2.004914004914005,,,1.02
1779,147,5,87.4,253111,2951164,3,0.37666666666666665,,,2.007042253521127,0.475,2.0,,,0.7533333333333333
1780,147,5,125.0,253111,2951164,8,0.465625,0.3664,0.551890625,1.9376443418013858,0.524375,2.002684563758389,2.0,2.0045806981646828,0.9325
1781,508,7,5.0,977045,406031,4,0.43375,,,1.9183673469387754,0.47,2.0028818443804033,,,0.86875
1782,508,7,7.1,977045,406031,3,0.47333333333333333,,,1.8554913294797688,0.535,2.0035211267605635,,,0.9483333333333334
1783,508,7,10.2,977045,406031,5,0.48600000000000004,0.38487499999999997,0.565,1.874074074074074,0.506,2.0020576131687244,2.0,2.005747126436782,0.973
1784,508,7,14.6,977045,406031,7,0.47500000000000003,0.38665625,0.5520499999999999,1.9527363184079602,0.5607142857142857,2.0030075187969927,2.0,2.0079839786381846,0.9514285714285714
1785,508,7,20.9,977045,406031,4,0.43375,0.35000000000000003,0.535,1.9197860962566844,0.44875,2.0,2.0,2.0,0.8675
1786,508,7,29.9,977045,406031,4,0.4975,,,1.8362068965517242,0.5325,2.0050251256281406,,,0.9975
1787,508,7,42.7,977045,406031,4,0.4975,,,1.8709677419354838,0.58,2.0050251256281406,,,0.9975
1788,508,7,61.0,977045,406031,7,0.6078571428571429,0.5379875000000001,0.68359375,1.8958742632612966,0.6892857142857143,2.00235017626322,2.0,2.006734234234234,1.217142857142857
1789,508,7,87.4,977045,406031,5,0.5309999999999999,,,1.8398692810457515,0.563,2.0037664783427496,,,1.064
1790,508,7,125.0,977045,406031,6,0.42250000000000004,,,1.8571428571428572,0.49833333333333335,2.0,,,0.845
1791,46,2,5.0,862152,5853360,3,0.7083333333333334,,,1.7755102040816326,0.725,2.021176470588235,,,1.4316666666666666
1792,46,2,7.1,862152,5853360,4,0.7150000000000001,,,1.6764705882352942,0.7125,2.006993006993007,,,1.435
1793,46,2,10.2,862152,5853360,5,0.615,,,1.6342857142857143,0.572,2.0065040650406503,,,1.234
1794,46,2,14.6,862152,5853360,6,0.6758333333333333,,,1.75,0.665,2.004932182490752,,,1.355
1795,46,2,20.9,862152,5853360,5,0.579,,,1.636923076923077,0.532,2.005181347150259,,,1.161
1796,46,2,29.9,862152,5853360,2,0.6025,,,1.7279411764705883,0.5875,2.004149377593361,,,1.2075
1797,46,2,42.7,862152,5853360,6,0.6666666666666666,,,1.6077097505668934,0.5908333333333333,2.00125,,,1.3341666666666667
1798,46,2,61.0,862152,5853360,2,0.5875,,,1.664,0.52,2.0,,,1.175
1799,46,2,87.4,862152,5853360,2,0.63,,,1.661764705882353,0.565,2.003968253968254,,,1.2625
1800,46,2,125.0,862152,5853360,4,0.5925,,,1.5639097744360901,0.52,2.0,,,1.185
1801,535,5,5.0,577090,6729326,7,0.5121428571428571,0.36606875,0.6554375000000001,1.8955223880597014,0.635,2.00139470013947,2.0,2.0057471264367814,1.025
1802,535,5,7.1,577090,6729326,3,0.48,,,1.8,0.555,2.0,,,0.96
1803,535,5,10.2,577090,6729326,5,0.47800000000000004,0.37990000000000007,0.5499999999999999,1.8888888888888888,0.561,2.002092050209205,2.0,2.0058662280701753,0.957
1804,535,5,14.6,577090,6729326,4,0.47375,,,1.9543378995433789,0.535,2.005277044854881,,,0.95
1805,535,5,20.9,577090,6729326,6,0.41583333333333333,,,1.8518518518518519,0.5,2.006012024048096,,,0.8341666666666666
1806,535,5,29.9,577090,6729326,4,0.48625000000000007,,,1.8815165876777251,0.49625,2.005141388174807,,,0.975
1807,535,5,42.7,577090,6729326,5,0.54,0.38631250000000006,0.6276458333333335,1.9223300970873787,0.594,2.001851851851852,2.0,2.0050560224089637,1.081
1808,535,5,61.0,577090,6729326,5,0.47700000000000004,,,1.8613138686131387,0.51,2.0020964360587,,,0.955
1809,535,5,87.4,577090,6729326,3,0.45166666666666666,,,1.8620689655172413,0.54,2.007380073800738,,,0.9066666666666666
1810,535,5,125.0,577090,6729326,7,0.48071428571428576,,,1.904040404040404,0.5385714285714286,2.0059435364041605,,,0.9642857142857143
1811,736,4,5.0,514199,4710516,4,0.575,,,1.9726027397260273,0.72,2.002173913043478,,,1.15125
1812,736,4,7.1,514199,4710516,3,0.4666666666666666,,,1.8203592814371257,0.5066666666666667,2.0035714285714286,,,0.935
1813,736,4,10.2,514199,4710516,3,0.5833333333333334,,,1.9902439024390244,0.68,2.0028571428571427,,,1.1683333333333332
1814,736,4,14.6,514199,4710516,1,0.42,,,1.9814814814814814,0.535,2.0,,,0.84
1815,736,4,20.9,514199,4710516,4,0.48750000000000004,,,2.0265486725663715,0.5725,2.0025641025641026,,,0.97625
1816,736,4,29.9,514199,4710516,5,0.48599999999999993,,,1.8657718120805369,0.556,2.006172839506173,,,0.975
1817,736,4,42.7,514199,4710516,8,0.51,0.4165625,0.5914464285714287,1.9,0.59375,2.0,2.0,2.0,1.02
1818,736,4,61.0,514199,4710516,5,0.47000000000000003,,,1.901360544217687,0.559,2.002127659574468,,,0.941
1819,736,4,87.4,514199,4710516,4,0.46375,,,1.8952380952380952,0.4975,2.0,,,0.9275
1820,736,4,125.0,514199,4710516,4,0.3775,,,1.8430232558139534,0.39625,2.0,,,0.755
1821,374,7,5.0,1155673,6010507,6,0.5033333333333333,0.3924875,0.5950416666666666,1.9529085872576177,0.5875,2.0033112582781456,2.0,2.005849392181241,1.0083333333333333
1822,374,7,7.1,1155673,6010507,5,0.45400000000000007,,,1.851063829787234,0.522,2.0,,,0.908
1823,374,7,10.2,1155673,6010507,3,0.385,,,1.8702290076335877,0.4083333333333333,2.0,,,0.77
1824,374,7,14.6,1155673,6010507,4,0.415,,,1.72,0.43,2.0,,,0.83
1825,374,7,20.9,1155673,6010507,4,0.455,,,1.9248826291079812,0.5125,2.0027472527472527,,,0.91125
1826,374,7,29.9,1155673,6010507,5,0.42000000000000004,,,1.8627450980392157,0.475,2.0,,,0.84
1827,374,7,42.7,1155673,6010507,3,0.5483333333333333,,,1.8541666666666667,0.5933333333333334,2.0,,,1.0966666666666667
1828,374,7,61.0,1155673,6010507,9,0.52,0.449925,0.5879357142857142,1.8850987432675046,0.5833333333333334,2.001068376068376,2.0,2.0062611607142857,1.0405555555555555
1829,374,7,87.4,1155673,6010507,4,0.41625,,,1.934065934065934,0.44,2.0,,,0.8325
1830,374,7,125.0,1155673,6010507,3,0.48833333333333334,,,1.9047619047619047,0.6,2.0,,,0.9766666666666667
1831,364,4,5.0,200318,2192063,4,0.5262499999999999,,,2.0225563909774436,0.6725,2.014251781472684,,,1.06
1832,364,4,7.1,200318,2192063,7,0.4992857142857144,0.40646875000000005,0.5950833333333332,1.8548387096774193,0.575,2.0,2.0,2.0,0.9985714285714286
1833,364,4,10.2,200318,2192063,3,0.34166666666666673,,,1.779527559055118,0.37666666666666665,2.0,,,0.6833333333333333
1834,364,4,14.6,200318,2192063,4,0.605,,,1.9896193771626298,0.71875,2.006198347107438,,,1.21375
1835,364,4,20.9,200318,2192063,4,0.53125,,,1.890566037735849,0.62625,2.0023529411764707,,,1.06375
1836,364,4,29.9,200318,2192063,4,0.51625,,,2.0125,0.60375,2.0,,,1.0325
1837,364,4,42.7,200318,2192063,2,0.595,,,1.8591549295774648,0.66,2.0,,,1.19
1838,364,4,61.0,200318,2192063,2,0.47750000000000004,,,1.8780487804878048,0.5775,2.0,,,0.955
1839,364,4,87.4,200318,2192063,4,0.48125,,,1.9723320158102766,0.62375,2.0025974025974027,,,0.96375
1840,364,4,125.0,200318,2192063,5,0.5349999999999999,,,1.867867867867868,0.622,2.0,,,1.07
1841,571,6,5.0,1058443,3020113,3,0.5833333333333334,,,1.9864253393665159,0.7316666666666667,2.0,,,1.1666666666666667
1842,571,6,7.1,1058443,3020113,4,0.5774999999999999,,,1.9621212121212122,0.6475,2.002164502164502,,,1.15625
1843,571,6,10.2,1058443,3020113,6,0.4208333333333332,0.3683125,0.47890625000000003,1.8226299694189603,0.49666666666666665,2.001980198019802,2.0,2.005050505050505,0.8425
1844,571,6,14.6,1058443,3020113,5,0.5850000000000001,0.52,0.68,1.9761904761904763,0.747,2.005128205128205,2.0,2.013643955662567,1.173
1845,571,6,20.9,1058443,3020113,3,0.6133333333333333,,,1.9506726457399104,0.725,2.0027173913043477,,,1.2283333333333333
1847,571,6,42.7,1058443,3020113,4,0.5774999999999999,,,1.98371335504886,0.76125,2.002164502164502,,,1.15625
1848,571,6,61.0,1058443,3020113,3,0.5366666666666666,,,1.915,0.6383333333333333,2.0,,,1.0733333333333333
1849,571,6,87.4,1058443,3020113,5,0.483,,,2.0033333333333334,0.601,2.008281573498965,,,0.97
1850,571,6,125.0,1058443,3020113,2,0.555,,,2.078740157480315,0.66,2.0135135135135136,,,1.1175
1851,411,7,5.0,179544,6266571,7,0.4635714285714286,0.35828125,0.576775,1.812206572769953,0.5514285714285714,2.0015408320493067,2.0,2.003731343283582,0.9278571428571428
1853,411,7,10.2,179544,6266571,7,0.4828571428571428,0.38695,0.6025446428571429,1.836144578313253,0.5442857142857143,2.002958579881657,2.0,2.0096506527139155,0.9671428571428572
1854,411,7,14.6,179544,6266571,4,0.4,,,1.879396984924623,0.4675,2.003125,,,0.80125
1855,411,7,20.9,179544,6266571,3,0.36000000000000004,,,1.88,0.47,2.0,,,0.72
1856,411,7,29.9,179544,6266571,3,0.36000000000000004,,,1.9761904761904763,0.415,2.0046296296296298,,,0.7216666666666667
1857,411,7,42.7,179544,6266571,5,0.635,,,1.899728997289973,0.701,2.0031496062992127,,,1.272
1858,411,7,61.0,179544,6266571,1,0.685,,,1.620253164556962,0.64,2.0,,,1.37
1859,411,7,87.4,179544,6266571,3,0.47,,,2.0714285714285716,0.58,2.0,,,0.94
1860,411,7,125.0,179544,6266571,5,0.4659999999999999,,,1.908745247148289,0.502,2.0021459227467813,,,0.933
1861,94,5,5.0,324157,1923230,4,0.5850000000000001,,,1.7067137809187278,0.60375,2.002136752136752,,,1.17125
1862,94,5,7.1,324157,1923230,4,0.43500000000000005,,,1.9241706161137442,0.5075,2.0,,,0.87
1863,94,5,10.2,324157,1923230,4,0.53375,,,1.8452380952380953,0.58125,2.0,,,1.0675
1864,94,5,14.6,324157,1923230,4,0.45499999999999996,,,1.8935185185185186,0.51125,2.0,,,0.91
1865,94,5,20.9,324157,1923230,4,0.5125000000000001,,,1.934959349593496,0.595,2.002439024390244,,,1.02625
1866,94,5,29.9,324157,1923230,4,0.45125,,,1.8967136150234742,0.505,2.0027700831024933,,,0.90375
1867,94,5,42.7,324157,1923230,4,0.50375,,,1.8775510204081634,0.575,2.0,,,1.0075
1868,94,5,61.0,324157,1923230,4,0.5325,,,1.9105058365758756,0.61375,2.0023474178403755,,,1.06625
1869,94,5,87.4,324157,1923230,4,0.41000000000000003,,,1.7681159420289856,0.4575,2.0,,,0.82
1870,94,5,125.0,324157,1923230,4,0.5875,,,1.8079710144927537,0.62375,2.0,,,1.175
1871,174,3,5.0,434845,4955019,2,0.5875,,,1.7062937062937062,0.61,2.0,,,1.175
1872,174,3,7.1,434845,4955019,3,0.51,,,1.8181818181818181,0.6,2.0065359477124183,,,1.0233333333333334
1873,174,3,10.2,434845,4955019,3,0.59,,,1.7571428571428571,0.615,2.0,,,1.18
1874,174,3,14.6,434845,4955019,2,0.465,,,1.7706422018348624,0.4825,2.0,,,0.93
1875,174,3,20.9,434845,4955019,7,0.4628571428571429,0.375975,0.55175,1.779840848806366,0.47928571428571426,2.003086419753086,2.0,2.0058479532163744,0.9271428571428572
1876,174,3,29.9,434845,4955019,2,0.55,,,1.7142857142857142,0.57,2.0,,,1.1
1877,174,3,42.7,434845,4955019,3,0.545,,,1.8592964824120604,0.6166666666666667,2.0,,,1.09
1878,174,3,61.0,434845,4955019,2,0.5874999999999999,,,1.7037037037037037,0.575,2.008510638297872,,,1.18
1879,174,3,87.4,434845,4955019,3,0.6116666666666667,,,1.835680751173709,0.6516666666666666,2.002724795640327,,,1.225
1880,174,3,125.0,434845,4955019,3,0.525,,,1.8636363636363635,0.615,2.0063492063492063,,,1.0533333333333332
1881,517,2,5.0,532901,1432144,4,0.51125,,,1.6641221374045803,0.545,2.0488997555012225,,,1.0475
1882,517,2,7.1,532901,1432144,7,0.6414285714285715,0.5409749999999999,0.7350416666666667,1.666044776119403,0.6378571428571429,2.0423162583518932,2.027937144910446,2.0590292938921975,1.31
1883,517,2,10.2,532901,1432144,5,0.583,,,1.623931623931624,0.57,2.0171526586620927,,,1.176
1884,517,2,14.6,532901,1432144,4,0.61,,,1.5789473684210527,0.5625,2.0081967213114753,,,1.225
1885,517,2,20.9,532901,1432144,3,0.49000000000000005,,,1.5888888888888888,0.4766666666666667,2.0,,,0.98
1886,517,2,29.9,532901,1432144,6,0.5325,0.43406249999999996,0.6485000000000001,1.5474254742547426,0.47583333333333333,2.007824726134585,2.0,2.0166781280857666,1.0691666666666666
1887,517,2,42.7,532901,1432144,6,0.6416666666666667,0.5085133928571428,0.7425208333333333,1.616591928251121,0.6008333333333333,2.0064935064935066,2.0013772951186746,2.0099903618886046,1.2875
1888,517,2,61.0,532901,1432144,5,0.596,,,1.7236024844720497,0.555,2.001677852348993,,,1.193
1889,517,2,87.4,532901,1432144,4,0.595,,,1.6783216783216783,0.6,2.0063025210084033,,,1.19375
1890,517,2,125.0,532901,1432144,4,0.64125,,,1.6156462585034013,0.59375,2.0019493177387915,,,1.28375
1891,996,8,5.0,366934,5387618,3,0.4883333333333333,,,1.8315217391304348,0.5616666666666666,2.0034129692832763,,,0.9783333333333334
1892,996,8,7.1,366934,5387618,3,0.315,,,1.7757009345794392,0.31666666666666665,2.0,,,0.63
1893,996,8,10.2,366934,5387618,3,0.42,,,1.9038461538461537,0.495,2.0,,,0.84
1894,996,8,14.6,366934,5387618,2,0.5525,,,1.8958333333333333,0.6825,2.0,,,1.105
1895,996,8,20.9,366934,5387618,6,0.5750000000000001,0.46786249999999996,0.6689999999999999,1.91324200913242,0.6983333333333334,2.0057971014492755,2.0020302853397056,2.008784981122273,1.1533333333333333
1896,996,8,29.9,366934,5387618,4,0.53,,,1.9157088122605364,0.625,2.0047169811320753,,,1.0625
1897,996,8,42.7,366934,5387618,5,0.41100000000000003,0.28833333333333333,0.48764583333333333,1.9070631970260223,0.513,2.0,2.0,2.0,0.822
1898,996,8,61.0,366934,5387618,2,0.5249999999999999,,,2.0709219858156027,0.73,2.0047619047619047,,,1.0525
1899,996,8,87.4,366934,5387618,5,0.475,,,1.8857142857142857,0.528,2.0,,,0.95
1900,996,8,125.0,366934,5387618,4,0.49,,,1.9831932773109244,0.59,2.0051020408163267,,,0.9825
1901,187,2,5.0,843589,1052878,3,0.6916666666666668,,,1.6708860759493671,0.66,2.0072289156626506,,,1.3883333333333334
1902,187,2,7.1,843589,1052878,6,0.6725,,,1.6554621848739495,0.6566666666666666,2.007434944237918,,,1.35
1903,187,2,10.2,843589,1052878,3,0.5883333333333334,,,1.65,0.55,2.008498583569405,,,1.1816666666666666
1904,187,2,14.6,843589,1052878,7,0.61,,,1.625506072874494,0.5735714285714286,2.002341920374707,,,1.2214285714285715
1905,187,2,20.9,843589,1052878,3,0.6433333333333334,,,1.7260869565217392,0.6616666666666666,2.0,,,1.2866666666666666
1906,187,2,29.9,843589,1052878,4,0.62625,,,1.578397212543554,0.56625,2.0,,,1.2525
1907,187,2,42.7,843589,1052878,3,0.6000000000000001,,,1.6185567010309279,0.5233333333333333,2.0,,,1.2
1908,187,2,61.0,843589,1052878,2,0.55,,,1.5038167938931297,0.4925,2.0045454545454544,,,1.1025
1909,187,2,87.4,843589,1052878,4,0.5700000000000001,,,1.6150793650793651,0.50875,2.0021929824561404,,,1.14125
1910,187,2,125.0,843589,1052878,6,0.645,0.5999583333333333,0.6888229166666666,1.6785714285714286,0.6266666666666667,2.001291989664083,2.0,2.003448275862069,1.2908333333333333
1911,732,3,5.0,173782,4804568,5,0.47400000000000003,0.37166666666666665,0.5685000000000001,1.7407407407407407,0.564,2.0063291139240507,2.0,2.0116350367750404,0.951
1912,732,3,7.1,173782,4804568,5,0.38499999999999995,,,1.7882352941176471,0.456,2.0077922077922077,,,0.773
1913,732,3,10.2,173782,4804568,3,0.435,,,1.7619047619047619,0.49333333333333335,2.007662835249042,,,0.8733333333333333
1914,732,3,14.6,173782,4804568,5,0.5379999999999999,,,1.718100890207715,0.579,2.0,,,1.076
1915,732,3,20.9,173782,4804568,4,0.37375,,,1.7808988764044944,0.39625,2.0,,,0.7475
1916,732,3,29.9,173782,4804568,5,0.5479999999999999,,,1.8826979472140764,0.642,2.0,,,1.096
1917,732,3,42.7,173782,4804568,2,0.5175,,,1.8064516129032258,0.56,2.0096618357487923,,,1.04
1918,732,3,61.0,173782,4804568,5,0.45099999999999996,,,1.8021978021978022,0.492,2.002217294900222,,,0.903
1919,732,3,87.4,173782,4804568,5,0.38299999999999995,,,1.8166666666666667,0.436,2.0052219321148823,,,0.768
1920,732,3,125.0,173782,4804568,5,0.393,,,1.7878787878787878,0.413,2.0025445292620865,,,0.787
1921,191,6,5.0,698641,5345873,4,0.555,,,1.8830188679245283,0.62375,2.0022522522522523,,,1.11125
1922,191,6,7.1,698641,5345873,4,0.5475,,,1.8352059925093633,0.6125,2.0,,,1.095
1923,191,6,10.2,698641,5345873,5,0.522,,,1.9287833827893175,0.65,2.0019157088122603,,,1.045
1924,191,6,14.6,698641,5345873,5,0.517,,,1.8666666666666667,0.56,2.0,,,1.034
1925,191,6,20.9,698641,5345873,2,0.5349999999999999,,,1.8955223880597014,0.635,2.0093457943925235,,,1.075
1926,191,6,29.9,698641,5345873,5,0.5710000000000001,,,1.8941176470588235,0.644,2.001751313485114,,,1.143
1927,191,6,42.7,698641,5345873,5,0.46699999999999997,0.3722625,0.5621166666666666,1.9927536231884058,0.55,2.0021413276231264,2.0,2.004918032786885,0.935
1928,191,6,61.0,698641,5345873,4,0.41875,,,1.820754716981132,0.4825,2.0,,,0.8375
1929,191,6,87.4,698641,5345873,3,0.5416666666666666,,,1.8866995073891626,0.6383333333333333,2.006153846153846,,,1.0866666666666667
1930,191,6,125.0,698641,5345873,3,0.43,,,2.0125,0.5366666666666666,2.0,,,0.86
1931,178,4,5.0,488054,4844989,3,0.45999999999999996,,,1.847953216374269,0.5266666666666666,2.0,,,0.92
1932,178,4,7.1,488054,4844989,2,0.4225,,,1.92,0.48,2.0,,,0.845
1933,178,4,10.2,488054,4844989,4,0.4175,,,1.8113207547169812,0.48,2.0059880239520957,,,0.8375
1934,178,4,14.6,488054,4844989,4,0.42749999999999994,,,1.8592964824120604,0.4625,2.0,,,0.855
1935,178,4,20.9,488054,4844989,7,0.43714285714285717,0.35125,0.5567544642857144,1.8983957219251337,0.5071428571428571,2.003267973856209,2.0,2.0076923076923077,0.8757142857142857
1936,178,4,29.9,488054,4844989,5,0.5050000000000001,,,1.8779661016949152,0.554,2.003960396039604,,,1.012
1937,178,4,42.7,488054,4844989,2,0.39249999999999996,,,1.8488372093023255,0.3975,2.0,,,0.785
1938,178,4,61.0,488054,4844989,3,0.49,,,1.8571428571428572,0.5416666666666666,2.003401360544218,,,0.9816666666666667
1939,178,4,87.4,488054,4844989,5,0.521,,,1.8433734939759037,0.612,2.001919385796545,,,1.043
1940,178,4,125.0,488054,4844989,5,0.5589999999999999,0.399,0.6439895833333333,1.962962962962963,0.636,2.0035778175313057,2.0,2.0085293263646924,1.12
1941,491,6,5.0,927779,6224225,3,0.4666666666666666,,,1.9345238095238095,0.5416666666666666,2.0,,,0.9333333333333333
1942,491,6,7.1,927779,6224225,3,0.465,,,2.0279329608938546,0.605,2.007168458781362,,,0.9333333333333333
1943,491,6,10.2,927779,6224225,6,0.43749999999999994,0.32968749999999997,0.57,1.9186746987951808,0.5308333333333334,2.0,2.0,2.0,0.875
1944,491,6,14.6,927779,6224225,2,0.425,,,1.969387755102041,0.4825,2.011764705882353,,,0.855
1945,491,6,20.9,927779,6224225,2,0.63,,,1.86875,0.7475,2.0,,,1.26
1946,491,6,29.9,927779,6224225,4,0.46375,0.30166071428571434,0.6055000000000001,1.9866071428571428,0.55625,2.01078167115903,2.0,2.0207709677419357,0.9325
1947,491,6,42.7,927779,6224225,3,0.4833333333333334,,,1.8953488372093024,0.5433333333333333,2.0,,,0.9666666666666667
1948,491,6,61.0,927779,6224225,3,0.435,,,1.8719512195121952,0.5116666666666667,2.003831417624521,,,0.8716666666666667
1949,491,6,87.4,927779,6224225,3,0.5283333333333333,,,2.027173913043478,0.6216666666666667,2.0094637223974763,,,1.0616666666666668
1950,491,6,125.0,927779,6224225,3,0.4833333333333334,,,2.066265060240964,0.5716666666666667,2.003448275862069,,,0.9683333333333334
1951,580,6,5.0,167827,3249308,4,0.39125,,,1.825242718446602,0.47,2.0063897763578273,,,0.785
1952,580,6,7.1,167827,3249308,4,0.31875,,,1.7619047619047619,0.37,2.0,,,0.6375
1953,580,6,10.2,167827,3249308,4,0.36624999999999996,,,1.7934782608695652,0.4125,2.0034129692832763,,,0.73375
1954,580,6,14.6,167827,3249308,2,0.3825,,,1.8210526315789475,0.4325,2.0,,,0.765
1955,580,6,20.9,167827,3249308,3,0.33,,,1.7967479674796747,0.36833333333333335,2.005050505050505,,,0.6616666666666666
1956,580,6,29.9,167827,3249308,8,0.35,0.2822875,0.43170000000000003,1.8855585831062671,0.4325,2.0089285714285716,2.0,2.019667306713379,0.703125
1957,580,6,42.7,167827,3249308,4,0.49874999999999997,,,1.9439655172413792,0.56375,2.0,,,0.9975
1958,580,6,61.0,167827,3249308,3,0.555,,,1.9484536082474226,0.63,2.006006006006006,,,1.1133333333333333
1959,580,6,87.4,167827,3249308,2,0.48,,,1.8859649122807018,0.5375,2.0052083333333335,,,0.9625
1960,580,6,125.0,167827,3249308,3,0.5916666666666667,,,1.933649289099526,0.68,2.0,,,1.1833333333333333
1961,88,4,5.0,465040,1419318,4,0.54375,,,1.8856088560885609,0.63875,2.0,,,1.0875
1962,88,4,7.1,465040,1419318,6,0.5758333333333333,0.47096875,0.6764345238095237,1.8645598194130926,0.6883333333333334,2.007235890014472,2.002386957621403,2.0114864109723567,1.1558333333333333
1963,88,4,10.2,465040,1419318,6,0.5808333333333333,0.4838166666666667,0.6551750000000001,1.8709677419354838,0.6283333333333333,2.005738880918221,2.0,2.0110471491228066,1.165
1964,88,4,14.6,465040,1419318,6,0.43416666666666665,0.329875,0.5850416666666667,1.840531561461794,0.46166666666666667,2.001919385796545,2.0,2.004178240740741,0.8691666666666666
1965,88,4,20.9,465040,1419318,3,0.5599999999999999,,,2.0,0.6266666666666667,2.0089285714285716,,,1.125
1966,88,4,29.9,465040,1419318,2,0.53,,,1.9655172413793103,0.7125,2.0,,,1.06
1967,88,4,42.7,465040,1419318,4,0.45625000000000004,,,1.8026315789473684,0.51375,2.0082191780821916,,,0.91625
1968,88,4,61.0,465040,1419318,4,0.43500000000000005,,,1.8823529411764706,0.44,2.0057471264367814,,,0.8725
1969,88,4,87.4,465040,1419318,5,0.538,,,1.765625,0.565,2.0018587360594795,,,1.077
1971,482,5,5.0,336668,3768166,5,0.34299999999999997,,,1.8153153153153154,0.403,2.002915451895044,,,0.687
1972,482,5,7.1,336668,3768166,4,0.5325,,,1.9123505976095618,0.6,2.0023474178403755,,,1.06625
1973,482,5,10.2,336668,3768166,3,0.5366666666666667,,,1.7952380952380953,0.6283333333333333,2.0062111801242235,,,1.0766666666666667
1974,482,5,14.6,336668,3768166,3,0.4166666666666667,,,1.910344827586207,0.46166666666666667,2.0,,,0.8333333333333334
1975,482,5,20.9,336668,3768166,3,0.5216666666666667,,,1.861904761904762,0.6516666666666666,2.0,,,1.0433333333333332
1976,482,5,29.9,336668,3768166,5,0.40499999999999997,,,1.8203125,0.466,2.0,,,0.81
1977,482,5,42.7,336668,3768166,5,0.5690000000000001,0.4569791666666667,0.6651666666666668,1.9497041420118344,0.659,2.008787346221441,2.0,2.016917293233083,1.143
1978,482,5,61.0,336668,3768166,7,0.4657142857142857,0.37614062499999995,0.56,1.927860696517413,0.5535714285714286,2.0015337423312882,2.0,2.003846153846154,0.9321428571428572
1979,482,5,87.4,336668,3768166,5,0.505,,,1.9364548494983278,0.579,2.003960396039604,,,1.012
1980,482,5,125.0,336668,3768166,6,0.5283333333333333,,,1.938337801608579,0.6025,2.006309148264984,,,1.06
1981,682,2,5.0,148856,5776151,3,0.3383333333333334,,,22.35308056872038,15.721666666666666,2.1330049261083746,,,0.7216666666666667
1982,682,2,7.1,148856,5776151,3,0.43333333333333335,,,19.35529411764706,13.71,2.2153846153846155,,,0.96
1983,682,2,10.2,148856,5776151,6,0.5566666666666666,0.49248749999999997,0.61704375,15.356164383561644,10.275833333333333,2.181137724550898,2.137003248974008,2.226517113095238,1.2141666666666666
1984,682,2,14.6,148856,5776151,5,0.8210000000000001,,,8.917271407837445,6.144,2.1607795371498173,,,1.774
1985,682,2,20.9,148856,5776151,3,0.7833333333333333,,,5.733532934131737,3.191666666666667,2.176595744680851,,,1.705
1986,682,2,29.9,148856,5776151,3,0.7483333333333334,,,3.3689655172413793,1.6283333333333334,2.10913140311804,,,1.5783333333333334
1987,682,2,42.7,148856,5776151,2,0.73,,,2.43,1.215,2.075342465753425,,,1.5150000000000003
1988,682,2,61.0,148856,5776151,4,0.74375,,,2.3535353535353534,1.165,2.073949579831933,,,1.5425
1989,682,2,87.4,148856,5776151,4,0.6912499999999999,,,1.945619335347432,0.805,2.0488245931283906,,,1.41625
1990,682,2,125.0,148856,5776151,3,0.7033333333333333,,,1.8007662835249043,0.7833333333333333,2.0402843601895735,,,1.435
1991,358,3,5.0,1040225,5729202,3,0.39666666666666667,,,1.7483443708609272,0.44,2.0,,,0.7933333333333333
1992,358,3,7.1,1040225,5729202,5,0.507,0.365,0.63503125,1.903125,0.609,2.0059171597633134,2.0,2.0108980942599564,1.017
1993,358,3,10.2,1040225,5729202,9,0.4416666666666666,0.35332499999999994,0.5508125,1.8157894736842106,0.49833333333333335,2.0050314465408805,2.0,2.008741945720363,0.8855555555555555
1994,358,3,14.6,1040225,5729202,5,0.546,,,1.9262820512820513,0.601,2.0054945054945055,,,1.095
1995,358,3,20.9,1040225,5729202,3,0.5016666666666666,,,1.8469945355191257,0.5633333333333334,2.0033222591362128,,,1.005
1996,358,3,29.9,1040225,5729202,5,0.43499999999999994,,,1.8408163265306123,0.451,2.0022988505747126,,,0.871
1997,358,3,42.7,1040225,5729202,4,0.55375,,,1.8369565217391304,0.63375,2.0022573363431153,,,1.10875
1998,358,3,61.0,1040225,5729202,4,0.5,,,2.0132743362831858,0.56875,2.01,,,1.005
1999,358,3,87.4,1040225,5729202,4,0.48875,,,1.7669491525423728,0.52125,2.0051150895140664,,,0.98
2000,358,3,125.0,1040225,5729202,5,0.40800000000000003,,,1.772549019607843,0.452,2.002450980392157,,,0.817
2001,697,7,5.0,203528,6190154,4,0.6112500000000001,,,1.8681672025723473,0.72625,2.0040899795501024,,,1.225
2002,697,7,7.1,203528,6190154,2,0.38999999999999996,,,1.9607843137254901,0.5,2.0064102564102564,,,0.7825
2003,697,7,10.2,203528,6190154,6,0.435,,,1.7750759878419453,0.4866666666666667,2.0057471264367814,,,0.8725
2004,697,7,14.6,203528,6190154,5,0.44399999999999995,,,1.899628252788104,0.511,2.0045045045045047,,,0.89
2005,697,7,20.9,203528,6190154,5,0.48100000000000004,0.3273125,0.65175,1.9148936170212767,0.63,2.002079002079002,2.0,2.0050125313283207,0.963
2006,697,7,29.9,203528,6190154,4,0.445,,,1.985645933014354,0.51875,2.008426966292135,,,0.89375
2007,697,7,42.7,203528,6190154,4,0.4775,,,1.9074074074074074,0.515,2.005235602094241,,,0.9575
2008,697,7,61.0,203528,6190154,2,0.615,,,1.9473684210526316,0.74,2.0,,,1.23
2009,697,7,87.4,203528,6190154,4,0.5349999999999999,,,1.9185185185185185,0.6475,2.0023364485981308,,,1.07125
2010,697,7,125.0,203528,6190154,5,0.45,,,1.8656716417910448,0.5,2.002222222222222,,,0.901
2011,418,6,5.0,1182806,753016,6,0.4183333333333333,0.33997499999999997,0.5150250000000001,1.9150943396226414,0.5075,2.00597609561753,2.0,2.0129361799816343,0.8391666666666666
2012,418,6,7.1,1182806,753016,5,0.543,,,1.9171779141104295,0.625,2.005524861878453,,,1.089
2013,418,6,10.2,1182806,753016,2,0.5700000000000001,,,1.9859154929577465,0.705,2.004385964912281,,,1.1425
2014,418,6,14.6,1182806,753016,4,0.53625,,,1.9007936507936507,0.59875,2.0046620046620047,,,1.075
2015,418,6,20.9,1182806,753016,4,0.44499999999999995,,,1.8028169014084507,0.48,2.0,,,0.89
2016,418,6,29.9,1182806,753016,1,0.34,,,1.7291666666666667,0.415,2.0,,,0.68
2017,418,6,42.7,1182806,753016,4,0.46875,,,1.9383259911894273,0.55,2.002666666666667,,,0.93875
2018,418,6,61.0,1182806,753016,4,0.5425,,,2.0,0.655,2.0,,,1.085
2019,418,6,87.4,1182806,753016,4,0.41874999999999996,,,1.7675675675675675,0.40875,2.0,,,0.8375
2020,418,6,125.0,1182806,753016,3,0.43166666666666664,,,1.9044585987261147,0.49833333333333335,2.0,,,0.8633333333333333
2021,833,2,5.0,833179,1221269,1,0.655,,,1.5416666666666667,0.555,2.0381679389312977,,,1.335
2022,833,2,7.1,833179,1221269,5,0.5479999999999999,0.4449375,0.6475,1.6130952380952381,0.542,2.0255474452554743,2.008298611111111,2.0345238095238094,1.11
2023,833,2,10.2,833179,1221269,3,0.6366666666666666,,,1.6218487394957983,0.6433333333333333,2.020942408376963,,,1.2866666666666666
2024,833,2,14.6,833179,1221269,8,0.5887499999999999,0.5155379464285713,0.66915,1.598939929328622,0.565625,2.0116772823779194,2.003520153586682,2.0213962007545843,1.184375
2025,833,2,20.9,833179,1221269,5,0.526,,,1.6407185628742516,0.548,2.005703422053232,,,1.055
2026,833,2,29.9,833179,1221269,3,0.6266666666666667,,,1.662162162162162,0.615,2.00531914893617,,,1.2566666666666666
2027,833,2,42.7,833179,1221269,5,0.559,,,1.6093294460641399,0.552,2.0035778175313057,,,1.12
2028,833,2,61.0,833179,1221269,3,0.5733333333333334,,,1.7254901960784315,0.5866666666666667,2.002906976744186,,,1.1483333333333334
2029,833,2,87.4,833179,1221269,5,0.601,,,1.66016713091922,0.596,2.0016638935108153,,,1.203
2030,833,2,125.0,833179,1221269,4,0.5712499999999999,,,1.6185185185185185,0.54625,2.0,,,1.1425
2031,601,6,5.0,492078,4305921,2,0.3275,,,1.7777777777777777,0.36,2.0,,,0.655
2032,601,6,7.1,492078,4305921,4,0.41875,,,1.8676470588235294,0.47625,2.0,,,0.8375
2033,601,6,10.2,492078,4305921,2,0.37749999999999995,,,1.8958333333333333,0.455,2.0,,,0.755
2034,601,6,14.6,492078,4305921,5,0.5190000000000001,,,1.946372239747634,0.617,2.001926782273603,,,1.039
2035,601,6,20.9,492078,4305921,4,0.50625,,,1.9075630252100841,0.5675,2.0074074074074075,,,1.01625
2036,601,6,29.9,492078,4305921,4,0.465,,,1.8669950738916257,0.47375,2.0080645161290325,,,0.93375
2037,601,6,42.7,492078,4305921,5,0.46699999999999997,0.29000000000000004,0.615125,1.9715302491103204,0.554,2.0,2.0,2.0,0.934
2038,601,6,61.0,492078,4305921,4,0.4225,,,1.882051282051282,0.45875,2.0,,,0.845
2039,601,6,87.4,492078,4305921,5,0.458,,,1.9195804195804196,0.549,2.004366812227074,,,0.918
2040,601,6,125.0,492078,4305921,7,0.44499999999999995,0.3756964285714286,0.5101666666666668,1.9393939393939394,0.5028571428571429,2.0032102728731944,2.0,2.0120481927710845,0.8914285714285715
2041,632,3,5.0,781390,2024723,6,0.4575,0.34,0.5950178571428572,1.8006535947712419,0.45916666666666667,2.010928961748634,2.0,2.015269179138867,0.92
2042,632,3,7.1,781390,2024723,3,0.49666666666666665,,,1.7102272727272727,0.5016666666666667,2.0033557046979866,,,0.995
2043,632,3,10.2,781390,2024723,4,0.47375,,,1.9125,0.57375,2.005277044854881,,,0.95
2044,632,3,14.6,781390,2024723,4,0.57125,,,1.7901234567901234,0.54375,2.0,,,1.1425
2045,632,3,20.9,781390,2024723,7,0.5085714285714286,0.34246875,0.6430291666666667,1.9385342789598108,0.5857142857142857,2.0,2.0,2.0,1.0171428571428571
2046,632,3,29.9,781390,2024723,4,0.42000000000000004,,,1.7866666666666666,0.5025,2.005952380952381,,,0.8425
2047,632,3,42.7,781390,2024723,3,0.44999999999999996,,,1.8089171974522293,0.47333333333333333,2.0074074074074075,,,0.9033333333333333
2048,632,3,61.0,781390,2024723,7,0.4635714285714286,0.3729583333333333,0.54028125,1.7591623036649215,0.48,2.0015408320493067,2.0,2.003967468175389,0.9278571428571428
2049,632,3,87.4,781390,2024723,7,0.3821428571428571,0.30906249999999996,0.48630208333333336,1.8601190476190477,0.44642857142857145,2.0018691588785047,2.0,2.005245098039216,0.765
2050,632,3,125.0,781390,2024723,5,0.491,0.396,0.6174999999999999,1.8904109589041096,0.552,2.0081466395112018,2.0,2.016122131147541,0.986
2051,436,8,5.0,378199,984646,3,0.4116666666666667,,,1.8657718120805369,0.4633333333333333,2.0,,,0.8233333333333334
2052,436,8,7.1,378199,984646,3,0.5016666666666666,,,2.0391061452513966,0.6083333333333333,2.0,,,1.0033333333333334
2053,436,8,10.2,378199,984646,4,0.5487500000000001,,,2.049618320610687,0.67125,2.0,,,1.0975
2054,436,8,14.6,378199,984646,3,0.45166666666666666,,,2.086206896551724,0.605,2.0,,,0.9033333333333333
2055,436,8,20.9,378199,984646,6,0.4383333333333333,,,1.8773584905660377,0.4975,2.0,,,0.8766666666666667
2056,436,8,29.9,378199,984646,4,0.5325,,,1.7813765182186234,0.55,2.0,,,1.065
2057,436,8,42.7,378199,984646,5,0.516,,,1.9064516129032258,0.591,2.0,,,1.032
2058,436,8,61.0,378199,984646,4,0.3575,,,2.0,0.4275,2.0,,,0.715
2059,436,8,87.4,378199,984646,2,0.5700000000000001,,,1.875,0.6375,2.0,,,1.14
2060,436,8,125.0,378199,984646,2,0.5549999999999999,,,1.9580419580419581,0.7,2.0,,,1.11
2061,790,7,5.0,78612,2654643,5,0.37500000000000006,,,1.8360655737704918,0.448,2.008,,,0.753
2062,790,7,7.1,78612,2654643,2,0.285,,,1.7529411764705882,0.3725,2.0,,,0.57
2063,790,7,10.2,78612,2654643,4,0.51,,,1.8132295719844358,0.5825,2.0049019607843137,,,1.0225
2064,790,7,14.6,78612,2654643,5,0.429,0.273,0.635125,1.754325259515571,0.507,2.006993006993007,2.0,2.010888407367281,0.861
2065,790,7,20.9,78612,2654643,4,0.55125,,,1.81640625,0.58125,2.002267573696145,,,1.10375
2066,790,7,29.9,78612,2654643,4,0.6174999999999999,0.59,0.64,1.9187279151943464,0.67875,2.0040485829959516,2.0,2.015625,1.2375
2067,790,7,42.7,78612,2654643,4,0.43000000000000005,,,1.9381443298969072,0.47,2.0,,,0.86
2068,790,7,61.0,78612,2654643,6,0.5016666666666666,,,1.8773333333333333,0.5866666666666667,2.0033222591362128,,,1.005
2069,790,7,87.4,78612,2654643,3,0.4666666666666666,,,1.9473684210526316,0.555,2.0035714285714286,,,0.935
2070,790,7,125.0,78612,2654643,3,0.38999999999999996,,,1.7516339869281046,0.44666666666666666,2.0,,,0.78
2071,319,6,5.0,808579,4735585,4,0.455,,,1.8201754385964912,0.51875,2.0,,,0.91
2072,319,6,7.1,808579,4735585,1,0.695,,,1.9210526315789473,0.73,2.0,,,1.39
2073,319,6,10.2,808579,4735585,6,0.43083333333333335,0.37250000000000005,0.5150625,1.8349514563106797,0.4725,2.001934235976789,2.0,2.0050187969924815,0.8625
2074,319,6,14.6,808579,4735585,5,0.506,,,1.9867549668874172,0.6,2.0019762845849804,,,1.013
2075,319,6,20.9,808579,4735585,7,0.5535714285714285,0.46426190476190476,0.6244583333333333,1.8621399176954732,0.6464285714285715,2.00258064516129,2.0,2.007518796992481,1.1085714285714285
2076,319,6,29.9,808579,4735585,7,0.4671428571428572,0.3574375,0.5966875,1.8923076923076922,0.5271428571428571,2.0,2.0,2.0,0.9342857142857143
2077,319,6,42.7,808579,4735585,6,0.5016666666666666,,,1.9093333333333333,0.5966666666666667,2.004983388704319,,,1.0058333333333334
2078,319,6,61.0,808579,4735585,3,0.4466666666666667,,,1.8037974683544304,0.475,2.0,,,0.8933333333333333
2079,319,6,87.4,808579,4735585,6,0.47583333333333333,0.36778571428571427,0.5780321428571429,1.8994082840236686,0.535,2.0070052539404553,2.0,2.0099906958712928,0.955
2080,319,6,125.0,808579,4735585,6,0.5508333333333333,0.4111909722222222,0.6827375,1.8472222222222223,0.665,2.006051437216339,2.0020389344262295,2.012919251317431,1.105
2081,512,4,5.0,687763,6345894,5,0.41500000000000004,,,1.8626760563380282,0.529,2.0024096385542167,,,0.831
2082,512,4,7.1,687763,6345894,4,0.49749999999999994,,,1.8529411764705883,0.55125,2.0025125628140703,,,0.99625
2083,512,4,10.2,687763,6345894,4,0.40499999999999997,,,1.8357487922705313,0.475,2.0,,,0.81
2084,512,4,14.6,687763,6345894,8,0.505625,0.38180050505050506,0.6066375,1.9294354838709677,0.598125,2.0024721878862795,2.0,2.0076593137254903,1.0125
2085,512,4,20.9,687763,6345894,2,0.5700000000000001,,,1.9696969696969697,0.65,2.004385964912281,,,1.1425
2086,512,4,29.9,687763,6345894,3,0.4166666666666667,,,1.8611111111111112,0.44666666666666666,2.0,,,0.8333333333333334
2087,512,4,42.7,687763,6345894,6,0.5125,0.40975,0.5893125,1.9675516224188792,0.5558333333333333,2.011382113821138,2.004087038430242,2.020841859334697,1.0308333333333333
2088,512,4,61.0,687763,6345894,3,0.47333333333333333,,,1.847953216374269,0.5266666666666666,2.0,,,0.9466666666666667
2089,512,4,87.4,687763,6345894,7,0.4342857142857143,0.3421006493506493,0.5153035714285715,1.951219512195122,0.5142857142857142,2.004934210526316,2.0,2.00822745204053,0.8707142857142857
2090,512,4,125.0,687763,6345894,4,0.39625,,,2.0,0.49,2.006309148264984,,,0.795
2091,454,4,5.0,326607,1373017,5,0.5609999999999999,,,1.9204545454545454,0.676,2.001782531194296,,,1.123
2092,454,4,7.1,326607,1373017,2,0.375,,,1.8383838383838385,0.455,2.0,,,0.75
2093,454,4,10.2,326607,1373017,5,0.505,,,1.882943143812709,0.563,2.001980198019802,,,1.011
2094,454,4,14.6,326607,1373017,4,0.45999999999999996,,,1.949579831932773,0.58,2.0027173913043477,,,0.92125
2095,454,4,20.9,326607,1373017,6,0.45583333333333337,0.36124375,0.5751750000000001,1.8538011695906433,0.5283333333333333,2.0,2.0,2.0,0.9116666666666666
2096,454,4,29.9,326607,1373017,2,0.4625,,,2.0654205607476634,0.5525,2.0,,,0.925
2097,454,4,42.7,326607,1373017,6,0.5175000000000001,,,1.898876404494382,0.5633333333333334,2.006441223832528,,,1.0383333333333333
2098,454,4,61.0,326607,1373017,7,0.4471428571428571,0.3435520833333333,0.5676125000000001,1.9131578947368422,0.5192857142857142,2.0031948881789137,2.0,2.005519943019943,0.8957142857142857
2099,454,4,87.4,326607,1373017,5,0.391,0.30990625,0.49750000000000005,1.7416666666666667,0.418,2.0,2.0,2.0,0.782
2100,454,4,125.0,326607,1373017,4,0.41875,,,1.8041237113402062,0.4375,2.002985074626866,,,0.83875
2101,235,7,5.0,801870,7204118,2,0.6425000000000001,,,1.9053254437869822,0.805,2.0,,,1.285
2102,235,7,7.1,801870,7204118,5,0.445,,,1.9057971014492754,0.526,2.002247191011236,,,0.891
2103,235,7,10.2,801870,7204118,6,0.4566666666666667,0.3824625,0.5368437500000002,1.901197604790419,0.5291666666666667,2.0,2.0,2.0,0.9133333333333333
2104,235,7,14.6,801870,7204118,1,0.635,,,1.8472222222222223,0.665,2.0,,,1.27
2105,235,7,20.9,801870,7204118,4,0.50625,,,1.921875,0.615,2.0024691358024693,,,1.01375
2106,235,7,29.9,801870,7204118,4,0.38875,,,1.836734693877551,0.45,2.0064308681672025,,,0.78
2107,235,7,42.7,801870,7204118,4,0.48875,,,1.9066666666666667,0.53625,2.0,,,0.9775
2108,235,7,61.0,801870,7204118,5,0.5209999999999999,,,1.9694189602446484,0.644,2.001919385796545,,,1.043
2109,235,7,87.4,801870,7204118,6,0.46,0.3598571428571429,0.5600625,1.997067448680352,0.5675,2.0,2.0,2.0,0.92
2110,235,7,125.0,801870,7204118,6,0.5291666666666667,,,1.8888888888888888,0.6233333333333333,2.0031496062992127,,,1.06
2111,664,5,5.0,442214,2069828,3,0.48166666666666663,,,1.9162011173184357,0.5716666666666667,2.0034602076124566,,,0.965
2112,664,5,7.1,442214,2069828,5,0.55,,,1.9301675977653632,0.691,2.0054545454545454,,,1.103
2113,664,5,10.2,442214,2069828,5,0.34600000000000003,,,1.8737864077669903,0.386,2.0028901734104045,,,0.693
2114,664,5,14.6,442214,2069828,2,0.6599999999999999,,,2.1566265060240966,0.895,2.003787878787879,,,1.3225
2115,664,5,20.9,442214,2069828,3,0.6483333333333333,,,2.080168776371308,0.8216666666666667,2.0025706940874035,,,1.2983333333333333
2116,664,5,29.9,442214,2069828,3,0.47000000000000003,,,1.9202453987730062,0.5216666666666666,2.00354609929078,,,0.9416666666666667
2117,664,5,42.7,442214,2069828,2,0.34750000000000003,,,1.7411764705882353,0.37,2.0,,,0.695
2118,664,5,61.0,442214,2069828,4,0.49,,,1.83402489626556,0.5525,2.002551020408163,,,0.98125
2119,664,5,87.4,442214,2069828,3,0.5566666666666668,,,1.966824644549763,0.6916666666666667,2.002994011976048,,,1.115
2120,664,5,125.0,442214,2069828,2,0.3825,,,1.8666666666666667,0.42,2.0,,,0.765
2121,700,6,5.0,247217,1805565,5,0.42700000000000005,,,1.9310344827586208,0.56,2.002341920374707,,,0.855
2122,700,6,7.1,247217,1805565,1,0.665,,,1.9230769230769231,0.75,2.007518796992481,,,1.335
2123,700,6,10.2,247217,1805565,4,0.565,,,1.8376383763837638,0.6225,2.002212389380531,,,1.13125
2124,700,6,14.6,247217,1805565,2,0.45,,,1.8508771929824561,0.5275,2.0055555555555555,,,0.9025
2125,700,6,20.9,247217,1805565,6,0.34833333333333333,,,1.9699248120300752,0.43666666666666665,2.0023923444976077,,,0.6975
2126,700,6,29.9,247217,1805565,6,0.5525000000000001,0.46135,0.630125,1.9330143540669857,0.6733333333333333,2.0015082956259427,2.0,2.0040650406504064,1.1058333333333332
2127,700,6,42.7,247217,1805565,5,0.506,,,1.9772727272727273,0.609,2.0039525691699605,,,1.014
2128,700,6,61.0,247217,1805565,5,0.491,0.38650000000000007,0.6066666666666666,1.9829931972789117,0.583,2.0020366598778003,2.0,2.007575757575758,0.983
2129,700,6,87.4,247217,1805565,3,0.395,,,1.8275862068965518,0.44166666666666665,2.0,,,0.79
2130,700,6,125.0,247217,1805565,3,0.555,,,1.829145728643216,0.6066666666666667,2.0,,,1.11
2131,81,6,5.0,316968,2365480,4,0.5175000000000001,,,1.9051383399209487,0.6025,2.0,,,1.035
2132,81,6,7.1,316968,2365480,4,0.47375,,,1.9615384615384617,0.5737500000000001,2.005277044854881,,,0.95
2133,81,6,10.2,316968,2365480,3,0.6016666666666667,,,1.9824561403508771,0.7533333333333333,2.0,,,1.2033333333333334
2134,81,6,14.6,316968,2365480,4,0.4975,,,1.979253112033195,0.59625,2.0,,,0.995
2135,81,6,20.9,316968,2365480,4,0.54625,,,1.9132075471698113,0.63375,2.0068649885583523,,,1.09625
2136,81,6,29.9,316968,2365480,3,0.4666666666666666,,,1.8659217877094971,0.5566666666666666,2.007142857142857,,,0.9366666666666666
2137,81,6,42.7,316968,2365480,7,0.48,0.4024278846153846,0.56401875,1.8534278959810875,0.56,2.0044642857142856,2.0,2.007510426810168,0.9621428571428572
2138,81,6,61.0,316968,2365480,5,0.545,,,1.8832335329341316,0.629,2.014678899082569,,,1.098
2139,81,6,87.4,316968,2365480,6,0.47833333333333344,0.35347500000000004,0.6102500000000001,1.971671388101983,0.58,2.005226480836237,2.0,2.010942204301075,0.9591666666666666
2140,81,6,125.0,316968,2365480,3,0.49500000000000005,,,1.9814814814814814,0.535,2.0033670033670035,,,0.9916666666666667
2141,264,6,5.0,1188411,5498682,7,0.36499999999999994,0.3249722222222222,0.40445833333333325,1.8850931677018634,0.43357142857142855,2.003913894324853,2.0,2.0108148486988533,0.7314285714285714
2142,264,6,7.1,1188411,5498682,2,0.515,,,1.9848484848484849,0.655,2.0097087378640777,,,1.035
2143,264,6,10.2,1188411,5498682,4,0.365,,,1.7891891891891891,0.41375,2.01027397260274,,,0.73375
2144,264,6,14.6,1188411,5498682,9,0.4516666666666666,0.39267261904761913,0.5190729166666668,1.8767123287671232,0.5327777777777778,2.0,2.0,2.0,0.9033333333333333
2145,264,6,20.9,1188411,5498682,4,0.47125,,,1.8772727272727272,0.51625,2.0026525198938994,,,0.94375
2146,264,6,29.9,1188411,5498682,6,0.5791666666666666,,,1.8857142857142857,0.715,2.0,,,1.1583333333333334
2147,264,6,42.7,1188411,5498682,2,0.33,,,1.7848101265822784,0.3525,2.007575757575758,,,0.6625
2148,264,6,61.0,1188411,5498682,4,0.50125,,,1.8704453441295548,0.5775,2.002493765586035,,,1.00375
2149,264,6,87.4,1188411,5498682,2,0.2975,,,1.6578947368421053,0.315,2.0,,,0.595
2150,264,6,125.0,1188411,5498682,4,0.5700000000000001,0.42585000000000006,0.7120000000000002,1.9154411764705883,0.65125,2.0021929824561404,2.0,2.0052155172413793,1.14125
2151,332,6,5.0,183548,654336,1,0.64,,,1.8630136986301369,0.68,2.0,,,1.28
2152,332,6,7.1,183548,654336,3,0.39666666666666667,,,1.974025974025974,0.5066666666666667,2.004201680672269,,,0.795
2153,332,6,10.2,183548,654336,3,0.38999999999999996,,,1.9758064516129032,0.4083333333333333,2.0,,,0.78
2154,332,6,14.6,183548,654336,6,0.44999999999999996,,,1.9852507374631267,0.5608333333333333,2.001851851851852,,,0.9008333333333334
2155,332,6,20.9,183548,654336,4,0.49375,,,1.8392156862745097,0.58625,2.0050632911392405,,,0.99
2156,332,6,29.9,183548,654336,5,0.40499999999999997,,,1.821705426356589,0.47,2.0,,,0.81
2157,332,6,42.7,183548,654336,5,0.49000000000000005,0.3323125,0.6103750000000001,1.974025974025974,0.608,2.0020408163265304,2.0,2.0045928753180657,0.981
2158,332,6,61.0,183548,654336,5,0.567,,,1.9043478260869566,0.657,2.00352733686067,,,1.136
2159,332,6,87.4,183548,654336,5,0.5050000000000001,,,1.940251572327044,0.617,2.003960396039604,,,1.012
2160,332,6,125.0,183548,654336,4,0.5225,,,1.8739837398373984,0.57625,2.007177033492823,,,1.04875
2161,825,5,5.0,175925,5979388,5,0.4200000000000001,,,1.7006802721088434,0.5,2.0047619047619047,,,0.842
2162,825,5,7.1,175925,5979388,6,0.4991666666666667,0.354225,0.6408750000000001,1.8714652956298201,0.6066666666666667,2.001669449081803,2.0,2.0035971223021583,0.9991666666666666
2163,825,5,10.2,175925,5979388,3,0.6149999999999999,,,1.8911290322580645,0.7816666666666666,2.008130081300813,,,1.235
2164,825,5,14.6,175925,5979388,3,0.49000000000000005,,,1.9065934065934067,0.5783333333333334,2.0,,,0.98
2165,825,5,20.9,175925,5979388,5,0.5029999999999999,,,1.8625429553264605,0.542,2.0019880715705765,,,1.007
2166,825,5,29.9,175925,5979388,1,0.285,,,1.6571428571428573,0.29000000000000004,2.0,,,0.57
2167,825,5,42.7,175925,5979388,3,0.58,,,2.033980582524272,0.6983333333333334,2.0,,,1.16
2168,825,5,61.0,175925,5979388,9,0.4677777777777778,0.36686979166666667,0.5685652777777778,1.9328214971209212,0.5594444444444444,2.002375296912114,2.0,2.0051403487816533,0.9366666666666666
2169,825,5,87.4,175925,5979388,5,0.502,,,1.9750778816199377,0.634,2.00199203187251,,,1.005
2170,825,5,125.0,175925,5979388,5,0.525,,,1.9305993690851735,0.612,2.0038095238095237,,,1.052
2171,262,5,5.0,1160842,921931,4,0.5575,,,1.8974358974358974,0.6475,2.004484304932735,,,1.1175
2172,262,5,7.1,1160842,921931,6,0.41583333333333333,0.34227083333333336,0.48415,1.9391891891891893,0.47833333333333333,2.0,2.0,2.0,0.8316666666666667
2173,262,5,10.2,1160842,921931,8,0.475625,0.38637916666666666,0.57583125,1.8529411764705883,0.511875,2.0,2.0,2.0,0.95125
2174,262,5,14.6,1160842,921931,3,0.39999999999999997,,,1.8024691358024691,0.4866666666666667,2.0083333333333333,,,0.8033333333333333
2175,262,5,20.9,1160842,921931,1,0.385,,,1.98,0.495,2.0,,,0.77
2176,262,5,29.9,1160842,921931,3,0.32166666666666666,,,1.761467889908257,0.32,2.005181347150259,,,0.645
2177,262,5,42.7,1160842,921931,3,0.4416666666666666,,,1.8344370860927153,0.46166666666666667,2.0,,,0.8833333333333333
2178,262,5,61.0,1160842,921931,4,0.48750000000000004,,,1.8685258964143425,0.58625,2.005128205128205,,,0.9775
2179,262,5,87.4,1160842,921931,1,0.37,,,1.8205128205128205,0.355,2.0,,,0.74
2180,262,5,125.0,1160842,921931,6,0.38000000000000006,,,1.8231046931407942,0.42083333333333334,2.0021929824561404,,,0.7608333333333334
2181,37,7,5.0,225012,7920954,2,0.39249999999999996,,,1.7549019607843137,0.4475,2.0,,,0.785
2182,37,7,7.1,225012,7920954,2,0.325,,,1.8,0.4275,2.0,,,0.65
2183,37,7,10.2,225012,7920954,5,0.47400000000000003,,,1.9895104895104896,0.569,2.0,,,0.948
2184,37,7,14.6,225012,7920954,2,0.4425,,,2.0088495575221237,0.5675,2.0,,,0.885
2185,37,7,20.9,225012,7920954,3,0.5599999999999999,,,1.9408866995073892,0.6566666666666666,2.0,,,1.12
2186,37,7,29.9,225012,7920954,6,0.4591666666666667,0.3273125,0.5385,1.894894894894895,0.5258333333333334,2.0018148820326678,2.0,2.0042735042735043,0.9191666666666667
2187,37,7,42.7,225012,7920954,1,0.295,,,1.8529411764705883,0.315,2.0,,,0.59
2188,37,7,61.0,225012,7920954,4,0.43625,,,1.8295964125560538,0.51,2.002865329512894,,,0.87375
2189,37,7,87.4,225012,7920954,4,0.53125,,,1.9529411764705882,0.6225,2.0094117647058822,,,1.0675
2190,37,7,125.0,225012,7920954,9,0.4788888888888889,0.40875,0.5512812500000001,1.8268482490272373,0.5216666666666666,2.0,2.0,2.0,0.9577777777777777
2191,496,3,5.0,469525,6532850,2,0.33499999999999996,,,1.6477272727272727,0.3625,2.0,,,0.67
2192,496,3,7.1,469525,6532850,6,0.5208333333333334,,,1.8315217391304348,0.5616666666666666,2.0048,,,1.0441666666666667
2193,496,3,10.2,469525,6532850,5,0.4929999999999999,,,1.8287671232876712,0.534,2.004056795131846,,,0.988
2194,496,3,14.6,469525,6532850,4,0.4225,,,1.8516746411483254,0.48375,2.0059171597633134,,,0.8475
2195,496,3,20.9,469525,6532850,1,0.575,,,1.9365079365079365,0.61,2.0,,,1.15
2196,496,3,29.9,469525,6532850,5,0.487,,,1.875,0.555,2.0,,,0.974
2197,496,3,42.7,469525,6532850,3,0.4716666666666666,,,1.7048192771084338,0.4716666666666667,2.0070671378091873,,,0.9466666666666667
2198,496,3,61.0,469525,6532850,3,0.43166666666666664,,,1.7837837837837838,0.44,2.0,,,0.8633333333333333
2199,496,3,87.4,469525,6532850,4,0.45625,,,1.7546296296296295,0.47375,2.0027397260273974,,,0.91375
2200,496,3,125.0,469525,6532850,3,0.62,,,1.8472222222222223,0.665,2.0053763440860215,,,1.2433333333333334
2201,785,3,5.0,256971,1560624,4,0.49375,,,1.8333333333333333,0.53625,2.0,,,0.9875
2202,785,3,7.1,256971,1560624,4,0.41625,,,1.7607655502392345,0.46,2.0,,,0.8325
2203,785,3,10.2,256971,1560624,6,0.45416666666666666,0.324975,0.6000624999999999,1.8160237388724036,0.51,2.0,2.0,2.0,0.9083333333333333
2204,785,3,14.6,256971,1560624,4,0.4075,,,1.8961748633879782,0.43375,2.0,,,0.815
2205,785,3,20.9,256971,1560624,2,0.43500000000000005,,,1.6320754716981132,0.4325,2.0114942528735633,,,0.875
2206,785,3,29.9,256971,1560624,5,0.457,,,1.8181818181818181,0.48,2.00218818380744,,,0.915
2207,785,3,42.7,256971,1560624,4,0.48875,,,1.8651162790697675,0.50125,2.0,,,0.9775
2208,785,3,61.0,256971,1560624,5,0.41,0.31825000000000003,0.5025625,1.873076923076923,0.487,2.002439024390244,2.0,2.00390625,0.821
2209,785,3,87.4,256971,1560624,2,0.45999999999999996,,,1.8598130841121496,0.4975,2.005434782608696,,,0.9225
2210,785,3,125.0,256971,1560624,3,0.5650000000000001,,,1.8238095238095238,0.6383333333333333,2.0029498525073746,,,1.1316666666666666
2211,310,5,5.0,1088708,5926810,3,0.5133333333333333,,,1.8272251308900525,0.5816666666666667,2.0032467532467533,,,1.0283333333333333
2212,310,5,7.1,1088708,5926810,2,0.3225,,,1.6823529411764706,0.3575,2.0,,,0.645
2213,310,5,10.2,1088708,5926810,2,0.38,,,1.9375,0.465,2.0,,,0.76
2214,310,5,14.6,1088708,5926810,5,0.47000000000000003,,,1.9507042253521127,0.554,2.0042553191489363,,,0.942
2215,310,5,20.9,1088708,5926810,3,0.6483333333333334,,,1.9218106995884774,0.7783333333333333,2.0025706940874035,,,1.2983333333333333
2216,310,5,29.9,1088708,5926810,4,0.46625,,,1.8767772511848342,0.495,2.002680965147453,,,0.93375
2217,310,5,42.7,1088708,5926810,3,0.4583333333333333,,,1.7380952380952381,0.4866666666666667,2.0036363636363634,,,0.9183333333333333
2218,310,5,61.0,1088708,5926810,1,0.35,,,2.1555555555555554,0.485,2.0142857142857142,,,0.705
2219,310,5,87.4,1088708,5926810,4,0.43374999999999997,,,1.8636363636363635,0.5125,2.0,,,0.8675
2220,310,5,125.0,1088708,5926810,3,0.36333333333333334,,,1.7751937984496124,0.38166666666666665,2.0,,,0.7266666666666667
2221,558,7,5.0,500866,527209,3,0.4916666666666667,,,1.9012345679012346,0.5133333333333333,2.0033898305084747,,,0.985
2222,558,7,7.1,500866,527209,8,0.43437499999999996,0.370719696969697,0.47885625000000004,1.9312977099236641,0.474375,2.00431654676259,2.0,2.010888512230589,0.870625
2223,558,7,10.2,500866,527209,2,0.45999999999999996,,,1.9739130434782608,0.5675,2.0,,,0.92
2224,558,7,14.6,500866,527209,3,0.49,,,2.061797752808989,0.6116666666666667,2.003401360544218,,,0.9816666666666667
2225,558,7,20.9,500866,527209,2,0.495,,,1.8333333333333333,0.5775,2.005050505050505,,,0.9925
2226,558,7,29.9,500866,527209,4,0.455,,,2.023696682464455,0.53375,2.008241758241758,,,0.91375
2227,558,7,42.7,500866,527209,8,0.45125000000000004,0.34780654761904767,0.5511694444444444,1.8775981524249423,0.508125,2.0041551246537397,2.0,2.008977455716586,0.904375
2228,558,7,61.0,500866,527209,5,0.558,0.42500000000000004,0.7066666666666667,1.8389830508474576,0.651,2.003584229390681,2.0,2.0077448944271374,1.118
2229,558,7,87.4,500866,527209,3,0.455,,,1.9107142857142858,0.535,2.0036630036630036,,,0.9116666666666666
2230,558,7,125.0,500866,527209,4,0.44125000000000003,,,2.0377358490566038,0.54,2.002832861189802,,,0.88375
2231,294,3,5.0,123066,693586,5,0.465,,,1.907216494845361,0.555,2.0086021505376346,,,0.934
2232,294,3,7.1,123066,693586,2,0.5675,,,1.828358208955224,0.6125,2.004405286343612,,,1.1375
2233,294,3,10.2,123066,693586,7,0.5185714285714286,,,1.8141592920353982,0.5857142857142857,2.0041322314049586,,,1.0392857142857144
2234,294,3,14.6,123066,693586,4,0.43500000000000005,,,1.9086538461538463,0.49625,2.0057471264367814,,,0.8725
2235,294,3,20.9,123066,693586,3,0.5116666666666667,,,1.8571428571428572,0.5633333333333334,2.0,,,1.0233333333333334
2236,294,3,29.9,123066,693586,3,0.505,,,1.8057142857142856,0.5266666666666666,2.0066006600660065,,,1.0133333333333334
2237,294,3,42.7,123066,693586,5,0.518,,,1.8495297805642634,0.59,2.001930501930502,,,1.037
2238,294,3,61.0,123066,693586,5,0.442,0.28468750000000004,0.5625,1.8755020080321285,0.467,2.004524886877828,2.0,2.0166881063756064,0.886
2239,294,3,87.4,123066,693586,3,0.4633333333333333,,,1.9464285714285714,0.545,2.0071942446043165,,,0.93
2240,294,3,125.0,123066,693586,3,0.465,,,1.7942857142857143,0.5233333333333333,2.003584229390681,,,0.9316666666666666
2241,62,2,5.0,338325,3825828,4,0.5775,0.4383333333333333,0.7226250000000002,1.5321428571428573,0.53625,2.017316017316017,2.007751937984496,2.0303030303030303,1.165
2242,62,2,7.1,338325,3825828,5,0.5660000000000001,,,1.6897590361445782,0.561,2.008833922261484,,,1.137
2243,62,2,10.2,338325,3825828,3,0.52,,,1.5806451612903225,0.49,2.0128205128205128,,,1.0466666666666666
2244,62,2,14.6,338325,3825828,6,0.5675,0.4558083333333334,0.6823041666666668,1.6105527638190955,0.5341666666666667,2.0102790014684286,2.0029347916406994,2.020156304942396,1.1408333333333334
2245,62,2,20.9,338325,3825828,2,0.6125,,,1.5539568345323742,0.54,2.0,,,1.225
2246,62,2,29.9,338325,3825828,4,0.6325,,,1.6757679180887373,0.61375,2.007905138339921,,,1.27
2247,62,2,42.7,338325,3825828,3,0.545,,,1.7118644067796611,0.505,2.003058103975535,,,1.0916666666666666
2248,62,2,61.0,338325,3825828,4,0.635,,,1.698961937716263,0.61375,2.001968503937008,,,1.27125
2249,62,2,87.4,338325,3825828,5,0.625,,,1.6274509803921569,0.581,2.0032,,,1.252
2250,62,2,125.0,338325,3825828,5,0.642,,,1.6145833333333333,0.62,2.0031152647975077,,,1.286
2251,965,5,5.0,89017,1799588,4,0.6012500000000001,,,2.0231788079470197,0.76375,2.0103950103950106,,,1.20875
2252,965,5,7.1,89017,1799588,7,0.43571428571428567,0.3548571428571428,0.515779761904762,1.8401084010840107,0.485,2.001639344262295,2.0,2.007797270955166,0.8721428571428571
2253,965,5,10.2,89017,1799588,4,0.5487500000000001,,,1.985663082437276,0.6925,2.002277904328018,,,1.09875
2254,965,5,14.6,89017,1799588,6,0.45249999999999996,0.395975,0.5144535714285715,1.9039039039039038,0.5283333333333333,2.0036832412523022,2.0,2.008264462809917,0.9066666666666666
2255,965,5,20.9,89017,1799588,2,0.6875,,,1.8705882352941177,0.795,2.0,,,1.375
2256,965,5,29.9,89017,1799588,6,0.4616666666666666,0.295,0.6216354166666668,1.8262108262108263,0.5341666666666667,2.0054151624548737,2.0,2.008921034482759,0.9258333333333333
2258,965,5,61.0,89017,1799588,4,0.5800000000000001,,,1.992831541218638,0.695,2.002155172413793,,,1.16125
2259,965,5,87.4,89017,1799588,3,0.44333333333333336,,,1.9181286549707601,0.5466666666666666,2.007518796992481,,,0.89
2260,965,5,125.0,89017,1799588,4,0.5525000000000001,,,1.8981132075471698,0.62875,2.002262443438914,,,1.10625
2261,257,3,5.0,309281,1301282,3,0.41333333333333333,,,1.7933333333333332,0.4483333333333333,2.004032258064516,,,0.8283333333333334
2262,257,3,7.1,309281,1301282,6,0.48166666666666674,0.3521696428571429,0.5916964285714286,1.84958217270195,0.5533333333333333,2.0051903114186853,2.0,2.011767780282845,0.9658333333333333
2263,257,3,10.2,309281,1301282,2,0.655,,,1.875,0.675,2.00381679389313,,,1.3125
2264,257,3,14.6,309281,1301282,3,0.645,,,1.876984126984127,0.7883333333333333,2.0025839793281652,,,1.2916666666666667
2265,257,3,20.9,309281,1301282,3,0.4366666666666667,,,1.7987012987012987,0.46166666666666667,2.0,,,0.8733333333333333
2266,257,3,29.9,309281,1301282,2,0.55,,,1.9921259842519685,0.6325,2.0045454545454544,,,1.1025
2268,257,3,61.0,309281,1301282,8,0.47625,0.34304687500000003,0.5903125000000001,1.8147321428571428,0.508125,2.0039370078740157,2.0,2.0076440960999786,0.954375
2269,257,3,87.4,309281,1301282,8,0.495,0.4108263888888889,0.616859375,1.7861635220125787,0.5325,2.0063131313131315,2.0020408163265304,2.0148946993912573,0.993125
2270,257,3,125.0,309281,1301282,6,0.46166666666666667,0.361,0.56125,1.8291139240506329,0.4816666666666667,2.0,2.0,2.0,0.9233333333333333
2271,793,6,5.0,406364,5204107,6,0.41,0.32495833333333335,0.49690625000000005,1.8471337579617835,0.48333333333333334,2.0,2.0,2.0,0.82
2272,793,6,7.1,406364,5204107,9,0.4633333333333333,0.38429062500000005,0.5481468749999999,1.8784029038112522,0.575,2.002398081534772,2.0,2.0060275471772524,0.9277777777777778
2273,793,6,10.2,406364,5204107,7,0.4485714285714285,,,1.7896103896103897,0.49214285714285716,2.0,,,0.8971428571428571
2274,793,6,14.6,406364,5204107,5,0.43400000000000005,,,1.8102189781021898,0.496,2.0,,,0.868
2275,793,6,20.9,406364,5204107,5,0.429,,,1.8228346456692914,0.463,2.0,,,0.858
2276,793,6,29.9,406364,5204107,5,0.45400000000000007,,,1.9233576642335766,0.527,2.002202643171806,,,0.909
2277,793,6,42.7,406364,5204107,5,0.5469999999999999,,,1.9700996677740863,0.593,2.0,,,1.094
2278,793,6,61.0,406364,5204107,3,0.4583333333333333,,,1.9447513812154695,0.5866666666666667,2.0036363636363634,,,0.9183333333333333
2279,793,6,87.4,406364,5204107,4,0.51375,,,1.8830645161290323,0.58375,2.0,,,1.0275
2280,793,6,125.0,406364,5204107,6,0.49000000000000005,0.38613541666666673,0.5980916666666668,1.9309309309309308,0.5358333333333334,2.0,2.0,2.0,0.98
2281,271,4,5.0,433420,2827792,6,0.5025000000000001,,,1.811704834605598,0.5933333333333334,2.001658374792703,,,1.0058333333333334
2282,271,4,7.1,433420,2827792,2,0.46,,,1.771186440677966,0.5225,2.0,,,0.92
2283,271,4,10.2,433420,2827792,5,0.46399999999999997,,,1.772108843537415,0.521,2.0043103448275863,,,0.93
2284,271,4,14.6,433420,2827792,4,0.47875,,,1.960698689956332,0.56125,2.0052219321148823,,,0.96
2285,271,4,20.9,433420,2827792,8,0.556875,0.45657500000000006,0.6433385416666668,1.9726775956284153,0.676875,2.004489337822671,2.0,2.008409840027487,1.11625
2286,271,4,29.9,433420,2827792,4,0.5812499999999999,,,2.0072463768115942,0.6925,2.0,,,1.1625
2287,271,4,42.7,433420,2827792,1,0.505,,,2.05,0.6149999999999999,2.0,,,1.01
2288,271,4,61.0,433420,2827792,4,0.46625,,,1.9385964912280702,0.5525,2.008042895442359,,,0.93625
2289,271,4,87.4,433420,2827792,4,0.54625,,,1.8296296296296297,0.6175,2.002288329519451,,,1.09375
2290,271,4,125.0,433420,2827792,4,0.49375,,,1.8109243697478992,0.53875,2.0050632911392405,,,0.99
2291,24,3,5.0,244382,5539304,3,0.49666666666666665,,,1.6875,0.54,2.0033557046979866,,,0.995
2292,24,3,7.1,244382,5539304,4,0.55875,,,1.7993079584775087,0.65,2.011185682326622,,,1.12375
2293,24,3,10.2,244382,5539304,5,0.535,,,1.8404907975460123,0.6,2.007476635514019,,,1.074
2294,24,3,14.6,244382,5539304,3,0.45,,,1.728395061728395,0.4666666666666667,2.0037037037037035,,,0.9016666666666666
2295,24,3,20.9,244382,5539304,2,0.3775,,,1.6195652173913044,0.3725,2.0,,,0.755
2296,24,3,29.9,244382,5539304,2,0.64,,,1.8503401360544218,0.68,2.00390625,,,1.2825
2297,24,3,42.7,244382,5539304,5,0.537,,,1.8846153846153846,0.588,2.0,,,1.074
2298,24,3,61.0,244382,5539304,4,0.4925,,,1.8212765957446808,0.535,2.012690355329949,,,0.99125
2299,24,3,87.4,244382,5539304,5,0.5200000000000001,,,1.8708609271523178,0.565,2.0057692307692307,,,1.043
2300,24,3,125.0,244382,5539304,4,0.4425,,,1.7115384615384615,0.445,2.0,,,0.885
2301,708,6,5.0,678329,1019555,3,0.4066666666666667,,,1.885135135135135,0.465,2.0,,,0.8133333333333334
2302,708,6,7.1,678329,1019555,1,0.605,,,2.0632911392405062,0.815,2.0,,,1.21
2303,708,6,10.2,678329,1019555,1,0.525,,,1.903225806451613,0.59,2.0,,,1.05
2304,708,6,14.6,678329,1019555,3,0.4133333333333333,,,1.7692307692307692,0.4216666666666667,2.0,,,0.8266666666666667
2305,708,6,20.9,678329,1019555,5,0.5189999999999999,,,1.9630769230769232,0.638,2.003853564547206,,,1.04
2306,708,6,29.9,678329,1019555,3,0.5216666666666666,,,2.0753768844221105,0.6883333333333334,2.0063897763578273,,,1.0466666666666666
2307,708,6,42.7,678329,1019555,2,0.395,,,1.81,0.4525,2.0063291139240507,,,0.7925
2308,708,6,61.0,678329,1019555,4,0.48124999999999996,,,1.8865546218487395,0.56125,2.0,,,0.9625
2309,708,6,87.4,678329,1019555,5,0.438,,,1.8387096774193548,0.513,2.0,,,0.876
2310,708,6,125.0,678329,1019555,4,0.495,,,1.9206349206349207,0.605,2.0,,,0.99
2311,101,4,5.0,721196,7599214,3,0.6066666666666666,,,1.8868778280542986,0.695,2.0027472527472527,,,1.215
2312,101,4,7.1,721196,7599214,5,0.5189999999999999,,,1.889261744966443,0.563,2.005780346820809,,,1.041
2313,101,4,10.2,721196,7599214,3,0.5733333333333334,,,1.9330143540669857,0.6733333333333333,2.002906976744186,,,1.1483333333333334
2314,101,4,14.6,721196,7599214,2,0.6499999999999999,,,1.9019607843137254,0.7275,2.003846153846154,,,1.3025
2315,101,4,20.9,721196,7599214,6,0.535,,,1.8826530612244898,0.615,2.001557632398754,,,1.0708333333333333
2316,101,4,29.9,721196,7599214,5,0.5189999999999999,0.43125,0.6176250000000001,1.8742331288343559,0.611,2.0,2.0,2.0,1.038
2317,101,4,42.7,721196,7599214,5,0.558,,,1.8929577464788732,0.672,2.0053763440860215,,,1.119
2318,101,4,61.0,721196,7599214,3,0.5716666666666667,,,2.0494505494505493,0.6216666666666667,2.0058309037900877,,,1.1466666666666667
2319,101,4,87.4,721196,7599214,2,0.5549999999999999,,,1.6747967479674797,0.515,2.0,,,1.11
2320,101,4,125.0,721196,7599214,1,0.33,,,1.8,0.36,2.0,,,0.66
2321,116,3,5.0,875891,7017791,3,0.4183333333333333,,,1.7337662337662338,0.445,2.0,,,0.8366666666666667
2322,116,3,7.1,875891,7017791,4,0.40249999999999997,,,1.806930693069307,0.45625,2.0062111801242235,,,0.8075
2324,116,3,14.6,875891,7017791,4,0.48,,,1.8539823008849559,0.52375,2.0052083333333335,,,0.9625
2325,116,3,20.9,875891,7017791,8,0.52125,0.424890625,0.6205729166666668,1.851380042462845,0.545,2.002398081534772,2.0,2.0052108711701737,1.04375
2326,116,3,29.9,875891,7017791,5,0.54,,,1.966360856269113,0.643,2.009259259259259,,,1.085
2327,116,3,42.7,875891,7017791,4,0.49750000000000005,,,1.751054852320675,0.51875,2.0025125628140703,,,0.99625
2328,116,3,61.0,875891,7017791,2,0.33999999999999997,,,1.7922077922077921,0.345,2.0,,,0.68
2329,116,3,87.4,875891,7017791,5,0.47300000000000003,0.31625,0.6035,1.748299319727891,0.514,2.0021141649048624,2.0,2.007114109848485,0.947
2330,116,3,125.0,875891,7017791,6,0.41916666666666663,0.32184062499999994,0.5172142857142857,1.7878787878787878,0.4425,2.0019880715705765,2.0,2.004385964912281,0.8391666666666666
2331,379,5,5.0,610314,7355052,4,0.4575,,,1.8235294117647058,0.5425,2.0054644808743167,,,0.9175
2332,379,5,7.1,610314,7355052,4,0.43624999999999997,,,1.8557692307692308,0.4825,2.002865329512894,,,0.87375
2333,379,5,10.2,610314,7355052,4,0.44375000000000003,,,1.8571428571428572,0.52,2.0,,,0.8875
2334,379,5,14.6,610314,7355052,4,0.5800000000000001,,,2.0,0.6875,2.002155172413793,,,1.16125
2335,379,5,20.9,610314,7355052,4,0.5325,,,1.8372093023255813,0.5925,2.0023474178403755,,,1.06625
2336,379,5,29.9,610314,7355052,4,0.6124999999999999,,,1.9769736842105263,0.75125,2.0040816326530613,,,1.2275
2337,379,5,42.7,610314,7355052,4,0.37625,,,1.8532608695652173,0.42625,2.0,,,0.7525
2338,379,5,61.0,610314,7355052,4,0.45875,,,1.961352657004831,0.5075,2.002724795640327,,,0.91875
2339,379,5,87.4,610314,7355052,4,0.49,,,1.9322033898305084,0.57,2.0,,,0.98
2340,379,5,125.0,610314,7355052,4,0.475,,,1.912280701754386,0.545,2.0052631578947366,,,0.9525
2341,138,8,5.0,1171787,7528049,3,0.5750000000000001,,,1.916256157635468,0.6483333333333333,2.008695652173913,,,1.155
2342,138,8,7.1,1171787,7528049,2,0.4825,,,1.9478260869565218,0.56,2.005181347150259,,,0.9675
2343,138,8,10.2,1171787,7528049,5,0.42799999999999994,,,1.8932806324110671,0.479,2.0023364485981308,,,0.857
2344,138,8,14.6,1171787,7528049,4,0.475,,,1.9351851851851851,0.5225,2.0026315789473683,,,0.95125
2345,138,8,20.9,1171787,7528049,6,0.43583333333333335,,,1.8328267477203648,0.5025,2.0019120458891013,,,0.8725
2346,138,8,29.9,1171787,7528049,5,0.5389999999999999,0.49496875,0.585,1.9753086419753085,0.64,2.0037105751391464,2.0,2.008165483584738,1.08
2347,138,8,42.7,1171787,7528049,2,0.565,,,2.126984126984127,0.67,2.0088495575221237,,,1.135
2348,138,8,61.0,1171787,7528049,4,0.42500000000000004,,,1.9672897196261683,0.52625,2.0029411764705882,,,0.85125
2349,138,8,87.4,1171787,7528049,3,0.5566666666666666,,,1.946524064171123,0.6066666666666667,2.0,,,1.1133333333333333
2350,138,8,125.0,1171787,7528049,3,0.5633333333333334,,,1.8211009174311927,0.6616666666666666,2.0,,,1.1266666666666667
2351,812,2,5.0,1165666,4518912,5,0.616,0.53,0.7088437500000001,2.3619489559164735,1.018,2.0892857142857144,2.0730382942650745,2.110443579992452,1.287
2352,812,2,7.1,1165666,4518912,3,0.7733333333333334,,,2.0633333333333335,1.0316666666666667,2.0775862068965516,,,1.6066666666666667
2353,812,2,10.2,1165666,4518912,5,0.649,,,1.7921760391198045,0.733,2.0400616332819723,,,1.324
2354,812,2,14.6,1165666,4518912,3,0.6533333333333334,,,1.7466666666666666,0.655,2.0331632653061225,,,1.3283333333333334
2355,812,2,20.9,1165666,4518912,1,0.6,,,1.7857142857142858,0.625,2.025,,,1.215
2356,812,2,29.9,1165666,4518912,4,0.48375,,,1.5752895752895753,0.51,2.0103359173126614,,,0.9725
2357,812,2,42.7,1165666,4518912,4,0.5662499999999999,,,1.55956678700361,0.54,2.006622516556291,,,1.13625
2358,812,2,61.0,1165666,4518912,5,0.643,0.515,0.7429375,1.6220472440944882,0.618,2.0093312597200623,2.0,2.0194310252281267,1.292
2359,812,2,87.4,1165666,4518912,2,0.7275,,,1.7865853658536586,0.7325,2.0171821305841924,,,1.4675
2360,812,2,125.0,1165666,4518912,5,0.612,0.48153571428571423,0.7424999999999999,1.6223564954682779,0.537,2.0065359477124183,2.0,2.011709709511434,1.228
2361,861,5,5.0,931901,5044129,4,0.45375,0.355,0.665,1.8934426229508197,0.5775,2.0,2.0,2.0,0.9075
2362,861,5,7.1,931901,5044129,4,0.44625000000000004,,,1.8888888888888888,0.48875,2.0,,,0.8925
2363,861,5,10.2,931901,5044129,3,0.5233333333333333,,,2.0164835164835164,0.6116666666666667,2.0031847133757963,,,1.0483333333333333
2364,861,5,14.6,931901,5044129,5,0.39,,,1.8504273504273505,0.433,2.005128205128205,,,0.782
2365,861,5,20.9,931901,5044129,5,0.42000000000000004,0.3375,0.48145535714285714,1.7701149425287357,0.462,2.0023809523809524,2.0,2.006734006734007,0.841
2366,861,5,29.9,931901,5044129,9,0.43944444444444447,0.3565416666666667,0.5166741071428573,1.9252136752136753,0.5005555555555555,2.0037926675094817,2.0,2.0086372665547914,0.8805555555555555
2367,861,5,42.7,931901,5044129,4,0.395,,,1.806930693069307,0.45625,2.0031645569620253,,,0.79125
2368,861,5,61.0,931901,5044129,1,0.395,,,1.7872340425531914,0.42,2.0,,,0.79
2369,861,5,87.4,931901,5044129,2,0.49,,,1.7583333333333333,0.5275,2.0051020408163267,,,0.9825
2370,861,5,125.0,931901,5044129,5,0.495,,,1.9028776978417266,0.529,2.002020202020202,,,0.991
2371,523,3,5.0,87049,6051201,3,0.71,,,2.0108303249097474,0.9283333333333333,2.007042253521127,,,1.425
2372,523,3,7.1,87049,6051201,4,0.53375,,,1.8162544169611308,0.6425,2.0070257611241216,,,1.07125
2373,523,3,10.2,87049,6051201,3,0.5266666666666666,,,1.8642533936651584,0.6866666666666666,2.0126582278481013,,,1.06
2374,523,3,14.6,87049,6051201,7,0.4414285714285714,0.334875,0.5352142857142856,1.758139534883721,0.54,2.0080906148867315,2.0,2.0155038759689923,0.8864285714285715
2375,523,3,20.9,87049,6051201,2,0.41500000000000004,,,1.6261682242990654,0.435,2.0,,,0.83
2376,523,3,29.9,87049,6051201,1,0.285,,,1.90625,0.305,2.017543859649123,,,0.575
2377,523,3,42.7,87049,6051201,5,0.404,0.2625,0.5016666666666666,1.7448559670781894,0.424,2.0024752475247523,2.0,2.004437069813176,0.809
2378,523,3,61.0,87049,6051201,4,0.53375,,,1.8577075098814229,0.5875,2.002341920374707,,,1.06875
2379,523,3,87.4,87049,6051201,5,0.495,,,1.860248447204969,0.599,2.006060606060606,,,0.993
2380,523,3,125.0,87049,6051201,3,0.46,,,1.8614457831325302,0.515,2.0072463768115942,,,0.9233333333333333
2381,629,6,5.0,380820,2391488,4,0.42625,,,1.8160377358490567,0.48125,2.0,,,0.8525
2382,629,6,7.1,380820,2391488,5,0.329,,,1.827906976744186,0.393,2.0091185410334345,,,0.661
2383,629,6,10.2,380820,2391488,3,0.39666666666666667,,,1.905109489051095,0.435,2.0,,,0.7933333333333333
2384,629,6,14.6,380820,2391488,5,0.46699999999999997,,,1.9022556390977443,0.506,2.0,,,0.934
2385,629,6,20.9,380820,2391488,4,0.57125,,,1.9479553903345725,0.655,2.0,,,1.1425
2386,629,6,29.9,380820,2391488,2,0.275,,,1.8253968253968254,0.2875,2.0,,,0.55
2387,629,6,42.7,380820,2391488,5,0.4760000000000001,,,1.9473684210526316,0.555,2.0021008403361344,,,0.953
2388,629,6,61.0,380820,2391488,4,0.43,,,1.8272727272727274,0.5025,2.002906976744186,,,0.86125
2389,629,6,87.4,380820,2391488,4,0.42125,,,1.8956043956043955,0.43125,2.0,,,0.8425
2390,629,6,125.0,380820,2391488,7,0.5342857142857144,0.4265999999999999,0.6350357142857143,1.9556962025316456,0.6621428571428571,2.0,2.0,2.0,1.0685714285714285
2391,96,4,5.0,594459,4227296,3,0.64,,,1.943089430894309,0.7966666666666666,2.0026041666666665,,,1.2816666666666667
2392,96,4,7.1,594459,4227296,5,0.45,0.28990625000000003,0.5868437500000001,1.7678571428571428,0.495,2.0044444444444443,2.0,2.0136590909090906,0.902
2393,96,4,10.2,594459,4227296,2,0.47250000000000003,,,1.9411764705882353,0.5775,2.0105820105820107,,,0.95
2394,96,4,14.6,594459,4227296,3,0.4583333333333333,,,1.81437125748503,0.505,2.0,,,0.9166666666666666
2395,96,4,20.9,594459,4227296,3,0.5449999999999999,,,1.9417989417989419,0.6116666666666667,2.00611620795107,,,1.0933333333333333
2396,96,4,29.9,594459,4227296,5,0.544,,,1.874251497005988,0.626,2.0018382352941178,,,1.089
2397,96,4,42.7,594459,4227296,5,0.5589999999999999,,,1.8668639053254439,0.631,2.005366726296959,,,1.121
2398,96,4,61.0,594459,4227296,3,0.6016666666666666,,,1.9295774647887325,0.685,2.0166204986149583,,,1.2133333333333334
2399,96,4,87.4,594459,4227296,3,0.535,,,1.8585365853658538,0.635,2.0093457943925235,,,1.075
2400,96,4,125.0,594459,4227296,7,0.5057142857142857,,,1.8424821002386635,0.5514285714285714,2.0028248587570623,,,1.012857142857143
2401,771,5,5.0,276448,724741,5,0.46399999999999997,,,1.896797153024911,0.533,2.002155172413793,,,0.929
2402,771,5,7.1,276448,724741,3,0.5483333333333333,,,1.9205607476635513,0.685,2.0,,,1.0966666666666667
2403,771,5,10.2,276448,724741,5,0.5269999999999999,,,1.8488745980707395,0.575,2.001897533206831,,,1.055
2404,771,5,14.6,276448,724741,6,0.5241666666666666,0.381,0.65805,1.9100257069408741,0.6191666666666666,2.0031796502384736,2.0,2.0077698863636364,1.05
2405,771,5,20.9,276448,724741,4,0.4325,,,1.9504504504504505,0.54125,2.0,,,0.865
2406,771,5,29.9,276448,724741,2,0.3225,,,1.744186046511628,0.375,2.0,,,0.645
2407,771,5,42.7,276448,724741,1,0.66,,,1.9620253164556962,0.775,2.015151515151515,,,1.33
2408,771,5,61.0,276448,724741,1,0.35,,,1.7209302325581395,0.37,2.0,,,0.7
2409,771,5,87.4,276448,724741,3,0.43166666666666664,,,1.9154929577464788,0.4533333333333333,2.0,,,0.8633333333333333
2410,771,5,125.0,276448,724741,2,0.3625,,,1.8735632183908046,0.4075,2.0,,,0.725
2411,605,5,5.0,400588,1176586,2,0.41500000000000004,,,1.8020833333333333,0.4325,2.0,,,0.83
2412,605,5,7.1,400588,1176586,4,0.43499999999999994,,,1.8205128205128205,0.44375,2.0028735632183907,,,0.87125
2413,605,5,10.2,400588,1176586,3,0.47,,,1.9375,0.5683333333333334,2.00354609929078,,,0.9416666666666667
2414,605,5,14.6,400588,1176586,3,0.45166666666666666,,,1.9617834394904459,0.5133333333333333,2.0,,,0.9033333333333333
2415,605,5,20.9,400588,1176586,3,0.525,,,1.8019323671497585,0.6216666666666667,2.003174603174603,,,1.0516666666666667
2416,605,5,29.9,400588,1176586,5,0.43699999999999994,,,1.8736059479553904,0.504,2.002288329519451,,,0.875
2417,605,5,42.7,400588,1176586,3,0.5083333333333333,,,1.9193548387096775,0.595,2.0,,,1.0166666666666666
2418,605,5,61.0,400588,1176586,6,0.3875,,,1.9563758389261745,0.48583333333333334,2.0064516129032257,,,0.7775
2419,605,5,87.4,400588,1176586,5,0.4959999999999999,0.34995833333333337,0.6376625,1.8698412698412699,0.589,2.0,2.0,2.0,0.992
2420,605,5,125.0,400588,1176586,5,0.5820000000000001,0.49,0.6622833333333334,1.8398876404494382,0.655,2.0051546391752577,2.0,2.00964898741747,1.167
2421,387,4,5.0,863832,2127595,1,0.515,,,1.8095238095238095,0.57,2.0,,,1.03
2422,387,4,7.1,863832,2127595,4,0.38625,,,1.8681318681318682,0.425,2.0,,,0.7725
2423,387,4,10.2,863832,2127595,7,0.4907142857142857,0.3198888888888889,0.6138169642857143,1.9106699751861043,0.55,2.0014556040756912,2.0,2.0032851690294438,0.9821428571428571
2424,387,4,14.6,863832,2127595,3,0.5933333333333333,,,1.968609865470852,0.7316666666666667,2.008426966292135,,,1.1916666666666667
2425,387,4,20.9,863832,2127595,3,0.535,,,1.9141414141414141,0.6316666666666667,2.0062305295950154,,,1.0733333333333333
2426,387,4,29.9,863832,2127595,7,0.4885714285714286,0.4278482142857143,0.5366805555555556,1.9509803921568627,0.5685714285714286,2.004385964912281,2.0,2.010761904761905,0.9792857142857143
2427,387,4,42.7,863832,2127595,4,0.505,,,1.9260869565217391,0.55375,2.004950495049505,,,1.0125
2428,387,4,61.0,863832,2127595,2,0.5625,,,1.9248120300751879,0.64,2.0044444444444443,,,1.1275
2429,387,4,87.4,863832,2127595,7,0.5285714285714286,0.43497500000000006,0.60505,1.9041394335511983,0.6242857142857143,2.0013513513513512,2.0,2.003118530020704,1.0578571428571428
2430,387,4,125.0,863832,2127595,2,0.63,,,2.0652173913043477,0.7125,2.003968253968254,,,1.2625
2431,485,6,5.0,850807,295537,5,0.438,,,1.9097744360902256,0.508,2.002283105022831,,,0.877
2432,485,6,7.1,850807,295537,2,0.605,,,1.8881118881118881,0.675,2.008264462809917,,,1.2149999999999999
2433,485,6,10.2,850807,295537,2,0.4675,,,1.9245283018867925,0.51,2.016042780748663,,,0.9425
2434,485,6,14.6,850807,295537,2,0.4425,,,1.6421052631578947,0.39,2.0,,,0.885
2435,485,6,20.9,850807,295537,7,0.5285714285714286,0.43899374999999996,0.59509375,1.95662100456621,0.6121428571428571,2.0054054054054054,2.0,2.0101698184359478,1.06
2436,485,6,29.9,850807,295537,4,0.47250000000000003,,,1.9090909090909092,0.5775,2.007936507936508,,,0.94875
2437,485,6,42.7,850807,295537,3,0.375,,,1.904,0.39666666666666667,2.0044444444444443,,,0.7516666666666667
2438,485,6,61.0,850807,295537,5,0.434,,,1.926923076923077,0.501,2.0046082949308754,,,0.87
2439,485,6,87.4,850807,295537,5,0.585,,,1.9162011173184357,0.686,2.0017094017094017,,,1.171
2440,485,6,125.0,850807,295537,2,0.4775,,,1.9916666666666667,0.5975,2.005235602094241,,,0.9575
2441,414,4,5.0,771964,7743600,7,0.455,0.3327678571428571,0.5587121212121212,1.7984886649874054,0.51,2.0062794348508635,2.0,2.010123216617992,0.9128571428571428
2442,414,4,7.1,771964,7743600,8,0.48187500000000005,0.37909107142857146,0.6025069444444445,1.9216494845360825,0.5825,2.007782101167315,2.0,2.0179288871607532,0.9675
2443,414,4,10.2,771964,7743600,3,0.43500000000000005,,,1.9230769230769231,0.5416666666666666,2.003831417624521,,,0.8716666666666667
2444,414,4,14.6,771964,7743600,3,0.5883333333333334,,,1.835680751173709,0.6516666666666666,2.002832861189802,,,1.1783333333333332
2445,414,4,20.9,771964,7743600,5,0.479,,,1.8597785977859778,0.504,2.010438413361169,,,0.963
2446,414,4,29.9,771964,7743600,4,0.38125,,,1.946808510638298,0.4575,2.0065573770491802,,,0.765
2447,414,4,42.7,771964,7743600,4,0.3875,,,1.905027932960894,0.42625,2.003225806451613,,,0.77625
2448,414,4,61.0,771964,7743600,3,0.44,,,1.81437125748503,0.505,2.0,,,0.88
2449,414,4,87.4,771964,7743600,5,0.5289999999999999,,,1.8549848942598188,0.614,2.003780718336484,,,1.06
2450,414,4,125.0,771964,7743600,9,0.4805555555555557,0.39903863636363635,0.5522392857142857,1.8830188679245283,0.5544444444444444,2.0034682080924857,2.0,2.006750548353899,0.9627777777777777
2451,288,8,5.0,455990,4214430,5,0.502,,,1.825242718446602,0.564,2.0,,,1.004
2452,288,8,7.1,455990,4214430,4,0.505,,,1.8288973384030418,0.60125,2.007425742574257,,,1.01375
2453,288,8,10.2,455990,4214430,5,0.44000000000000006,0.3820625,0.52009375,1.896153846153846,0.493,2.0,2.0,2.0,0.88
2454,288,8,14.6,455990,4214430,5,0.36900000000000005,,,1.8898678414096917,0.429,2.002710027100271,,,0.739
2455,288,8,20.9,455990,4214430,2,0.5349999999999999,,,1.975206611570248,0.5975,2.0,,,1.07
2456,288,8,29.9,455990,4214430,5,0.515,,,1.9211469534050178,0.536,2.0,,,1.03
2457,288,8,42.7,455990,4214430,4,0.49999999999999994,,,1.9122137404580153,0.62625,2.0,,,1.0
2458,288,8,61.0,455990,4214430,5,0.45,,,1.853658536585366,0.532,2.0,,,0.9
2459,288,8,87.4,455990,4214430,6,0.5216666666666666,,,1.8992248062015504,0.6125,2.0031948881789137,,,1.045
2460,288,8,125.0,455990,4214430,4,0.35125,0.24,0.40166666666666667,1.7808988764044944,0.39625,2.00355871886121,2.0,2.012987012987013,0.70375
2461,281,4,5.0,164553,7278692,2,0.3225,,,1.8409090909090908,0.405,2.007751937984496,,,0.6475
2462,281,4,7.1,164553,7278692,4,0.32625,,,1.6559139784946237,0.385,2.0114942528735633,,,0.65625
2463,281,4,10.2,164553,7278692,5,0.46799999999999997,,,1.8675078864353312,0.592,2.0,,,0.936
2464,281,4,14.6,164553,7278692,4,0.48750000000000004,,,1.8916666666666666,0.5675,2.005128205128205,,,0.9775
2465,281,4,20.9,164553,7278692,2,0.4075,,,1.841121495327103,0.4925,2.0061349693251533,,,0.8175
2466,281,4,29.9,164553,7278692,4,0.4,,,1.8240740740740742,0.4925,2.0,,,0.8
2467,281,4,42.7,164553,7278692,5,0.43,,,1.7912087912087913,0.489,2.0069767441860464,,,0.863
2468,281,4,61.0,164553,7278692,6,0.39916666666666667,0.3331183035714286,0.4760000000000001,1.7849462365591398,0.415,2.0041753653444676,2.0,2.0112266355140185,0.8
2469,281,4,87.4,164553,7278692,1,0.28,,,1.903225806451613,0.295,2.0,,,0.56
2470,281,4,125.0,164553,7278692,8,0.514375,0.41114375000000003,0.6012812500000001,1.8482490272373542,0.59375,2.0048602673147022,2.0015330065869983,2.0077978918398776,1.03125
2471,445,4,5.0,95834,3926454,5,0.479,,,1.7689969604863223,0.582,2.0,,,0.958
2472,445,4,7.1,95834,3926454,2,0.4525,,,1.9180327868852458,0.585,2.005524861878453,,,0.9075
2473,445,4,10.2,95834,3926454,2,0.4425,,,1.7256637168141593,0.4875,2.0,,,0.885
2474,445,4,14.6,95834,3926454,4,0.45375,,,1.8127659574468085,0.5325,2.0,,,0.9075
2475,445,4,20.9,95834,3926454,5,0.497,0.3647083333333334,0.5900000000000001,1.9310344827586208,0.616,2.006036217303823,2.0,2.0131655092592595,0.997
2476,445,4,29.9,95834,3926454,5,0.48600000000000004,0.36750000000000005,0.6012500000000001,1.881188118811881,0.57,2.0041152263374484,2.0,2.008722955974843,0.974
2477,445,4,42.7,95834,3926454,3,0.5399999999999999,,,1.894736842105263,0.66,2.003086419753086,,,1.0816666666666668
2478,445,4,61.0,95834,3926454,6,0.4275,,,2.0,0.5316666666666666,2.0019493177387915,,,0.8558333333333333
2479,445,4,87.4,95834,3926454,5,0.402,,,1.8857142857142857,0.462,2.0,,,0.804
2481,306,6,5.0,848302,7005107,5,0.55,0.507925,0.60875,2.1374269005847952,0.731,2.001818181818182,2.0,2.00605,1.101
2482,306,6,7.1,848302,7005107,4,0.635,,,1.9047619047619047,0.75,2.0078740157480315,,,1.275
2483,306,6,10.2,848302,7005107,4,0.4125,,,1.861904761904762,0.48875,2.003030303030303,,,0.82625
2484,306,6,14.6,848302,7005107,4,0.5337500000000001,,,1.803088803088803,0.58375,2.0046838407494145,,,1.07
2485,306,6,20.9,848302,7005107,4,0.37,,,1.8524590163934427,0.42375,2.010135135135135,,,0.74375
2486,306,6,29.9,848302,7005107,3,0.38999999999999996,,,1.8344370860927153,0.46166666666666667,2.0,,,0.78
2487,306,6,42.7,848302,7005107,6,0.4591666666666667,,,1.8421052631578947,0.525,2.0,,,0.9183333333333333
2488,306,6,61.0,848302,7005107,3,0.5416666666666666,,,1.9698492462311559,0.6533333333333333,2.0,,,1.0833333333333333
2489,306,6,87.4,848302,7005107,4,0.5,,,1.8811475409836065,0.57375,2.0,,,1.0
2490,306,6,125.0,848302,7005107,5,0.4640000000000001,0.36,0.5604166666666668,1.96415770609319,0.548,2.0043103448275863,2.0,2.0105,0.93
2491,649,5,5.0,548096,267648,3,0.44333333333333336,,,1.7116564417177915,0.465,2.0,,,0.8866666666666667
2492,649,5,7.1,548096,267648,2,0.5825,,,2.0522388059701493,0.6875,2.0,,,1.165
2493,649,5,10.2,548096,267648,2,0.38,,,1.7263157894736842,0.41,2.0,,,0.76
2494,649,5,14.6,548096,267648,4,0.61,,,1.966996699669967,0.745,2.002049180327869,,,1.22125
2495,649,5,20.9,548096,267648,8,0.42000000000000004,0.35161250000000005,0.48418750000000005,1.8585858585858586,0.46,2.0014880952380953,2.0,2.003826530612245,0.840625
2496,649,5,29.9,548096,267648,6,0.5608333333333333,0.45743750000000005,0.65003125,1.8781725888324874,0.6166666666666667,2.0044576523031203,2.0,2.0120120120120117,1.1241666666666668
2497,649,5,42.7,548096,267648,6,0.5308333333333334,0.38214583333333335,0.6417499999999999,1.8783783783783783,0.5791666666666667,2.0031397174254315,2.0,2.0072538966365876,1.0633333333333332
2498,649,5,61.0,548096,267648,6,0.4616666666666666,,,1.8846153846153846,0.5308333333333334,2.0054151624548737,,,0.9258333333333333
2499,649,5,87.4,548096,267648,2,0.3075,,,1.7432432432432432,0.3225,2.0,,,0.615
2500,649,5,125.0,548096,267648,3,0.5016666666666666,,,1.825,0.6083333333333333,2.0,,,1.0033333333333334
