Metric,Value
n,500.0
mean,0.7010045407536157
std,0.4161355695566675
skewness,-0.8893119794855084
excess kurtosis,-1.0289899646318739
fraction == 0,0.15
fraction == 1,0.572
"fraction in (0,1)",0.278
Shapiro-Wilk W,0.670525123952449
Shapiro-Wilk p-value,5.3843162224007035e-30
KS D (vs. standard normal),0.3357769961158789
KS p-value,8.945658063864782e-51
Beta fit alpha (interior),0.6494082835266751
Beta fit beta (interior),0.7723900172949523
