config_id,P_ij,B_ij,P_status_ij,Dbar_plus_ij,revenue_share_mean,stale_block_rate_mean,n_rounds,n_success,n_status_success,system_config_id,validator_count,node_degree,bandwidth,block_creation_interval,max_block_size,attacker_config_id,attack_strategy,attacker_hash_power,tie_breaking_parameter
10111,0.35,1.9,0.55,2.0,0.29768849206349207,0.005090762154512155,200,70,110,102,104,4,7.1,637257,4082743,11,selfish,0.3777435584279705,0.3053722478730439
100404,0.215,1.8604651162790697,0.335,2.0,0.1577196275946276,0.0046874000999001,200,43,67,1005,720,4,20.9,218275,4426223,4,selfish,0.2627648343443758,0.7190241322679278
100574,0.45,1.8777777777777778,0.685,2.0072992700729926,0.4047559523809523,0.005653392857142855,200,90,137,1006,720,4,29.9,218275,4426223,74,selfish,0.4831039344913304,0.9827660363748432
100891,0.37,1.8513513513513513,0.59,2.0,0.33611904761904765,0.0052932615995116,200,74,118,1009,720,4,87.4,218275,4426223,91,selfish,0.3969614753991711,0.3291381696463736
101522,0.22,1.8409090909090908,0.315,2.0,0.1509330808080808,0.004099519900389462,200,44,63,1016,887,5,29.9,554442,3210555,22,selfish,0.24260325729568,0.2220357375157741
102061,0.28,1.6428571428571428,0.405,2.0,0.19880844155844157,0.005307748917748916,200,56,81,1021,741,5,5.0,427985,6135317,61,selfish,0.3070497535774244,0.9179940122389904
101737,0.415,1.9518072289156627,0.705,2.0,0.3530198412698414,0.0050794859307359275,200,83,141,1018,887,5,61.0,554442,3210555,37,selfish,0.469568977189866,0.9743873423433428
101955,0.345,2.0144927536231885,0.48,2.0104166666666665,0.24282738095238096,0.004615307652873441,200,69,96,1020,887,5,125.0,554442,3210555,55,selfish,0.3277016708096898,0.5663965080474668
102310,0.38,2.0789473684210527,0.645,2.0,0.36069047619047623,0.005693829365079364,200,76,129,1024,741,5,14.6,427985,6135317,10,selfish,0.4737946714611262,0.5224738795684104
103093,0.275,1.7636363636363637,0.41,2.0,0.2077063492063492,0.005135507172565997,200,55,82,1031,429,4,5.0,543574,3645522,93,selfish,0.2779592827386458,0.3345825728904498
103198,0.175,1.7428571428571429,0.29,2.0,0.1057391774891775,0.003908952480268266,200,35,58,1032,429,4,7.1,543574,3645522,98,selfish,0.21729239263723,0.8840829656528192
10375,0.205,1.6829268292682926,0.38,2.0,0.15508380018674137,0.0038219598429892533,200,41,76,104,104,4,14.6,637257,4082743,75,selfish,0.2525545317138812,0.4401811270174162
103703,0.26,1.8653846153846154,0.54,2.009259259259259,0.23800829725829722,0.004699509379509379,200,52,108,1038,429,4,61.0,543574,3645522,3,selfish,0.405342196225377,0.1209354681890304
103433,0.17,1.7941176470588236,0.315,2.0,0.13000703463203464,0.004278549963108787,200,34,63,1035,429,4,20.9,543574,3645522,33,selfish,0.2594311744995365,0.5379384620687854
102822,0.225,1.711111111111111,0.32,2.015625,0.15300487012987016,0.004251977091535915,200,45,64,1029,741,5,87.4,427985,6135317,22,selfish,0.24260325729568,0.2220357375157741
104082,0.24,1.5625,0.39,2.0,0.19247619047619044,0.004840641392920803,200,48,78,1041,900,6,5.0,1105037,4657678,82,selfish,0.3128186843462212,0.0598593952629424
104128,0.43,2.011627906976744,0.645,2.0,0.37719047619047624,0.005599469696969692,200,86,129,1042,900,6,7.1,1105037,4657678,28,selfish,0.4304538627565802,0.2618674911675315
104320,0.195,1.7179487179487178,0.32,2.0,0.1287470760233918,0.003742660205291786,200,39,64,1044,900,6,14.6,1105037,4657678,20,selfish,0.2461140406262255,0.1374999707243197
104560,0.27,1.9259259259259258,0.41,2.0,0.21352716727716725,0.004592328851703853,200,54,82,1046,900,6,29.9,1105037,4657678,60,selfish,0.2892063661005389,0.2123889347471068
105010,0.41,1.829268292682927,0.635,2.0078740157480315,0.3695595238095237,0.005467499999999998,200,82,127,1051,423,3,5.0,956458,1985502,10,selfish,0.4737946714611262,0.5224738795684104
105258,0.32,2.015625,0.485,2.0,0.2730039682539682,0.004738490814740814,200,64,97,1053,423,3,10.2,956458,1985502,58,selfish,0.3409275648695138,0.932574439505853
105328,0.365,1.821917808219178,0.62,2.0,0.33274801587301595,0.005308203781512605,200,73,124,1054,423,3,14.6,956458,1985502,28,selfish,0.4304538627565802,0.2618674911675315
105689,0.19,1.8157894736842106,0.335,2.0,0.10643985154279272,0.0036179079630635196,200,38,67,1057,423,3,42.7,956458,1985502,89,selfish,0.2129379249701362,0.6944582199785999
104739,0.365,1.643835616438356,0.64,2.0,0.34954365079365085,0.005471150793650792,200,73,128,1048,900,6,61.0,1105037,4657678,39,selfish,0.4790241755215713,0.6177321915239017
104638,0.325,2.0615384615384613,0.455,2.0,0.26127579365079373,0.004716791125541126,200,65,91,1047,900,6,42.7,1105037,4657678,38,selfish,0.3509947337216052,0.8424701912520188
10657,0.17,1.7647058823529411,0.27,2.0,0.10606308887191242,0.004387941029558674,200,34,54,107,104,4,42.7,637257,4082743,57,selfish,0.2281547978409189,0.2464978385902064
106061,0.26,1.6923076923076923,0.385,2.0,0.19996266233766233,0.004795764790764789,200,52,77,1061,869,3,5.0,1071557,2325030,61,selfish,0.3070497535774244,0.9179940122389904
106394,0.265,1.6415094339622642,0.425,2.0,0.19676082251082247,0.004262866161616163,200,53,85,1064,869,3,14.6,1071557,2325030,94,selfish,0.2857700497959219,0.1163714164083326
106401,0.355,2.0,0.585,2.0085470085470085,0.2911271645021644,0.004772801781551781,200,71,117,1065,869,3,20.9,1071557,2325030,1,selfish,0.3857676334163057,0.2047082508361712
106907,0.42,1.8333333333333333,0.6,2.0083333333333333,0.3680555555555555,0.005730961399711401,200,84,120,1070,869,3,125.0,1071557,2325030,7,selfish,0.4657787213448116,0.0151426399118454
107403,0.33,1.7424242424242424,0.58,2.0,0.2985519480519481,0.0051085515873015895,200,66,116,1075,914,7,20.9,459582,798328,3,selfish,0.405342196225377,0.1209354681890304
107299,0.285,1.6666666666666667,0.49,2.0,0.1981144957983193,0.004422504668534081,200,57,98,1073,914,7,10.2,459582,798328,99,selfish,0.3227365905845993,0.0746241892293311
107569,0.15,1.7333333333333334,0.265,2.0,0.10206654456654457,0.0031137569059244267,200,30,53,1076,914,7,29.9,459582,798328,69,selfish,0.2070972729458678,0.2979198700199214
107630,0.095,1.6842105263157894,0.195,2.0,0.05600515660809779,0.0034147616096605847,200,19,39,1077,914,7,42.7,459582,798328,30,selfish,0.2039812783100412,0.857228363045134
108044,0.275,1.6545454545454545,0.385,2.0,0.18930952380952376,0.005859702380952379,200,55,77,1081,776,4,5.0,356555,4899302,44,selfish,0.3297294244236074,0.1851245903607699
108200,0.365,2.0547945205479454,0.57,2.0,0.31332738095238094,0.005337539682539679,200,73,114,1082,776,4,7.1,356555,4899302,100,selfish,0.4158727914731683,0.6511808318464773
108340,0.195,1.6923076923076923,0.31,2.0,0.12224603174603177,0.004778031413031413,200,39,62,1084,776,4,14.6,356555,4899302,40,selfish,0.2501126952506121,0.6454895199876196
109168,0.295,1.7457627118644068,0.515,2.0,0.2762584776334776,0.005192604617604615,200,59,103,1092,170,3,7.1,1079442,4649627,68,selfish,0.3706046305857265,0.4761663270697934
109461,0.245,1.8775510204081634,0.42,2.0,0.1761468253968254,0.004827973137973137,200,49,84,1095,170,3,20.9,1079442,4649627,61,selfish,0.3070497535774244,0.9179940122389904
109712,0.295,2.0847457627118646,0.575,2.008695652173913,0.26716666666666666,0.00512660714285714,200,59,115,1098,170,3,61.0,1079442,4649627,12,selfish,0.3985108847427614,0.9637929216712549
107969,0.155,1.6774193548387097,0.255,2.0,0.09236491183395207,0.0033452593983244127,200,31,51,1080,914,7,125.0,459582,798328,69,selfish,0.2070972729458678,0.2979198700199214
109809,0.245,1.8979591836734695,0.325,2.0153846153846153,0.17171584787761254,0.00410764031719914,200,49,65,1099,170,3,87.4,1079442,4649627,9,selfish,0.2331676534838964,0.9471927912224244
108958,0.265,2.0377358490566038,0.455,2.0,0.21665873015873008,0.00449698593073593,200,53,91,1090,776,4,125.0,356555,4899302,58,selfish,0.3409275648695138,0.932574439505853
110014,0.39,1.9487179487179487,0.635,2.0078740157480315,0.33263185425685426,0.0059085588023088,200,78,127,1101,199,6,5.0,330337,6019297,14,selfish,0.4312459512484686,0.5424263205795637
110115,0.24,1.875,0.35,2.0,0.18009126984126983,0.005352739898989897,200,48,70,1102,199,6,7.1,330337,6019297,15,selfish,0.28091147618982,0.9551352008768642
110336,0.29,1.793103448275862,0.54,2.0,0.2515979437229437,0.004804035547785549,200,58,108,1104,199,6,14.6,330337,6019297,36,selfish,0.3461077870164497,0.600169191961039
110261,0.26,1.7884615384615385,0.38,2.0,0.19036111111111112,0.005184441391941392,200,52,76,1103,199,6,10.2,330337,6019297,61,selfish,0.3070497535774244,0.9179940122389904
110802,0.21,1.6904761904761905,0.36,2.0,0.17068253968253969,0.004704895243645241,200,42,72,1109,199,6,87.4,330337,6019297,2,selfish,0.2959114945914544,0.9228509849216918
110511,0.25,1.72,0.48,2.0,0.21455555555555553,0.005249325396825396,200,50,96,1106,199,6,29.9,330337,6019297,11,selfish,0.3777435584279705,0.3053722478730439
110942,0.235,1.8936170212765957,0.37,2.0,0.1731563505938506,0.0041808017880812,200,47,74,1110,199,6,125.0,330337,6019297,42,selfish,0.2544637386172081,0.3417299389831262
112002,0.2,1.675,0.315,2.0,0.14941666666666667,0.005932305194805193,200,40,63,1121,297,4,5.0,510042,7802290,2,selfish,0.2959114945914544,0.9228509849216918
111188,0.425,1.8470588235294119,0.595,2.0,0.37562499999999993,0.007881309523809523,200,85,119,1112,569,6,7.1,132204,7633868,88,selfish,0.4229568538429628,0.8766829270547112
112106,0.405,1.7901234567901234,0.63,2.0,0.37485714285714294,0.006411096681096681,200,81,126,1122,297,4,7.1,510042,7802290,6,selfish,0.4911132375299709,0.252577974178488
111955,0.26,1.6923076923076923,0.485,2.020618556701031,0.2075128066378066,0.0047970302818096935,200,52,97,1120,569,6,125.0,132204,7633868,55,selfish,0.3277016708096898,0.5663965080474668
111760,0.215,1.8837209302325582,0.355,2.0,0.16274500499500497,0.004395523920523919,200,43,71,1118,569,6,61.0,132204,7633868,60,selfish,0.2892063661005389,0.2123889347471068
112214,0.325,1.8153846153846154,0.57,2.0,0.3161130952380953,0.005932361111111105,200,65,114,1123,297,4,10.2,510042,7802290,14,selfish,0.4312459512484686,0.5424263205795637
112469,0.185,1.7297297297297298,0.265,2.0,0.11737763625263624,0.003898239304555093,200,37,53,1125,297,4,20.9,510042,7802290,69,selfish,0.2070972729458678,0.2979198700199214
112839,0.405,1.7654320987654322,0.685,2.0072992700729926,0.3738769841269841,0.005225238095238092,200,81,137,1129,297,4,87.4,510042,7802290,39,selfish,0.4790241755215713,0.6177321915239017
112601,0.26,1.75,0.485,2.0,0.2337559523809524,0.004755572344322347,200,52,97,1127,297,4,42.7,510042,7802290,1,selfish,0.3857676334163057,0.2047082508361712
113040,0.2,1.75,0.335,2.0,0.1487896825396825,0.005375731074481072,200,40,67,1131,236,3,5.0,233308,2755253,40,selfish,0.2501126952506121,0.6454895199876196
113502,0.285,1.8771929824561404,0.42,2.0,0.21221049783549786,0.004778968808968807,200,57,84,1136,236,3,29.9,233308,2755253,2,selfish,0.2959114945914544,0.9228509849216918
113702,0.29,2.0517241379310347,0.455,2.0,0.2230180375180375,0.004457225829725829,200,58,91,1138,236,3,61.0,233308,2755253,2,selfish,0.2959114945914544,0.9228509849216918
113637,0.405,1.7407407407407407,0.66,2.0,0.376,0.0060785515873015864,200,81,132,1137,236,3,42.7,233308,2755253,37,selfish,0.469568977189866,0.9743873423433428
113984,0.35,1.9,0.595,2.008403361344538,0.31997329059829055,0.005412970085470084,200,70,119,1140,236,3,125.0,233308,2755253,84,selfish,0.4277086989642705,0.7484720574557526
114147,0.275,2.1272727272727274,0.55,2.0,0.25746374458874455,0.005590836940836941,200,55,110,1142,693,6,7.1,313310,3455741,47,selfish,0.4071129309119736,0.103198652756049
114762,0.235,1.9574468085106382,0.45,2.0,0.20588095238095236,0.004720195360195361,200,47,90,1148,693,6,61.0,313310,3455741,62,selfish,0.3350709844137344,0.6247506884808997
114268,0.295,1.9322033898305084,0.49,2.0,0.26977777777777784,0.005151807359307358,200,59,98,1143,693,6,10.2,313310,3455741,68,selfish,0.3706046305857265,0.4761663270697934
114488,0.31,1.8387096774193548,0.56,2.0089285714285716,0.2801607142857144,0.005386130952380951,200,62,112,1145,693,6,20.9,313310,3455741,88,selfish,0.4229568538429628,0.8766829270547112
115179,0.355,1.5352112676056338,0.65,2.0,0.3168630952380954,0.005627539682539681,200,71,130,1152,669,2,7.1,923356,530268,79,selfish,0.3642632456563252,0.6890479996878222
115317,0.415,1.6506024096385543,0.66,2.015151515151515,0.35469642857142863,0.005774047619047616,200,83,132,1154,669,2,14.6,923356,530268,17,selfish,0.4372556438030128,0.9067257327686692
115577,0.29,1.7241379310344827,0.475,2.0105263157894737,0.1978183275058275,0.004252984420550209,200,58,95,1156,669,2,29.9,923356,530268,77,selfish,0.2375482709814891,0.0892183280233827
11532,0.415,1.9879518072289157,0.675,2.0074074074074075,0.3462380952380951,0.004710436507936508,200,83,135,116,642,5,29.9,1074544,2702765,32,selfish,0.4495856593533723,0.6338235473212548
116891,0.26,1.8846153846153846,0.485,2.0103092783505154,0.21432936507936506,0.0057147817460317454,200,52,97,1169,448,3,87.4,111694,7118183,91,selfish,0.3969614753991711,0.3291381696463736
116185,0.425,1.8705882352941177,0.645,2.0,0.3679345238095238,0.007990714285714275,200,85,129,1162,448,3,7.1,111694,7118183,85,selfish,0.4024582743628092,0.7244830604083918
116955,0.27,1.7222222222222223,0.415,2.0,0.2214704184704185,0.005219968087468088,200,54,83,1170,448,3,125.0,111694,7118183,55,selfish,0.3277016708096898,0.5663965080474668
117002,0.28,1.75,0.45,2.011111111111111,0.2050459956709957,0.004581237373737373,200,56,90,1171,267,3,5.0,727643,6078227,2,selfish,0.2959114945914544,0.9228509849216918
117360,0.27,1.7592592592592593,0.46,2.0,0.19353589466089463,0.004600395923520923,200,54,92,1174,267,3,14.6,727643,6078227,60,selfish,0.2892063661005389,0.2123889347471068
117550,0.245,1.836734693877551,0.44,2.0,0.19649999999999998,0.004837740453990453,200,49,88,1176,267,3,29.9,727643,6078227,50,selfish,0.3349244931377773,0.5073741801149648
117238,0.255,1.6666666666666667,0.43,2.0,0.22675595238095245,0.0054678625541125505,200,51,86,1173,267,3,10.2,727643,6078227,38,selfish,0.3509947337216052,0.8424701912520188
117496,0.41,1.8658536585365855,0.675,2.0074074074074075,0.3808650793650794,0.00524547619047619,200,82,135,1175,267,3,20.9,727643,6078227,96,selfish,0.4626922801013836,0.4528896718855326
117663,0.355,1.9014084507042253,0.68,2.0,0.3265218253968254,0.0054464880952380945,200,71,136,1177,267,3,42.7,727643,6078227,63,selfish,0.4714045721788255,0.7667985672256883
117814,0.31,1.8870967741935485,0.58,2.0,0.28846969696969693,0.005183134226884224,200,62,116,1179,267,3,87.4,727643,6078227,14,selfish,0.4312459512484686,0.5424263205795637
118772,0.25,1.92,0.455,2.0,0.18168055555555554,0.00462484126984127,200,50,91,1188,928,4,61.0,604298,3884319,72,selfish,0.3156406422303758,0.3774553900605352
119047,0.315,1.9841269841269842,0.56,2.0089285714285716,0.279609126984127,0.005447797619047616,200,63,112,1191,766,7,5.0,798663,7949417,47,selfish,0.4071129309119736,0.103198652756049
119178,0.295,2.0,0.48,2.0104166666666665,0.2376904761904762,0.005212222222222224,200,59,96,1192,766,7,7.1,798663,7949417,78,selfish,0.3815618301396259,0.7050527606912402
119232,0.425,2.0470588235294116,0.64,2.0078125,0.3767862554112556,0.005157462121212121,200,85,128,1193,766,7,10.2,798663,7949417,32,selfish,0.4495856593533723,0.6338235473212548
119380,0.255,1.7647058823529411,0.375,2.0,0.18817352092352088,0.004752419733044733,200,51,75,1194,766,7,14.6,798663,7949417,80,selfish,0.2816906079992455,0.4111680330999803
119479,0.275,2.0,0.465,2.0,0.25369642857142854,0.0048476785714285705,200,55,93,1195,766,7,20.9,798663,7949417,79,selfish,0.3642632456563252,0.6890479996878222
120030,0.185,1.3513513513513513,0.325,2.0153846153846153,0.11111165223665222,0.006126587301587302,200,37,65,1201,86,2,5.0,300907,2913285,30,selfish,0.2039812783100412,0.857228363045134
120256,0.45,1.6222222222222222,0.755,2.013245033112583,0.39909523809523817,0.006568690476190472,200,90,151,1203,86,2,10.2,300907,2913285,56,selfish,0.4768512858671266,0.1447302436856452
119696,0.385,1.8571428571428572,0.63,2.007936507936508,0.36427976190476186,0.005332658730158729,200,77,126,1197,766,7,42.7,798663,7949417,96,selfish,0.4626922801013836,0.4528896718855326
119513,0.185,1.7297297297297298,0.26,2.0,0.12714212614870507,0.003983538727354518,200,37,52,1196,766,7,29.9,798663,7949417,13,selfish,0.2238256630629619,0.7912632295125752
120332,0.395,1.6708860759493671,0.71,2.007042253521127,0.36523214285714284,0.006421249999999998,200,79,142,1204,86,2,14.6,300907,2913285,32,selfish,0.4495856593533723,0.6338235473212548
120789,0.295,1.4406779661016949,0.45,2.0,0.19108364704610836,0.004333473873907311,200,59,90,1208,86,2,61.0,300907,2913285,89,selfish,0.2129379249701362,0.6944582199785999
120604,0.325,1.4307692307692308,0.5,2.0,0.24444047619047615,0.005045367063492063,200,65,100,1207,86,2,42.7,300907,2913285,4,selfish,0.2627648343443758,0.7190241322679278
120467,0.315,1.6031746031746033,0.62,2.0080645161290325,0.2928928571428571,0.005934424603174603,200,63,124,1205,86,2,20.9,300907,2913285,67,selfish,0.3604525200861999,0.8954386061007626
120815,0.33,1.621212121212121,0.55,2.0,0.2259092248331379,0.004452037937907504,200,66,110,1209,86,2,87.4,300907,2913285,15,selfish,0.28091147618982,0.9551352008768642
120936,0.33,1.7727272727272727,0.635,2.0078740157480315,0.2956791125541126,0.0051209992784992785,200,66,127,1210,86,2,125.0,300907,2913285,36,selfish,0.3461077870164497,0.600169191961039
121977,0.255,1.5098039215686274,0.345,2.0,0.16735590104340103,0.004228974585356164,200,51,69,1220,338,3,125.0,742603,5594567,77,selfish,0.2375482709814891,0.0892183280233827
119858,0.25,2.24,0.48,2.0,0.20497673160173158,0.004192256811815637,200,50,96,1199,766,7,87.4,798663,7949417,58,selfish,0.3409275648695138,0.932574439505853
122256,0.38,1.9078947368421053,0.655,2.015267175572519,0.33234722222222224,0.00563704365079365,200,76,131,1223,956,3,10.2,1118010,1467651,56,selfish,0.4768512858671266,0.1447302436856452
122351,0.2,1.875,0.29,2.0172413793103448,0.13521433550110015,0.003642418431596816,200,40,58,1224,956,3,14.6,1118010,1467651,51,selfish,0.2182850515748211,0.1730815279492411
122584,0.345,1.8405797101449275,0.62,2.0,0.3092261904761905,0.005395277777777778,200,69,124,1226,956,3,29.9,1118010,1467651,84,selfish,0.4277086989642705,0.7484720574557526
122669,0.125,1.64,0.21,2.0,0.07575135281385281,0.003545591465995876,200,25,42,1227,956,3,42.7,1118010,1467651,69,selfish,0.2070972729458678,0.2979198700199214
122749,0.255,1.607843137254902,0.42,2.0,0.19937896825396828,0.0045990690763484865,200,51,84,1228,956,3,61.0,1118010,1467651,49,selfish,0.3008118292997498,0.7565167136190543
123673,0.175,1.7428571428571429,0.29,2.0172413793103448,0.14377795815295813,0.004691825368259193,200,35,58,1237,759,4,42.7,288973,5169495,73,selfish,0.2631399047202775,0.494072025933513
124095,0.345,1.9420289855072463,0.55,2.018181818181818,0.28854166666666664,0.005258858543417367,200,69,110,1241,544,6,5.0,732235,1872344,95,selfish,0.3751229337419657,0.1974510188067169
124238,0.26,1.9230769230769231,0.465,2.0,0.23004779942279943,0.004653528693528694,200,52,93,1243,544,6,10.2,732235,1872344,38,selfish,0.3509947337216052,0.8424701912520188
124521,0.21,1.7619047619047619,0.31,2.0161290322580645,0.13603392337796363,0.003983169418300998,200,42,62,1246,544,6,29.9,732235,1872344,21,selfish,0.2397567210258474,0.5887702959721403
12451,0.17,1.7647058823529411,0.26,2.0,0.10759325396825398,0.004104344487212133,200,34,52,125,621,7,20.9,424702,2860996,51,selfish,0.2182850515748211,0.1730815279492411
124669,0.155,1.7741935483870968,0.255,2.0,0.1008174603174603,0.0037923560597898833,200,31,51,1247,544,6,42.7,732235,1872344,69,selfish,0.2070972729458678,0.2979198700199214
124868,0.285,1.9473684210526316,0.495,2.01010101010101,0.2373814935064935,0.004961428571428572,200,57,99,1249,544,6,87.4,732235,1872344,68,selfish,0.3706046305857265,0.4761663270697934
125299,0.295,1.8305084745762712,0.43,2.0,0.20120417521075415,0.004558204018204018,200,59,86,1253,716,4,10.2,1135398,5288526,99,selfish,0.3227365905845993,0.0746241892293311
125515,0.24,1.8333333333333333,0.365,2.0,0.17422095959595957,0.004296641275391272,200,48,73,1256,716,4,29.9,1135398,5288526,15,selfish,0.28091147618982,0.9551352008768642
125617,0.3,1.9,0.575,2.0,0.25658333333333333,0.005298234126984125,200,60,115,1257,716,4,42.7,1135398,5288526,17,selfish,0.4372556438030128,0.9067257327686692
125861,0.26,1.9230769230769231,0.355,2.0,0.20899107142857143,0.004768712676212674,200,52,71,1259,716,4,87.4,1135398,5288526,61,selfish,0.3070497535774244,0.9179940122389904
125963,0.425,1.9176470588235295,0.69,2.0,0.3867440476190476,0.005514503968253964,200,85,138,1260,716,4,125.0,1135398,5288526,63,selfish,0.4714045721788255,0.7667985672256883
126071,0.29,1.7413793103448276,0.44,2.0,0.21911507936507937,0.005044642857142858,200,58,88,1261,671,6,5.0,267508,2498978,71,selfish,0.3239323376009491,0.868936778850477
12612,0.325,2.076923076923077,0.49,2.0,0.27172059884559885,0.005373160173160171,200,65,98,127,621,7,42.7,424702,2860996,12,selfish,0.3985108847427614,0.9637929216712549
127057,0.15,1.4666666666666666,0.235,2.021276595744681,0.0967303391053391,0.004725984709734712,200,30,47,1271,434,6,5.0,709298,6394202,57,selfish,0.2281547978409189,0.2464978385902064
128134,0.26,2.230769230769231,0.565,2.0265486725663715,0.27229761904761907,0.004495541125541127,200,52,113,1282,32,6,7.1,586809,1200154,34,selfish,0.4113840234518945,0.152863497296565
126363,0.455,2.010989010989011,0.695,2.0,0.39387500000000003,0.005575654761904759,200,91,139,1264,671,6,14.6,267508,2498978,63,selfish,0.4714045721788255,0.7667985672256883
128245,0.19,1.8421052631578947,0.37,2.0135135135135136,0.14739321789321788,0.0038280472999222986,200,38,74,1283,32,6,10.2,586809,1200154,45,selfish,0.2747520561924723,0.7307587255425585
128567,0.32,2.0,0.555,2.027027027027027,0.2913551587301588,0.005235541125541126,200,64,111,1286,32,6,29.9,586809,1200154,67,selfish,0.3604525200861999,0.8954386061007626
128825,0.38,1.8026315789473684,0.605,2.0,0.33269246031746036,0.005359107142857144,200,76,121,1289,32,6,87.4,586809,1200154,25,selfish,0.454095890072901,0.6742162468199493
127236,0.31,1.8548387096774193,0.49,2.0,0.2625312319259688,0.004716279320095108,200,62,98,1273,434,6,10.2,709298,6394202,36,selfish,0.3461077870164497,0.600169191961039
128925,0.425,2.1411764705882352,0.655,2.0076335877862594,0.3754199134199135,0.005103883477633479,200,85,131,1290,32,6,125.0,586809,1200154,25,selfish,0.454095890072901,0.6742162468199493
129147,0.33,1.8636363636363635,0.515,2.0097087378640777,0.30551190476190476,0.005523250915750914,200,66,103,1292,73,8,7.1,1137670,5324555,47,selfish,0.4071129309119736,0.103198652756049
127440,0.195,1.7179487179487178,0.3,2.0,0.13713097033685268,0.0044708369612413736,200,39,60,1275,434,6,20.9,709298,6394202,40,selfish,0.2501126952506121,0.6454895199876196
129466,0.375,1.76,0.62,2.0,0.33488827838827845,0.005337500000000003,200,75,124,1295,73,8,20.9,1137670,5324555,66,selfish,0.4409284566649496,0.3941260031346912
129349,0.33,1.803030303030303,0.445,2.0,0.2341045482295482,0.004720429565274765,200,66,89,1294,73,8,14.6,1137670,5324555,49,selfish,0.3008118292997498,0.7565167136190543
129821,0.245,2.020408163265306,0.35,2.0,0.16552529415029416,0.003612120836679657,200,49,70,1299,73,8,87.4,1137670,5324555,21,selfish,0.2397567210258474,0.5887702959721403
129598,0.205,1.7073170731707317,0.325,2.0,0.13171558017146254,0.0038194217740463877,200,41,65,1296,73,8,29.9,1137670,5324555,98,selfish,0.21729239263723,0.8840829656528192
129997,0.395,1.860759493670886,0.7,2.0,0.3561726190476191,0.005361488095238096,200,79,140,1300,73,8,125.0,1137670,5324555,97,selfish,0.4855618445578609,0.1689982716058866
12839,0.425,2.0,0.695,2.0,0.4019415584415585,0.005639583333333336,200,85,139,129,621,7,87.4,424702,2860996,39,selfish,0.4790241755215713,0.6177321915239017
12951,0.19,1.7105263157894737,0.315,2.0,0.12421443298416984,0.0034392785406601196,200,38,63,130,621,7,125.0,424702,2860996,51,selfish,0.2182850515748211,0.1730815279492411
130658,0.295,1.9491525423728813,0.48,2.0,0.25505703038791283,0.004707719633307867,200,59,96,1307,979,6,42.7,304275,4165351,58,selfish,0.3409275648695138,0.932574439505853
130526,0.205,1.6341463414634145,0.335,2.0,0.1438745490620491,0.004446389790764789,200,41,67,1306,979,6,29.9,304275,4165351,26,selfish,0.2702561230694959,0.837478784452857
130772,0.31,1.8225806451612903,0.45,2.0,0.230109126984127,0.005071199494949494,200,62,90,1308,979,6,61.0,304275,4165351,72,selfish,0.3156406422303758,0.3774553900605352
13111,0.345,1.9275362318840579,0.52,2.0,0.2763571428571428,0.006163095238095232,200,69,104,132,582,3,7.1,208567,3850795,11,selfish,0.3777435584279705,0.3053722478730439
130889,0.16,1.8125,0.255,2.0,0.0943810825898674,0.004203212407146234,200,32,51,1309,979,6,87.4,304275,4165351,89,selfish,0.2129379249701362,0.6944582199785999
132043,0.24,1.8541666666666667,0.495,2.0,0.20503174603174604,0.005148650793650791,200,48,99,1321,206,4,5.0,1093404,5572130,43,selfish,0.3733963553970497,0.8234180661786772
132135,0.425,1.6705882352941177,0.64,2.0,0.36935551948051953,0.005455221861471859,200,85,128,1322,206,4,7.1,1093404,5572130,35,selfish,0.444752781116749,0.3583252290098091
132216,0.35,2.0,0.565,2.0,0.3001630591630592,0.005190974025974026,200,70,113,1323,206,4,10.2,1093404,5572130,16,selfish,0.4208942434349683,0.0948525522924531
131078,0.31,1.9193548387096775,0.505,2.0,0.28113095238095237,0.005389848484848482,200,62,101,1311,935,6,5.0,987351,6964607,78,selfish,0.3815618301396259,0.7050527606912402
132329,0.26,1.7307692307692308,0.415,2.0120481927710845,0.17714339826839826,0.0045361711899211885,200,52,83,1324,206,4,14.6,1093404,5572130,29,selfish,0.2901917465581629,0.3137113417077046
132681,0.195,1.794871794871795,0.33,2.0,0.12777487789987788,0.0038306161199911175,200,39,66,1327,206,4,42.7,1093404,5572130,81,selfish,0.2269416996374781,0.4804242585572029
132875,0.195,1.9230769230769231,0.36,2.0,0.13134668940039781,0.0037353673131358556,200,39,72,1329,206,4,87.4,1093404,5572130,75,selfish,0.2525545317138812,0.4401811270174162
132736,0.28,1.8392857142857142,0.5,2.0,0.2613816738816739,0.004789965728715728,200,56,100,1328,206,4,61.0,1093404,5572130,36,selfish,0.3461077870164497,0.600169191961039
131228,0.395,1.8860759493670887,0.605,2.0082644628099175,0.35725,0.0055488528138528115,200,79,121,1313,935,6,10.2,987351,6964607,28,selfish,0.4304538627565802,0.2618674911675315
133218,0.215,1.6744186046511629,0.335,2.0,0.1457854755538579,0.003935598930223542,200,43,67,1333,851,6,10.2,1020414,460080,18,selfish,0.2312345941585266,0.3847746110331581
133452,0.295,2.0338983050847457,0.555,2.0,0.2746210317460317,0.005231278513153511,200,59,111,1335,851,6,20.9,1020414,460080,52,selfish,0.3898718220747056,0.4295434601453535
133856,0.4,2.0,0.665,2.0,0.34757936507936515,0.00514702380952381,200,80,133,1339,851,6,87.4,1020414,460080,56,selfish,0.4768512858671266,0.1447302436856452
133959,0.255,1.7254901960784315,0.405,2.0,0.20584715284715283,0.004556705005520795,200,51,81,1340,851,6,125.0,1020414,460080,59,selfish,0.2977847312437251,0.2895622807306851
134013,0.155,1.8064516129032258,0.275,2.0,0.10650595238095237,0.004390257450882452,200,31,55,1341,923,7,5.0,804969,6362730,13,selfish,0.2238256630629619,0.7912632295125752
134228,0.395,1.9367088607594938,0.64,2.0,0.3437678571428572,0.0051076868474662605,200,79,128,1343,923,7,10.2,804969,6362730,28,selfish,0.4304538627565802,0.2618674911675315
134329,0.255,1.9607843137254901,0.38,2.0,0.179827380952381,0.004822798382173379,200,51,76,1344,923,7,14.6,804969,6362730,29,selfish,0.2901917465581629,0.3137113417077046
134690,0.285,1.9298245614035088,0.455,2.0,0.22121825396825398,0.0048229803529803526,200,57,91,1347,923,7,42.7,804969,6362730,90,selfish,0.3196298037016608,0.990883980492858
135185,0.37,2.0135135135135136,0.61,2.0,0.3358253968253969,0.005483555194805193,200,74,122,1352,242,7,7.1,793672,2274167,85,selfish,0.4024582743628092,0.7244830604083918
135579,0.245,1.9591836734693877,0.435,2.0,0.21084361471861474,0.004512144522144521,200,49,87,1356,242,7,29.9,793672,2274167,79,selfish,0.3642632456563252,0.6890479996878222
135760,0.25,1.94,0.405,2.0,0.18424578199578195,0.00436092273223852,200,50,81,1358,242,7,61.0,793672,2274167,60,selfish,0.2892063661005389,0.2123889347471068
13576,0.295,1.7966101694915255,0.415,2.0,0.21567261904761903,0.004972262667887668,200,59,83,136,582,3,29.9,208567,3850795,76,selfish,0.3027820674966874,0.514144872517883
136100,0.425,1.5647058823529412,0.68,2.0294117647058822,0.37300595238095224,0.007146547619047617,200,85,136,1361,344,2,5.0,1046106,3685562,100,selfish,0.4158727914731683,0.6511808318464773
136138,0.36,1.7083333333333333,0.62,2.024193548387097,0.31667857142857136,0.006311408730158729,200,72,124,1362,344,2,7.1,1046106,3685562,38,selfish,0.3509947337216052,0.8424701912520188
134974,0.455,1.967032967032967,0.655,2.015267175572519,0.397922619047619,0.0052645833333333355,200,91,131,1350,923,7,125.0,804969,6362730,74,selfish,0.4831039344913304,0.9827660363748432
136281,0.285,1.4210526315789473,0.41,2.0609756097560976,0.1995616883116883,0.006167029220779216,200,57,82,1363,344,2,10.2,1046106,3685562,81,selfish,0.2269416996374781,0.4804242585572029
136320,0.295,1.4406779661016949,0.415,2.0,0.18378366078366073,0.006017735042735042,200,59,83,1364,344,2,14.6,1046106,3685562,20,selfish,0.2461140406262255,0.1374999707243197
136609,0.285,1.4736842105263157,0.445,2.0,0.1600529401154401,0.004226824972413209,200,57,89,1367,344,2,42.7,1046106,3685562,9,selfish,0.2331676534838964,0.9471927912224244
136809,0.26,1.6153846153846154,0.45,2.0,0.16613050144300143,0.004263233939263349,200,52,90,1369,344,2,87.4,1046106,3685562,9,selfish,0.2331676534838964,0.9471927912224244
136514,0.44,1.7045454545454546,0.715,2.013986013986014,0.3897126623376623,0.005926953463203464,200,88,143,1366,344,2,29.9,1046106,3685562,14,selfish,0.4312459512484686,0.5424263205795637
136901,0.43,1.7325581395348837,0.705,2.0,0.380797619047619,0.005315853174603175,200,86,141,1370,344,2,125.0,1046106,3685562,1,selfish,0.3857676334163057,0.2047082508361712
137300,0.405,1.8395061728395061,0.625,2.0,0.34912896825396833,0.005723612914862913,200,81,125,1373,158,5,10.2,214456,4769636,100,selfish,0.4158727914731683,0.6511808318464773
137478,0.31,1.8709677419354838,0.455,2.0,0.26133594591682824,0.00526736453089394,200,62,91,1375,158,5,20.9,214456,4769636,78,selfish,0.3815618301396259,0.7050527606912402
137036,0.285,1.8245614035087718,0.465,2.0,0.2352142857142857,0.005706989538239537,200,57,93,1371,158,5,5.0,214456,4769636,36,selfish,0.3461077870164497,0.600169191961039
137799,0.32,1.96875,0.48,2.0,0.25006944444444446,0.0044842875180375165,200,64,96,1378,158,5,61.0,214456,4769636,99,selfish,0.3227365905845993,0.0746241892293311
137802,0.245,2.020408163265306,0.425,2.0,0.19313383838383844,0.004196120684870684,200,49,85,1379,158,5,87.4,214456,4769636,2,selfish,0.2959114945914544,0.9228509849216918
137584,0.32,1.828125,0.58,2.0,0.29805357142857136,0.0055447619047619065,200,64,116,1376,158,5,29.9,214456,4769636,84,selfish,0.4277086989642705,0.7484720574557526
13754,0.21,2.0952380952380953,0.5,2.01,0.1975138888888889,0.004592559637000423,200,42,100,138,582,3,61.0,208567,3850795,54,selfish,0.3585232711576509,0.4092237628104323
137947,0.29,1.7586206896551724,0.51,2.0,0.26509920634920636,0.004931905316905315,200,58,102,1380,158,5,125.0,214456,4769636,47,selfish,0.4071129309119736,0.103198652756049
13866,0.345,1.5942028985507246,0.58,2.0172413793103448,0.30294444444444457,0.005418154761904762,200,69,116,139,582,3,87.4,208567,3850795,66,selfish,0.4409284566649496,0.3941260031346912
138654,0.29,2.0517241379310347,0.44,2.0,0.24091883116883117,0.0049808170995671,200,58,88,1387,472,7,42.7,294506,3439131,54,selfish,0.3585232711576509,0.4092237628104323
13911,0.33,1.7121212121212122,0.59,2.0,0.284609237984238,0.005105598845598845,200,66,118,140,582,3,125.0,208567,3850795,11,selfish,0.3777435584279705,0.3053722478730439
138784,0.35,1.6857142857142857,0.55,2.0,0.31255772005772003,0.0051198430735930715,200,70,110,1388,472,7,61.0,294506,3439131,84,selfish,0.4277086989642705,0.7484720574557526
1408,0.315,1.873015873015873,0.49,2.0,0.2687142857142857,0.005533670634920632,200,63,98,15,57,6,20.9,143476,3082676,8,selfish,0.3927810904963459,0.8167673407001561
139878,0.285,1.9649122807017543,0.465,2.0,0.22173400210900213,0.005183469724719724,200,57,93,1399,503,5,87.4,1051958,7084682,78,selfish,0.3815618301396259,0.7050527606912402
141003,0.34,2.0,0.54,2.0,0.2883176406926406,0.006796985930735923,200,68,108,1411,110,4,5.0,192223,6823941,3,selfish,0.405342196225377,0.1209354681890304
141468,0.29,1.7758620689655173,0.515,2.0,0.2503650793650793,0.005603354978354977,200,58,103,1415,110,4,20.9,192223,6823941,68,selfish,0.3706046305857265,0.4761663270697934
141788,0.355,1.9295774647887325,0.545,2.018348623853211,0.3130238095238094,0.005333194444444444,200,71,109,1418,110,4,61.0,192223,6823941,88,selfish,0.4229568538429628,0.8766829270547112
141879,0.325,1.8615384615384616,0.515,2.0,0.28749007936507937,0.005478485958485958,200,65,103,1419,110,4,87.4,192223,6823941,79,selfish,0.3642632456563252,0.6890479996878222
140341,0.315,1.8412698412698412,0.54,2.009259259259259,0.2770654761904762,0.005058431290931288,200,63,108,1404,821,5,14.6,1112297,3280514,41,selfish,0.3883150820571905,0.5577479977483336
140766,0.31,1.8225806451612903,0.6,2.0,0.29618055555555556,0.005098374819624821,200,62,120,1408,821,5,61.0,1112297,3280514,66,selfish,0.4409284566649496,0.3941260031346912
14135,0.365,1.8082191780821917,0.61,2.0,0.33798809523809525,0.005499732142857139,200,73,122,142,618,4,7.1,1062757,1523951,35,selfish,0.444752781116749,0.3583252290098091
142203,0.315,1.8412698412698412,0.57,2.0,0.29129242979242975,0.004972280497280497,200,63,114,1423,883,5,10.2,823844,1584847,3,selfish,0.405342196225377,0.1209354681890304
142345,0.175,1.9714285714285715,0.335,2.0,0.13373400210900208,0.0038995196674240784,200,35,67,1424,883,5,14.6,823844,1584847,45,selfish,0.2747520561924723,0.7307587255425585
142593,0.25,1.84,0.38,2.0,0.21078373015873017,0.00471317064879565,200,50,76,1426,883,5,29.9,823844,1584847,93,selfish,0.2779592827386458,0.3345825728904498
142693,0.215,1.930232558139535,0.37,2.0,0.16414639527139524,0.004356600801159626,200,43,74,1427,883,5,42.7,823844,1584847,93,selfish,0.2779592827386458,0.3345825728904498
143077,0.22,1.8636363636363635,0.33,2.0,0.14469617882117883,0.004064491013372594,200,44,66,1431,658,3,5.0,949442,1690806,77,selfish,0.2375482709814891,0.0892183280233827
143182,0.27,1.7777777777777777,0.435,2.0114942528735633,0.19585173160173158,0.004283927322677323,200,54,87,1432,658,3,7.1,949442,1690806,82,selfish,0.3128186843462212,0.0598593952629424
142840,0.17,1.9705882352941178,0.28,2.0,0.12474379786879786,0.00404831006197105,200,34,56,1429,883,5,87.4,823844,1584847,40,selfish,0.2501126952506121,0.6454895199876196
142988,0.365,2.0136986301369864,0.6,2.0,0.32009379509379504,0.005192640692640694,200,73,120,1430,883,5,125.0,823844,1584847,88,selfish,0.4229568538429628,0.8766829270547112
143758,0.255,1.8823529411764706,0.435,2.0,0.21751190476190477,0.004791904761904761,200,51,87,1438,658,3,61.0,949442,1690806,58,selfish,0.3409275648695138,0.932574439505853
14406,0.455,1.945054945054945,0.665,2.0,0.38900000000000007,0.005598300865800867,200,91,133,145,618,4,20.9,1062757,1523951,6,selfish,0.4911132375299709,0.252577974178488
144149,0.4,2.825,0.63,2.0873015873015874,0.27401651163164314,0.008191268731268731,200,80,126,1442,723,2,7.1,916560,6727167,49,selfish,0.3008118292997498,0.7565167136190543
144256,0.535,2.317757009345794,0.805,2.062111801242236,0.4571513347763348,0.009493273809523809,200,107,161,1443,723,2,10.2,916560,6727167,56,selfish,0.4768512858671266,0.1447302436856452
144569,0.265,1.509433962264151,0.365,2.041095890410959,0.1667738095238095,0.006401590909090907,200,53,73,1446,723,2,29.9,916560,6727167,69,selfish,0.2070972729458678,0.2979198700199214
144349,0.36,1.5,0.52,2.0673076923076925,0.28415674603174595,0.007694047619047612,200,72,104,1444,723,2,14.6,916560,6727167,49,selfish,0.3008118292997498,0.7565167136190543
144676,0.35,1.5571428571428572,0.54,2.009259259259259,0.28702380952380946,0.007595694444444439,200,70,108,1447,723,2,42.7,916560,6727167,76,selfish,0.3027820674966874,0.514144872517883
144974,0.495,1.6767676767676767,0.74,2.0135135135135136,0.42029761904761903,0.006640238095238095,200,99,148,1450,723,2,125.0,916560,6727167,74,selfish,0.4831039344913304,0.9827660363748432
145172,0.32,1.703125,0.465,2.0,0.25241239316239317,0.004863267704517703,200,64,93,1452,315,7,7.1,1015407,4833322,72,selfish,0.3156406422303758,0.3774553900605352
145242,0.2,1.8,0.34,2.0,0.16367170329670327,0.004685296925296925,200,40,68,1453,315,7,10.2,1015407,4833322,42,selfish,0.2544637386172081,0.3417299389831262
14518,0.19,1.8421052631578947,0.295,2.0,0.12449076617826618,0.0039516018472268485,200,38,59,146,618,4,29.9,1062757,1523951,18,selfish,0.2312345941585266,0.3847746110331581
145395,0.265,1.7547169811320755,0.45,2.0,0.24055230880230882,0.005085045093795092,200,53,90,1454,315,7,14.6,1015407,4833322,95,selfish,0.3751229337419657,0.1974510188067169
145806,0.39,1.9743589743589745,0.74,2.0,0.3663611111111111,0.005381349206349206,200,78,148,1459,315,7,87.4,1015407,4833322,6,selfish,0.4911132375299709,0.252577974178488
145514,0.33,1.9393939393939394,0.585,2.0,0.3028670634920635,0.0050694246031746,200,66,117,1456,315,7,29.9,1015407,4833322,14,selfish,0.4312459512484686,0.5424263205795637
14653,0.34,1.8088235294117647,0.53,2.0,0.29505879281537184,0.004940151420217209,200,68,106,147,618,4,42.7,1062757,1523951,53,selfish,0.366882515038515,0.2362061315455737
146032,0.44,2.0454545454545454,0.665,2.007518796992481,0.40101388888888884,0.005624843073593072,200,88,133,1461,829,7,5.0,391716,4154663,32,selfish,0.4495856593533723,0.6338235473212548
146112,0.355,2.0,0.56,2.0,0.2952380952380953,0.005197144660894657,200,71,112,1462,829,7,7.1,391716,4154663,12,selfish,0.3985108847427614,0.9637929216712549
146214,0.355,1.9014084507042253,0.585,2.0085470085470085,0.330741452991453,0.005652702575202577,200,71,117,1463,829,7,10.2,391716,4154663,14,selfish,0.4312459512484686,0.5424263205795637
14839,0.36,1.7777777777777777,0.625,2.0,0.31375,0.005300535714285716,200,72,125,149,618,4,87.4,1062757,1523951,39,selfish,0.4790241755215713,0.6177321915239017
146722,0.16,1.8125,0.305,2.0163934426229506,0.11830155882129566,0.004034911001880815,200,32,61,1468,829,7,61.0,391716,4154663,22,selfish,0.24260325729568,0.2220357375157741
147005,0.48,1.8333333333333333,0.74,2.0,0.4371071428571428,0.00593873015873016,200,96,148,1471,846,5,5.0,502650,6597787,5,selfish,0.4995762557070848,0.3625281920046287
149132,0.375,1.88,0.675,2.0074074074074075,0.33125595238095235,0.004868035714285715,200,75,135,1492,408,6,7.1,744358,2087706,32,selfish,0.4495856593533723,0.6338235473212548
147429,0.245,1.8979591836734695,0.35,2.0,0.17656616300366296,0.004754562243312242,200,49,70,1475,846,5,20.9,502650,6597787,29,selfish,0.2901917465581629,0.3137113417077046
149493,0.24,1.8125,0.355,2.0,0.17667658730158725,0.0042493253968253954,200,48,71,1495,408,6,20.9,744358,2087706,93,selfish,0.2779592827386458,0.3345825728904498
149645,0.265,1.7547169811320755,0.4,2.0125,0.1962525252525252,0.0044708048895548864,200,53,80,1497,408,6,42.7,744358,2087706,45,selfish,0.2747520561924723,0.7307587255425585
149979,0.265,2.018867924528302,0.485,2.0103092783505154,0.2358581349206349,0.004705038433788431,200,53,97,1500,408,6,125.0,744358,2087706,79,selfish,0.3642632456563252,0.6890479996878222
150049,0.195,1.8717948717948718,0.435,2.0,0.15506186868686866,0.004185807942057942,200,39,87,1501,372,4,5.0,839325,3193563,49,selfish,0.3008118292997498,0.7565167136190543
149754,0.27,1.9074074074074074,0.495,2.0,0.21966269841269834,0.004612936507936509,200,54,99,1498,408,6,61.0,744358,2087706,54,selfish,0.3585232711576509,0.4092237628104323
150200,0.355,1.8591549295774648,0.57,2.0,0.3039880952380953,0.005254148629148628,200,71,114,1502,372,4,7.1,839325,3193563,100,selfish,0.4158727914731683,0.6511808318464773
150380,0.225,2.0,0.4,2.0,0.1815192307692308,0.004195779983904984,200,45,80,1504,372,4,14.6,839325,3193563,80,selfish,0.2816906079992455,0.4111680330999803
150247,0.32,1.953125,0.56,2.0,0.27974404761904764,0.0051459264346764315,200,64,112,1503,372,4,10.2,839325,3193563,47,selfish,0.4071129309119736,0.103198652756049
150978,0.305,2.2295081967213113,0.525,2.019047619047619,0.25644660894660903,0.0046309577922077905,200,61,105,1510,372,4,125.0,839325,3193563,78,selfish,0.3815618301396259,0.7050527606912402
151007,0.34,1.9411764705882353,0.625,2.0,0.31558170995671003,0.005524406565656566,200,68,125,1511,346,7,5.0,100369,480736,7,selfish,0.4657787213448116,0.0151426399118454
151453,0.215,1.744186046511628,0.465,2.0,0.21446230158730162,0.00466144536019536,200,43,93,1515,346,7,20.9,100369,480736,53,selfish,0.366882515038515,0.2362061315455737
151606,0.42,1.9880952380952381,0.705,2.00709219858156,0.37461904761904763,0.0054845238095238055,200,84,141,1517,346,7,42.7,100369,480736,6,selfish,0.4911132375299709,0.252577974178488
151811,0.33,1.9545454545454546,0.51,2.0,0.2787321428571428,0.004923638167388167,200,66,102,1519,346,7,87.4,100369,480736,11,selfish,0.3777435584279705,0.3053722478730439
152237,0.395,1.9113924050632911,0.67,2.0074626865671643,0.36107341269841275,0.0056671428571428584,200,79,134,1523,909,5,10.2,351365,3358417,37,selfish,0.469568977189866,0.9743873423433428
153240,0.17,1.7647058823529411,0.34,2.0,0.12319630369630366,0.004359821983571982,200,34,68,1533,518,7,10.2,713907,6816403,40,selfish,0.2501126952506121,0.6454895199876196
152751,0.18,1.8055555555555556,0.265,2.0,0.10170976684134578,0.003907921795266995,200,36,53,1528,909,5,61.0,351365,3358417,51,selfish,0.2182850515748211,0.1730815279492411
152870,0.355,1.8873239436619718,0.585,2.0085470085470085,0.31624206349206346,0.005212261904761903,200,71,117,1529,909,5,87.4,351365,3358417,70,selfish,0.4344347691369841,0.0048962068848224
153382,0.27,2.0,0.365,2.0,0.1952063492063492,0.004640669096984889,200,54,73,1534,518,7,14.6,713907,6816403,82,selfish,0.3128186843462212,0.0598593952629424
153731,0.24,1.75,0.365,2.0,0.17579718892218893,0.004355854978354978,200,48,73,1538,518,7,61.0,713907,6816403,31,selfish,0.2689147210983604,0.7842712343444325
153927,0.355,1.9154929577464788,0.615,2.008130081300813,0.31300396825396826,0.005202301587301586,200,71,123,1540,518,7,125.0,713907,6816403,27,selfish,0.4590052735626949,0.5951250624738255
154425,0.34,1.7352941176470589,0.585,2.0,0.3047638888888889,0.00601251984126984,200,68,117,1545,611,3,20.9,406565,4495167,25,selfish,0.454095890072901,0.6742162468199493
15357,0.205,1.7073170731707317,0.31,2.0,0.1259557942057942,0.003724523274927684,200,41,62,154,855,7,14.6,947189,7772393,57,selfish,0.2281547978409189,0.2464978385902064
15449,0.26,1.8653846153846154,0.4,2.0,0.20141540404040406,0.004908039321789323,200,52,80,155,855,7,20.9,947189,7772393,49,selfish,0.3008118292997498,0.7565167136190543
156062,0.255,1.7647058823529411,0.455,2.0,0.2105595238095238,0.004763790792540793,200,51,91,1561,462,8,5.0,1130029,2254688,62,selfish,0.3350709844137344,0.6247506884808997
155140,0.22,1.9318181818181819,0.34,2.014705882352941,0.15029291541791542,0.00455466586410665,200,44,68,1552,985,8,7.1,870460,3389597,40,selfish,0.2501126952506121,0.6454895199876196
156511,0.285,1.8070175438596492,0.495,2.0,0.23407875457875454,0.00458925366300366,200,57,99,1566,462,8,29.9,1130029,2254688,11,selfish,0.3777435584279705,0.3053722478730439
155485,0.325,1.8923076923076922,0.56,2.0,0.27767460317460313,0.0046441287878787865,200,65,112,1555,985,8,20.9,870460,3389597,85,selfish,0.4024582743628092,0.7244830604083918
156775,0.23,1.7608695652173914,0.345,2.0,0.1611402625152625,0.003940392524142523,200,46,69,1568,462,8,61.0,1130029,2254688,75,selfish,0.2525545317138812,0.4401811270174162
15639,0.405,1.9135802469135803,0.68,2.0,0.360827380952381,0.005776150793650792,200,81,136,157,855,7,42.7,947189,7772393,39,selfish,0.4790241755215713,0.6177321915239017
157028,0.38,1.9736842105263157,0.595,2.0,0.3293888888888889,0.00537986111111111,200,76,119,1571,920,3,5.0,571111,1262197,28,selfish,0.4304538627565802,0.2618674911675315
157129,0.245,2.0816326530612246,0.4,2.0,0.17650144993894998,0.004392528582528582,200,49,80,1572,920,3,7.1,571111,1262197,29,selfish,0.2901917465581629,0.3137113417077046
157440,0.2,2.0,0.345,2.0,0.1458690476190476,0.004233884587634586,200,40,69,1575,920,3,20.9,571111,1262197,40,selfish,0.2501126952506121,0.6454895199876196
15732,0.445,2.033707865168539,0.615,2.0,0.3984705988455989,0.0056474025974025946,200,89,123,158,855,7,61.0,947189,7772393,32,selfish,0.4495856593533723,0.6338235473212548
157728,0.255,1.803921568627451,0.57,2.0,0.25348015873015867,0.005344392135642133,200,51,114,1578,920,3,61.0,571111,1262197,28,selfish,0.4304538627565802,0.2618674911675315
157986,0.38,2.1842105263157894,0.615,2.0,0.34237644300144304,0.005570604256854251,200,76,123,1580,920,3,125.0,571111,1262197,86,selfish,0.4461023732799478,0.2773058726188811
158011,0.255,2.0,0.48,2.0104166666666665,0.2324347041847042,0.005651908369408368,200,51,96,1581,875,3,5.0,284969,1642034,11,selfish,0.3777435584279705,0.3053722478730439
158163,0.435,1.896551724137931,0.69,2.0144927536231885,0.36537499999999995,0.005643214285714286,200,87,138,1582,875,3,7.1,284969,1642034,63,selfish,0.4714045721788255,0.7667985672256883
158472,0.27,1.8888888888888888,0.445,2.0,0.21503870639164757,0.004645699667979079,200,54,89,1585,875,3,20.9,284969,1642034,72,selfish,0.3156406422303758,0.3774553900605352
158603,0.345,1.9275362318840579,0.545,2.0,0.29433441558441564,0.005329844877344878,200,69,109,1587,875,3,42.7,284969,1642034,3,selfish,0.405342196225377,0.1209354681890304
158540,0.155,1.6774193548387097,0.28,2.0,0.12699404761904765,0.004293912815126049,200,31,56,1586,875,3,29.9,284969,1642034,40,selfish,0.2501126952506121,0.6454895199876196
158796,0.435,2.057471264367816,0.655,2.0076335877862594,0.37904238816738817,0.005098874458874458,200,87,131,1588,875,3,61.0,284969,1642034,96,selfish,0.4626922801013836,0.4528896718855326
159386,0.365,1.9452054794520548,0.625,2.0,0.34724801587301585,0.0056574007936507935,200,73,125,1594,624,3,14.6,680674,7660642,86,selfish,0.4461023732799478,0.2773058726188811
158818,0.265,1.7924528301886793,0.345,2.0,0.17136399711399708,0.00402212773337773,200,53,69,1589,875,3,87.4,284969,1642034,18,selfish,0.2312345941585266,0.3847746110331581
158943,0.29,2.1551724137931036,0.53,2.0,0.23340888278388283,0.0045449401037558936,200,58,106,1590,875,3,125.0,284969,1642034,43,selfish,0.3733963553970497,0.8234180661786772
159466,0.355,1.8873239436619718,0.635,2.0078740157480315,0.3135496031746033,0.005021787518037517,200,71,127,1595,624,3,20.9,680674,7660642,66,selfish,0.4409284566649496,0.3941260031346912
159543,0.38,2.026315789473684,0.55,2.0,0.30861385836385835,0.00515657287157287,200,76,110,1596,624,3,29.9,680674,7660642,43,selfish,0.3733963553970497,0.8234180661786772
159649,0.28,1.8392857142857142,0.445,2.0,0.21267352092352096,0.0043301784326784335,200,56,89,1597,624,3,42.7,680674,7660642,49,selfish,0.3008118292997498,0.7565167136190543
160266,0.42,1.9642857142857142,0.675,2.0,0.3757384282384282,0.005410131535131535,200,84,135,1603,685,4,10.2,779169,3347481,66,selfish,0.4409284566649496,0.3941260031346912
160369,0.165,1.7878787878787878,0.27,2.0,0.09431672494172494,0.0036222502497502496,200,33,54,1604,685,4,14.6,779169,3347481,69,selfish,0.2070972729458678,0.2979198700199214
160680,0.21,1.6904761904761905,0.34,2.0,0.1552439782439782,0.004347178793428793,200,42,68,1607,685,4,42.7,779169,3347481,80,selfish,0.2816906079992455,0.4111680330999803
160774,0.365,2.164383561643836,0.71,2.0140845070422535,0.32335989010989,0.005415013736263734,200,73,142,1608,685,4,61.0,779169,3347481,74,selfish,0.4831039344913304,0.9827660363748432
160839,0.43,2.0348837209302326,0.66,2.0,0.4084166666666667,0.005578988095238094,200,86,132,1609,685,4,87.4,779169,3347481,39,selfish,0.4790241755215713,0.6177321915239017
16166,0.445,1.9325842696629214,0.595,2.008403361344538,0.3780376984126984,0.005473713924963923,200,89,119,162,208,7,7.1,620168,5691464,66,selfish,0.4409284566649496,0.3941260031346912
161176,0.355,1.6901408450704225,0.585,2.0427350427350426,0.28116666666666673,0.01248333333333332,200,71,117,1612,915,3,7.1,68533,7042491,76,selfish,0.3027820674966874,0.514144872517883
161350,0.35,1.7857142857142858,0.565,2.0,0.29991269841269835,0.008860376984126983,200,70,113,1614,915,3,14.6,68533,7042491,50,selfish,0.3349244931377773,0.5073741801149648
161580,0.215,1.627906976744186,0.335,2.0,0.17545634920634925,0.006694226190476192,200,43,67,1616,915,3,29.9,68533,7042491,80,selfish,0.2816906079992455,0.4111680330999803
162066,0.38,2.026315789473684,0.57,2.0,0.3090178571428572,0.005057857142857141,200,76,114,1621,168,7,5.0,599707,4109857,66,selfish,0.4409284566649496,0.3941260031346912
161690,0.28,1.6071428571428572,0.435,2.0,0.22137301587301586,0.006415068542568544,200,56,87,1617,915,3,42.7,68533,7042491,90,selfish,0.3196298037016608,0.990883980492858
161867,0.3,1.9166666666666667,0.485,2.0,0.25198051948051947,0.0060090512265512245,200,60,97,1619,915,3,87.4,68533,7042491,67,selfish,0.3604525200861999,0.8954386061007626
162248,0.175,1.9714285714285715,0.265,2.0,0.11069450456950455,0.003933714749589362,200,35,53,1623,168,7,10.2,599707,4109857,48,selfish,0.2114807290736435,0.0244607249130057
161914,0.345,1.7681159420289856,0.6,2.0083333333333333,0.3336329365079365,0.0062687875939849555,200,69,120,1620,915,3,125.0,68533,7042491,14,selfish,0.4312459512484686,0.5424263205795637
162311,0.365,2.0547945205479454,0.555,2.009009009009009,0.2995820707070707,0.005063851565101561,200,73,111,1624,168,7,14.6,599707,4109857,11,selfish,0.3777435584279705,0.3053722478730439
162735,0.345,1.855072463768116,0.64,2.0,0.3164861111111112,0.004912876984126982,200,69,128,1628,168,7,61.0,599707,4109857,35,selfish,0.444752781116749,0.3583252290098091
162636,0.305,1.9180327868852458,0.495,2.0,0.27210335497835497,0.004573906232656232,200,61,99,1627,168,7,42.7,599707,4109857,36,selfish,0.3461077870164497,0.600169191961039
163094,0.24,1.9583333333333333,0.36,2.0,0.17550595238095237,0.005180248778998778,200,48,72,1631,851,5,5.0,272177,3577978,94,selfish,0.2857700497959219,0.1163714164083326
163166,0.345,1.855072463768116,0.575,2.0,0.30802801365301363,0.0057908916083916065,200,69,115,1632,851,5,7.1,272177,3577978,66,selfish,0.4409284566649496,0.3941260031346912
163262,0.23,2.0652173913043477,0.375,2.0,0.19703968253968251,0.005663977958316192,200,46,75,1633,851,5,10.2,272177,3577978,62,selfish,0.3350709844137344,0.6247506884808997
163934,0.27,1.7777777777777777,0.525,2.0,0.23555832974215335,0.005198903637212459,200,54,105,1640,851,5,125.0,272177,3577978,34,selfish,0.4113840234518945,0.152863497296565
165482,0.23,1.7826086956521738,0.41,2.0,0.17142170329670328,0.004529205100455101,200,46,82,1655,713,5,20.9,970048,7440745,82,selfish,0.3128186843462212,0.0598593952629424
164779,0.26,1.8076923076923077,0.5,2.0,0.24054581529581534,0.004804210511710513,200,52,100,1648,764,7,61.0,907441,5095093,79,selfish,0.3642632456563252,0.6890479996878222
165634,0.32,2.0625,0.56,2.0089285714285716,0.28985286935286936,0.005154639804639803,200,64,112,1657,713,5,42.7,970048,7440745,34,selfish,0.4113840234518945,0.152863497296565
166142,0.2,1.775,0.36,2.0,0.1653435245310245,0.0043728023569567665,200,40,72,1662,126,6,7.1,1041769,851521,42,selfish,0.2544637386172081,0.3417299389831262
164419,0.445,2.056179775280899,0.665,2.007518796992481,0.3661785714285715,0.004988077200577202,200,89,133,1645,764,7,20.9,907441,5095093,19,selfish,0.4954733651280948,0.0419355939468332
16585,0.305,1.9672131147540983,0.525,2.0,0.2614458874458874,0.005093122294372293,200,61,105,166,208,7,29.9,620168,5691464,85,selfish,0.4024582743628092,0.7244830604083918
166687,0.255,2.235294117647059,0.41,2.0,0.20084776334776336,0.004540178889737713,200,51,82,1667,126,6,42.7,1041769,851521,87,selfish,0.3108669576156866,0.5798034448113424
167019,0.4,1.875,0.625,2.008,0.3495892857142857,0.005837559523809524,200,80,125,1671,75,4,5.0,667815,6648498,19,selfish,0.4954733651280948,0.0419355939468332
166722,0.18,1.9166666666666667,0.295,2.0,0.11834727772227772,0.003549607892107892,200,36,59,1668,126,6,61.0,1041769,851521,22,selfish,0.24260325729568,0.2220357375157741
167255,0.25,1.68,0.455,2.010989010989011,0.2033492063492063,0.00479366633366633,200,50,91,1673,75,4,10.2,667815,6648498,55,selfish,0.3277016708096898,0.5663965080474668
167496,0.415,1.927710843373494,0.665,2.0,0.3943789682539683,0.005265420274170271,200,83,133,1675,75,4,20.9,667815,6648498,96,selfish,0.4626922801013836,0.4528896718855326
1675,0.21,1.7142857142857142,0.38,2.0,0.14460945998445993,0.003785506552626117,200,42,76,17,57,6,42.7,143476,3082676,75,selfish,0.2525545317138812,0.4401811270174162
167612,0.34,1.9852941176470589,0.555,2.0,0.2866547619047619,0.005023396464646465,200,68,111,1677,75,4,42.7,667815,6648498,12,selfish,0.3985108847427614,0.9637929216712549
167368,0.325,1.8615384615384616,0.565,2.0088495575221237,0.28329910367410366,0.00530778721278721,200,65,113,1674,75,4,14.6,667815,6648498,68,selfish,0.3706046305857265,0.4761663270697934
167788,0.34,1.838235294117647,0.625,2.0,0.3197420634920635,0.004984520757020757,200,68,125,1678,75,4,61.0,667815,6648498,88,selfish,0.4229568538429628,0.8766829270547112
168,0.375,1.5866666666666667,0.635,2.0,0.31797527472527465,0.005965529609279607,200,75,127,2,195,2,7.1,1117112,2763342,68,selfish,0.3706046305857265,0.4761663270697934
167877,0.2,1.65,0.34,2.0,0.14375074894911852,0.004072052481831893,200,40,68,1679,75,4,87.4,667815,6648498,77,selfish,0.2375482709814891,0.0892183280233827
167986,0.42,1.9642857142857142,0.67,2.014925373134328,0.3880674603174604,0.005289291125541122,200,84,134,1680,75,4,125.0,667815,6648498,86,selfish,0.4461023732799478,0.2773058726188811
168259,0.28,2.0892857142857144,0.445,2.0,0.2109366883116883,0.0042903498217468795,200,56,89,1683,548,5,10.2,473239,390126,59,selfish,0.2977847312437251,0.2895622807306851
168051,0.165,1.7272727272727273,0.245,2.0,0.11914913273001508,0.004008567951656188,200,33,49,1681,548,5,5.0,473239,390126,51,selfish,0.2182850515748211,0.1730815279492411
168903,0.375,1.72,0.57,2.0,0.30387157287157296,0.004951906565656564,200,75,114,1690,548,5,125.0,473239,390126,3,selfish,0.405342196225377,0.1209354681890304
168608,0.3,1.9333333333333333,0.55,2.0,0.2675640331890332,0.005362467532467531,200,60,110,1687,548,5,42.7,473239,390126,8,selfish,0.3927810904963459,0.8167673407001561
16960,0.255,1.8235294117647058,0.38,2.0,0.1782104978354978,0.00447706520088099,200,51,76,170,208,7,125.0,620168,5691464,60,selfish,0.2892063661005389,0.2123889347471068
169410,0.41,1.829268292682927,0.655,2.0,0.3770039682539682,0.00592851551226551,200,82,131,1695,310,3,20.9,1066981,2945118,10,selfish,0.4737946714611262,0.5224738795684104
170466,0.355,1.8028169014084507,0.665,2.0,0.33525335775335774,0.005438771645021644,200,71,133,1705,780,3,20.9,820024,5229994,66,selfish,0.4409284566649496,0.3941260031346912
170215,0.215,1.744186046511628,0.335,2.0,0.16198051948051945,0.0049787463924963905,200,43,67,1703,780,3,10.2,820024,5229994,15,selfish,0.28091147618982,0.9551352008768642
171154,0.29,1.6724137931034482,0.505,2.0,0.25188118825618827,0.005325555555555552,200,58,101,1712,254,3,7.1,881963,3516523,54,selfish,0.3585232711576509,0.4092237628104323
171324,0.385,1.8571428571428572,0.63,2.0,0.34321031746031755,0.00570113095238095,200,77,126,1714,254,3,14.6,881963,3516523,24,selfish,0.4574864654719545,0.463400582232104
170676,0.245,1.7346938775510203,0.42,2.011904761904762,0.19212554112554112,0.004787659840159837,200,49,84,1707,780,3,42.7,820024,5229994,76,selfish,0.3027820674966874,0.514144872517883
170893,0.225,1.7333333333333334,0.42,2.0,0.18268157768157764,0.004249964757464756,200,45,84,1709,780,3,87.4,820024,5229994,93,selfish,0.2779592827386458,0.3345825728904498
172024,0.38,2.0921052631578947,0.65,2.0,0.35509523809523813,0.005010972222222222,200,76,130,1721,54,7,5.0,643603,3716644,24,selfish,0.4574864654719545,0.463400582232104
172225,0.38,1.894736842105263,0.62,2.0,0.34595238095238096,0.005561501623376624,200,76,124,1723,54,7,10.2,643603,3716644,25,selfish,0.454095890072901,0.6742162468199493
172619,0.47,2.0,0.775,2.0,0.4359067460317459,0.005220992063492064,200,94,155,1727,54,7,42.7,643603,3716644,19,selfish,0.4954733651280948,0.0419355939468332
172931,0.23,1.891304347826087,0.38,2.0,0.1578914141414141,0.00400817531661067,200,46,76,1730,54,7,125.0,643603,3716644,31,selfish,0.2689147210983604,0.7842712343444325
173229,0.275,1.8,0.375,2.04,0.20884325396825396,0.007563869047619044,200,55,75,1733,69,3,10.2,78209,5252486,29,selfish,0.2901917465581629,0.3137113417077046
171894,0.2,1.775,0.355,2.0,0.16299080086580084,0.004696648249411407,200,40,71,1719,254,3,87.4,881963,3516523,94,selfish,0.2857700497959219,0.1163714164083326
172765,0.2,1.6,0.395,2.0,0.18095238095238095,0.004841707965237376,200,40,79,1728,54,7,61.0,643603,3716644,65,selfish,0.3439678088500045,0.0675229338756022
173472,0.285,1.8070175438596492,0.425,2.0,0.21717081529581528,0.006137357919857922,200,57,85,1735,69,3,20.9,78209,5252486,72,selfish,0.3156406422303758,0.3774553900605352
173679,0.33,1.9393939393939394,0.555,2.0,0.2685873015873016,0.005548650793650797,200,66,111,1737,69,3,42.7,78209,5252486,79,selfish,0.3642632456563252,0.6890479996878222
173743,0.3,1.9,0.525,2.0,0.2827559523809524,0.005635878427128423,200,60,105,1738,69,3,61.0,78209,5252486,43,selfish,0.3733963553970497,0.8234180661786772
174226,0.18,2.0,0.325,2.0,0.1415308996558997,0.004517936161061158,200,36,65,1743,800,5,10.2,1126653,2224583,26,selfish,0.2702561230694959,0.837478784452857
174799,0.29,1.9655172413793103,0.395,2.0,0.20592478354978355,0.004806197691197692,200,58,79,1748,800,5,61.0,1126653,2224583,99,selfish,0.3227365905845993,0.0746241892293311
174937,0.375,2.0533333333333332,0.655,2.0076335877862594,0.35647673160173154,0.004934727633477631,200,75,131,1750,800,5,125.0,1126653,2224583,37,selfish,0.469568977189866,0.9743873423433428
176399,0.225,2.0444444444444443,0.385,2.0,0.16699740537240534,0.0046644154456654445,200,45,77,1764,231,5,14.6,1004855,6681273,99,selfish,0.3227365905845993,0.0746241892293311
176451,0.18,1.8333333333333333,0.305,2.0,0.11107341269841273,0.003636172395512162,200,36,61,1765,231,5,20.9,1004855,6681273,51,selfish,0.2182850515748211,0.1730815279492411
176923,0.29,1.8103448275862069,0.495,2.0,0.22661507936507938,0.0045068650793650775,200,58,99,1770,231,5,125.0,1004855,6681273,23,selfish,0.3494898166749496,0.4302371480503864
177037,0.41,1.975609756097561,0.635,2.0,0.36375992063492063,0.005572857142857141,200,82,127,1771,147,5,5.0,253111,2951164,37,selfish,0.469568977189866,0.9743873423433428
175943,0.275,1.9454545454545455,0.51,2.0,0.26189861527361524,0.005071068931068933,200,55,102,1760,970,6,125.0,495295,4276973,43,selfish,0.3733963553970497,0.8234180661786772
177395,0.325,2.0153846153846153,0.53,2.0,0.2706015512265513,0.004948477633477635,200,65,106,1774,147,5,14.6,253111,2951164,95,selfish,0.3751229337419657,0.1974510188067169
177197,0.415,2.0,0.7,2.007142857142857,0.373375,0.005133174603174601,200,83,140,1772,147,5,7.1,253111,2951164,97,selfish,0.4855618445578609,0.1689982716058866
177650,0.28,2.0,0.505,2.0,0.2558648296148296,0.004425780281809693,200,56,101,1777,147,5,42.7,253111,2951164,50,selfish,0.3349244931377773,0.5073741801149648
177583,0.15,1.6,0.235,2.0,0.09951448551448552,0.003927990964645376,200,30,47,1776,147,5,29.9,253111,2951164,83,selfish,0.2028601193675408,0.7764128459904844
177914,0.4,1.85,0.64,2.0,0.35278210678210675,0.0050098268398268385,200,80,128,1780,147,5,125.0,253111,2951164,14,selfish,0.4312459512484686,0.5424263205795637
178076,0.24,1.7291666666666667,0.43,2.0,0.18073809523809523,0.004356485042735045,200,48,86,1781,508,7,5.0,977045,406031,76,selfish,0.3027820674966874,0.514144872517883
179186,0.4,1.55,0.685,2.0145985401459856,0.3774583333333333,0.006022202380952381,200,80,137,1792,46,2,7.1,862152,5853360,86,selfish,0.4461023732799478,0.2773058726188811
178316,0.33,1.9545454545454546,0.58,2.0,0.2949722222222223,0.005209983766233767,200,66,116,1784,508,7,14.6,977045,406031,16,selfish,0.4208942434349683,0.0948525522924531
178141,0.335,1.9701492537313432,0.545,2.0,0.3001872294372295,0.004637032085561498,200,67,109,1782,508,7,7.1,977045,406031,41,selfish,0.3883150820571905,0.5577479977483336
179974,0.5,1.64,0.735,2.0,0.4472380952380952,0.0064197619047618995,200,100,147,1800,46,2,125.0,862152,5853360,74,selfish,0.4831039344913304,0.9827660363748432
178949,0.215,1.8372093023255813,0.39,2.0,0.1784128787878788,0.004730807985873775,200,43,78,1790,508,7,125.0,977045,406031,49,selfish,0.3008118292997498,0.7565167136190543
180306,0.425,2.0588235294117645,0.705,2.0,0.3948809523809524,0.006094186507936507,200,85,141,1804,535,5,14.6,577090,6729326,6,selfish,0.4911132375299709,0.252577974178488
180572,0.22,1.6818181818181819,0.39,2.0,0.1632840909090909,0.004362382756132755,200,44,78,1806,535,5,29.9,577090,6729326,72,selfish,0.3156406422303758,0.3774553900605352
180734,0.33,1.9393939393939394,0.52,2.0,0.2874603174603174,0.005263116883116882,200,66,104,1808,535,5,61.0,577090,6729326,34,selfish,0.4113840234518945,0.152863497296565
181175,0.16,1.75,0.275,2.0,0.11474621212121211,0.004894745670995672,200,32,55,1812,736,4,7.1,514199,4710516,75,selfish,0.2525545317138812,0.4401811270174162
181709,0.205,1.7804878048780488,0.3,2.0166666666666666,0.11715995524083762,0.004089609875418699,200,41,60,1818,736,4,61.0,514199,4710516,9,selfish,0.2331676534838964,0.9471927912224244
181387,0.275,1.7636363636363637,0.395,2.0,0.21993650793650787,0.0053025000000000025,200,55,79,1814,736,4,14.6,514199,4710516,87,selfish,0.3108669576156866,0.5798034448113424
18200,0.385,1.974025974025974,0.555,2.0,0.3406785714285715,0.0059651190476190455,200,77,111,182,871,3,7.1,1179798,7333864,100,selfish,0.4158727914731683,0.6511808318464773
18219,0.49,1.8877551020408163,0.775,2.0,0.4307499999999999,0.0061951190476190465,200,98,155,183,871,3,10.2,1179798,7333864,19,selfish,0.4954733651280948,0.0419355939468332
182266,0.315,1.9365079365079365,0.535,2.0,0.2851190476190476,0.005281686507936507,200,63,107,1823,374,7,10.2,1155673,6010507,66,selfish,0.4409284566649496,0.3941260031346912
182436,0.215,2.046511627906977,0.41,2.0,0.19201785714285713,0.004674152236652237,200,43,82,1825,374,7,20.9,1155673,6010507,36,selfish,0.3461077870164497,0.600169191961039
183181,0.215,1.8372093023255813,0.31,2.0,0.1453422133422133,0.004451583902208903,200,43,62,1832,364,4,7.1,200318,2192063,81,selfish,0.2269416996374781,0.4804242585572029
182637,0.36,1.8611111111111112,0.61,2.0,0.32676587301587307,0.005378849206349207,200,72,122,1827,374,7,42.7,1155673,6010507,37,selfish,0.469568977189866,0.9743873423433428
183293,0.2,1.725,0.385,2.0,0.16383152958152958,0.004635234348984347,200,40,77,1833,364,4,10.2,200318,2192063,93,selfish,0.2779592827386458,0.3345825728904498
183874,0.425,2.1058823529411765,0.71,2.0140845070422535,0.3990654761904762,0.005147996031746033,200,85,142,1839,364,4,87.4,200318,2192063,74,selfish,0.4831039344913304,0.9827660363748432
183924,0.375,1.88,0.66,2.007575757575758,0.3338710317460318,0.005241210317460316,200,75,132,1840,364,4,125.0,200318,2192063,24,selfish,0.4574864654719545,0.463400582232104
18337,0.43,1.872093023255814,0.645,2.0,0.37057539682539686,0.005550874819624819,200,86,129,184,871,3,14.6,1179798,7333864,37,selfish,0.469568977189866,0.9743873423433428
184046,0.355,2.112676056338028,0.585,2.0,0.3254583333333333,0.00489797619047619,200,71,117,1841,571,6,5.0,1058443,3020113,46,selfish,0.4184444837622084,0.6687474950133617
184243,0.34,2.0294117647058822,0.565,2.0088495575221237,0.2870793650793651,0.004725795454545455,200,68,113,1843,571,6,10.2,1058443,3020113,43,selfish,0.3733963553970497,0.8234180661786772
185028,0.36,2.013888888888889,0.62,2.0,0.33072130647130643,0.006675453296703287,200,72,124,1851,411,7,5.0,179544,6266571,28,selfish,0.4304538627565802,0.2618674911675315
184356,0.465,1.967741935483871,0.695,2.0,0.4179642857142858,0.005230238095238097,200,93,139,1844,571,6,14.6,1058443,3020113,56,selfish,0.4768512858671266,0.1447302436856452
185335,0.365,1.8082191780821917,0.59,2.0084745762711864,0.3100714285714286,0.005738138528138525,200,73,118,1854,411,7,14.6,179544,6266571,35,selfish,0.444752781116749,0.3583252290098091
185434,0.28,1.7678571428571428,0.59,2.0,0.26927994227994234,0.00558285714285714,200,56,118,1855,411,7,20.9,179544,6266571,34,selfish,0.4113840234518945,0.152863497296565
185518,0.25,1.8,0.335,2.0,0.16506764069264068,0.004312315115440112,200,50,67,1856,411,7,29.9,179544,6266571,18,selfish,0.2312345941585266,0.3847746110331581
185791,0.285,2.0701754385964914,0.555,2.0,0.26658333333333323,0.005202362914862913,200,57,111,1858,411,7,61.0,179544,6266571,91,selfish,0.3969614753991711,0.3291381696463736
185883,0.115,1.6956521739130435,0.18,2.0,0.06374786251759938,0.0038761723992381887,200,23,36,1859,411,7,87.4,179544,6266571,83,selfish,0.2028601193675408,0.7764128459904844
187688,0.34,1.6029411764705883,0.58,2.0172413793103448,0.30876190476190474,0.00555113095238095,200,68,116,1877,174,3,42.7,434845,4955019,88,selfish,0.4229568538429628,0.8766829270547112
185924,0.44,1.9204545454545454,0.69,2.0072463768115942,0.3869880952380953,0.005274624819624819,200,88,138,1860,411,7,125.0,179544,6266571,24,selfish,0.4574864654719545,0.463400582232104
18616,0.34,1.75,0.555,2.0,0.31436507936507935,0.005201805555555555,200,68,111,187,871,3,42.7,1179798,7333864,16,selfish,0.4208942434349683,0.0948525522924531
188389,0.285,1.5263157894736843,0.385,2.0259740259740258,0.160109126984127,0.005742992329308116,200,57,77,1884,517,2,14.6,532901,1432144,89,selfish,0.2129379249701362,0.6944582199785999
188551,0.265,1.4150943396226414,0.345,2.0,0.1733932178932179,0.004805390581640581,200,53,69,1886,517,2,29.9,532901,1432144,51,selfish,0.2182850515748211,0.1730815279492411
18756,0.43,2.011627906976744,0.67,2.0074626865671643,0.3831388888888889,0.0055732936507936455,200,86,134,188,871,3,61.0,1179798,7333864,56,selfish,0.4768512858671266,0.1447302436856452
188991,0.41,1.646341463414634,0.67,2.0,0.37465873015873025,0.005736845238095237,200,82,134,1890,517,2,125.0,532901,1432144,91,selfish,0.3969614753991711,0.3291381696463736
188656,0.495,1.4848484848484849,0.76,2.0065789473684212,0.4334007936507936,0.0067207936507936465,200,99,152,1887,517,2,42.7,532901,1432144,56,selfish,0.4768512858671266,0.1447302436856452
190005,0.45,1.5888888888888888,0.745,2.0134228187919465,0.41855357142857136,0.006374350649350645,200,90,149,1901,187,2,5.0,843589,1052878,5,selfish,0.4995762557070848,0.3625281920046287
190243,0.325,1.5076923076923077,0.645,2.0,0.282734126984127,0.005257797619047616,200,65,129,1903,187,2,10.2,843589,1052878,43,selfish,0.3733963553970497,0.8234180661786772
190390,0.36,1.5972222222222223,0.58,2.0,0.25667694805194813,0.0049951177988677995,200,72,116,1904,187,2,14.6,843589,1052878,90,selfish,0.3196298037016608,0.990883980492858
190579,0.41,1.6829268292682926,0.67,2.0,0.34187914862914875,0.005327741702741704,200,82,134,1906,187,2,29.9,843589,1052878,79,selfish,0.3642632456563252,0.6890479996878222
190788,0.375,1.92,0.67,2.0,0.3393869047619048,0.0054776984126984115,200,75,134,1908,187,2,61.0,843589,1052878,88,selfish,0.4229568538429628,0.8766829270547112
190822,0.28,1.7678571428571428,0.44,2.0,0.17267716055873955,0.0038405327749735617,200,56,88,1909,187,2,87.4,843589,1052878,22,selfish,0.24260325729568,0.2220357375157741
190978,0.36,1.8055555555555556,0.64,2.0,0.29531715506715517,0.0053091989954489925,200,72,128,1910,187,2,125.0,843589,1052878,78,selfish,0.3815618301396259,0.7050527606912402
191087,0.27,1.7222222222222223,0.385,2.0,0.2054126984126984,0.008093538961038958,200,54,77,1911,732,3,5.0,173782,4804568,87,selfish,0.3108669576156866,0.5798034448113424
191347,0.35,1.7857142857142858,0.595,2.0,0.3278214285714286,0.006044209956709952,200,70,119,1914,732,3,14.6,173782,4804568,47,selfish,0.4071129309119736,0.103198652756049
189221,0.185,1.7567567567567568,0.27,2.0,0.1207005772005772,0.004353958888333887,200,37,54,1893,996,8,10.2,366934,5387618,21,selfish,0.2397567210258474,0.5887702959721403
189987,0.24,1.8333333333333333,0.39,2.0,0.16152124183006536,0.004264568903318902,200,48,78,1900,996,8,125.0,366934,5387618,87,selfish,0.3108669576156866,0.5798034448113424
19249,0.24,1.8333333333333333,0.345,2.0,0.18238167388167384,0.005607427849927845,200,48,69,193,136,4,10.2,153589,5645635,49,selfish,0.3008118292997498,0.7565167136190543
19304,0.2,1.975,0.35,2.0,0.1500734126984127,0.004741603951603949,200,40,70,194,136,4,14.6,153589,5645635,4,selfish,0.2627648343443758,0.7190241322679278
193011,0.31,2.0161290322580645,0.575,2.008695652173913,0.28739423076923076,0.0054606715506715486,200,62,115,1931,178,4,5.0,488054,4844989,11,selfish,0.3777435584279705,0.3053722478730439
193424,0.395,2.2278481012658227,0.635,2.0078740157480315,0.36314808802308796,0.005332659048467871,200,79,127,1935,178,4,20.9,488054,4844989,24,selfish,0.4574864654719545,0.463400582232104
191590,0.29,1.896551724137931,0.445,2.0,0.21782341269841268,0.004834078282828281,200,58,89,1916,732,3,29.9,173782,4804568,90,selfish,0.3196298037016608,0.990883980492858
191752,0.34,2.176470588235294,0.55,2.0090909090909093,0.3087380952380953,0.005481765873015874,200,68,110,1918,732,3,61.0,173782,4804568,52,selfish,0.3898718220747056,0.4295434601453535
193591,0.305,2.0655737704918034,0.57,2.008771929824561,0.2744671717171717,0.004923082611832611,200,61,114,1936,178,4,29.9,488054,4844989,91,selfish,0.3969614753991711,0.3291381696463736
193934,0.27,2.0185185185185186,0.54,2.0185185185185186,0.23755952380952375,0.004684968503718504,200,54,108,1940,178,4,125.0,488054,4844989,34,selfish,0.4113840234518945,0.152863497296565
193700,0.325,2.076923076923077,0.53,2.0,0.2909978632478632,0.0052154441391941385,200,65,106,1937,178,4,42.7,488054,4844989,100,selfish,0.4158727914731683,0.6511808318464773
19449,0.265,1.830188679245283,0.405,2.0,0.18796965452847803,0.0048778838236926475,200,53,81,195,136,4,20.9,153589,5645635,49,selfish,0.3008118292997498,0.7565167136190543
194112,0.28,2.017857142857143,0.535,2.0,0.24728264790764784,0.005009408369408371,200,56,107,1942,491,6,7.1,927779,6224225,12,selfish,0.3985108847427614,0.9637929216712549
194368,0.315,1.9841269841269842,0.55,2.0090909090909093,0.26341287878787883,0.004861352813852814,200,63,110,1944,491,6,14.6,927779,6224225,68,selfish,0.3706046305857265,0.4761663270697934
194673,0.19,1.9210526315789473,0.34,2.014705882352941,0.14221969696969697,0.004314891541207331,200,38,68,1947,491,6,42.7,927779,6224225,73,selfish,0.2631399047202775,0.494072025933513
195419,0.38,2.039473684210526,0.65,2.0,0.3543396464646465,0.005415579004329,200,76,130,1955,580,6,20.9,167827,3249308,19,selfish,0.4954733651280948,0.0419355939468332
196448,0.2,1.675,0.325,2.0153846153846153,0.12767829392829388,0.003803094405594407,200,40,65,1965,88,4,20.9,465040,1419318,48,selfish,0.2114807290736435,0.0244607249130057
196549,0.245,1.9387755102040816,0.385,2.0,0.17668452380952382,0.004201332972582969,200,49,77,1966,88,4,29.9,465040,1419318,49,selfish,0.3008118292997498,0.7565167136190543
196679,0.28,1.9464285714285714,0.48,2.0,0.22902417027417027,0.005070159285159288,200,56,96,1967,88,4,42.7,465040,1419318,79,selfish,0.3642632456563252,0.6890479996878222
195540,0.18,1.8611111111111112,0.33,2.0,0.12927074314574316,0.004341293290043289,200,36,66,1956,580,6,29.9,167827,3249308,40,selfish,0.2501126952506121,0.6454895199876196
196899,0.31,1.8387096774193548,0.495,2.01010101010101,0.22774603174603175,0.004629613858363856,200,62,99,1969,88,4,87.4,465040,1419318,99,selfish,0.3227365905845993,0.0746241892293311
195654,0.295,2.169491525423729,0.5,2.0,0.2560595238095238,0.005039388528138527,200,59,100,1957,580,6,42.7,167827,3249308,54,selfish,0.3585232711576509,0.4092237628104323
195803,0.325,1.9538461538461538,0.58,2.0,0.28653968253968254,0.005174623015873017,200,65,116,1959,580,6,87.4,167827,3249308,3,selfish,0.405342196225377,0.1209354681890304
197150,0.255,2.0,0.47,2.0,0.21705357142857146,0.005415605158730155,200,51,94,1972,482,5,7.1,336668,3768166,50,selfish,0.3349244931377773,0.5073741801149648
197236,0.285,2.017543859649123,0.465,2.0,0.23506222943722943,0.005060087641117051,200,57,93,1973,482,5,10.2,336668,3768166,36,selfish,0.3461077870164497,0.600169191961039
197028,0.355,1.9295774647887325,0.605,2.0082644628099175,0.3348055555555555,0.0059918253968253895,200,71,121,1971,482,5,5.0,336668,3768166,28,selfish,0.4304538627565802,0.2618674911675315
197350,0.265,1.7735849056603774,0.49,2.0,0.22914962814962814,0.0048546881590631604,200,53,98,1974,482,5,14.6,336668,3768166,50,selfish,0.3349244931377773,0.5073741801149648
19811,0.3,1.8333333333333333,0.5,2.0,0.24712499999999998,0.0052414904539904526,200,60,100,199,136,4,87.4,153589,5645635,11,selfish,0.3777435584279705,0.3053722478730439
197466,0.375,1.96,0.65,2.0,0.3453614718614719,0.005162819264069265,200,75,130,1975,482,5,20.9,336668,3768166,66,selfish,0.4409284566649496,0.3941260031346912
197598,0.175,1.9428571428571428,0.255,2.0,0.1119318598068598,0.003965744761774173,200,35,51,1976,482,5,29.9,336668,3768166,98,selfish,0.21729239263723,0.8840829656528192
198217,0.72,14.465277777777779,0.725,2.103448275862069,0.49992009279444405,0.006543507080343564,200,144,145,1983,682,2,10.2,148856,5776151,17,selfish,0.4372556438030128,0.9067257327686692
198442,0.465,5.172043010752688,0.695,2.115107913669065,0.29201771812890503,0.00848815395252895,200,93,139,1985,682,2,20.9,148856,5776151,42,selfish,0.2544637386172081,0.3417299389831262
199277,0.215,1.744186046511628,0.32,2.0,0.14111297036297038,0.004282353173786997,200,43,64,1993,358,3,10.2,1040225,5729202,77,selfish,0.2375482709814891,0.0892183280233827
198636,0.455,2.6153846153846154,0.66,2.0833333333333335,0.3427789264828739,0.008158543956043955,200,91,132,1987,682,2,42.7,148856,5776151,36,selfish,0.3461077870164497,0.600169191961039
198759,0.4,1.875,0.59,2.042372881355932,0.30872077922077923,0.009283531746031741,200,80,118,1988,682,2,61.0,148856,5776151,59,selfish,0.2977847312437251,0.2895622807306851
19947,0.355,1.8591549295774648,0.645,2.007751937984496,0.31870405982905986,0.004739166666666665,200,71,129,200,136,4,125.0,153589,5645635,47,selfish,0.4071129309119736,0.103198652756049
198888,0.46,1.923913043478261,0.705,2.0141843971631204,0.3941388888888889,0.008163333333333326,200,92,141,1989,682,2,87.4,148856,5776151,88,selfish,0.4229568538429628,0.8766829270547112
199483,0.145,1.6896551724137931,0.235,2.0,0.10273910321704438,0.0036597602315984645,200,29,47,1995,358,3,20.9,1040225,5729202,83,selfish,0.2028601193675408,0.7764128459904844
199694,0.23,1.565217391304348,0.405,2.0,0.17943347338935575,0.004281279435433848,200,46,81,1997,358,3,42.7,1040225,5729202,94,selfish,0.2857700497959219,0.1163714164083326
199747,0.315,1.9682539682539681,0.595,2.0,0.2807698412698413,0.004921984126984129,200,63,119,1998,358,3,61.0,1040225,5729202,47,selfish,0.4071129309119736,0.103198652756049
200059,0.28,1.9821428571428572,0.38,2.0,0.20067117604617607,0.006021388888888884,200,56,76,2001,697,7,5.0,203528,6190154,59,selfish,0.2977847312437251,0.2895622807306851
200169,0.125,1.76,0.175,2.0,0.07795851370851369,0.005439544205794202,200,25,35,2002,697,7,7.1,203528,6190154,69,selfish,0.2070972729458678,0.2979198700199214
200579,0.315,1.8253968253968254,0.47,2.0,0.2583879731379731,0.004875969169719172,200,63,94,2006,697,7,29.9,203528,6190154,79,selfish,0.3642632456563252,0.6890479996878222
201075,0.19,1.9736842105263157,0.365,2.0,0.13631832464920704,0.003732173006731829,200,38,73,2011,418,6,5.0,1182806,753016,75,selfish,0.2525545317138812,0.4401811270174162
2007,0.4,1.925,0.65,2.0153846153846153,0.3446984126984127,0.005290835137085136,200,80,130,21,953,6,5.0,1197932,5801972,7,selfish,0.4657787213448116,0.0151426399118454
201536,0.24,2.2291666666666665,0.46,2.0,0.21887499999999996,0.004554277597402598,200,48,92,2016,418,6,29.9,1182806,753016,36,selfish,0.3461077870164497,0.600169191961039
201638,0.29,1.9827586206896552,0.45,2.011111111111111,0.2530019841269841,0.004654787157287155,200,58,90,2017,418,6,42.7,1182806,753016,38,selfish,0.3509947337216052,0.8424701912520188
201730,0.23,1.7391304347826086,0.31,2.0161290322580645,0.12976803751803753,0.003527207532202099,200,46,62,2018,418,6,61.0,1182806,753016,30,selfish,0.2039812783100412,0.857228363045134
20134,0.305,2.0655737704918034,0.56,2.0,0.2823057359307359,0.0052790674603174605,200,61,112,202,865,7,7.1,412235,1832679,34,selfish,0.4113840234518945,0.152863497296565
201835,0.35,1.8428571428571427,0.625,2.0,0.3185238095238096,0.005526646825396822,200,70,125,2019,418,6,87.4,1182806,753016,35,selfish,0.444752781116749,0.3583252290098091
201999,0.24,1.9375,0.41,2.0,0.1896547619047619,0.004611285381285381,200,48,82,2020,418,6,125.0,1182806,753016,99,selfish,0.3227365905845993,0.0746241892293311
202581,0.265,1.471698113207547,0.395,2.0,0.15379563492063497,0.0042298021423021435,200,53,79,2026,833,2,29.9,833179,1221269,81,selfish,0.2269416996374781,0.4804242585572029
202293,0.285,1.4912280701754386,0.415,2.0,0.21352597402597404,0.006821075036075034,200,57,83,2023,833,2,10.2,833179,1221269,93,selfish,0.2779592827386458,0.3345825728904498
202684,0.345,1.5797101449275361,0.705,2.0141843971631204,0.31211904761904763,0.005746428571428569,200,69,141,2027,833,2,42.7,833179,1221269,84,selfish,0.4277086989642705,0.7484720574557526
203154,0.25,2.08,0.48,2.0,0.2139646464646465,0.004875815295815295,200,50,96,2032,601,6,7.1,492078,4305921,54,selfish,0.3585232711576509,0.4092237628104323
203379,0.37,1.8783783783783783,0.6,2.0,0.3177797619047619,0.004662442279942281,200,74,120,2034,601,6,14.6,492078,4305921,79,selfish,0.3642632456563252,0.6890479996878222
203741,0.265,1.9622641509433962,0.515,2.0,0.23551785714285714,0.004889209956709956,200,53,103,2038,601,6,61.0,492078,4305921,41,selfish,0.3883150820571905,0.5577479977483336
203491,0.285,2.087719298245614,0.515,2.0,0.24796901709401706,0.005466343101343098,200,57,103,2035,601,6,20.9,492078,4305921,91,selfish,0.3969614753991711,0.3291381696463736
203952,0.36,2.013888888888889,0.525,2.0,0.30836111111111125,0.005219491341991341,200,72,105,2040,601,6,125.0,492078,4305921,52,selfish,0.3898718220747056,0.4295434601453535
204228,0.345,1.6666666666666667,0.57,2.0,0.31350595238095236,0.005434880952380951,200,69,114,2043,632,3,10.2,781390,2024723,28,selfish,0.4304538627565802,0.2618674911675315
204031,0.225,1.711111111111111,0.34,2.0,0.16351157584245818,0.00439686258186258,200,45,68,2041,632,3,5.0,781390,2024723,31,selfish,0.2689147210983604,0.7842712343444325
204102,0.245,1.7959183673469388,0.35,2.0,0.17255543068043064,0.00518210914085914,200,49,70,2042,632,3,7.1,781390,2024723,2,selfish,0.2959114945914544,0.9228509849216918
204375,0.215,1.7906976744186047,0.31,2.0,0.1592464133089133,0.004663347069597067,200,43,62,2044,632,3,14.6,781390,2024723,75,selfish,0.2525545317138812,0.4401811270174162
204769,0.165,1.8181818181818181,0.25,2.0,0.09819751082251081,0.003739448072352482,200,33,50,2048,632,3,61.0,781390,2024723,69,selfish,0.2070972729458678,0.2979198700199214
204503,0.35,1.8142857142857143,0.58,2.0,0.30554166666666666,0.005290119047619042,200,70,116,2046,632,3,29.9,781390,2024723,3,selfish,0.405342196225377,0.1209354681890304
204832,0.365,1.8082191780821917,0.635,2.015748031496063,0.3319345238095238,0.005308928571428573,200,73,127,2049,632,3,87.4,781390,2024723,32,selfish,0.4495856593533723,0.6338235473212548
204966,0.41,2.0121951219512195,0.665,2.007518796992481,0.3514608585858587,0.004704107142857143,200,82,133,2050,632,3,125.0,781390,2024723,66,selfish,0.4409284566649496,0.3941260031346912
205112,0.31,1.967741935483871,0.575,2.0,0.28850198412698413,0.004821076839826839,200,62,115,2052,436,8,7.1,378199,984646,12,selfish,0.3985108847427614,0.9637929216712549
205271,0.315,1.5555555555555556,0.475,2.0,0.2426331168831168,0.004821576895326895,200,63,95,2053,436,8,10.2,378199,984646,71,selfish,0.3239323376009491,0.868936778850477
205354,0.29,1.7413793103448276,0.495,2.0,0.24502236652236647,0.005163514263514261,200,58,99,2054,436,8,14.6,378199,984646,54,selfish,0.3585232711576509,0.4092237628104323
205461,0.27,1.7777777777777777,0.45,2.0,0.19433008658008658,0.0042040757853257825,200,54,90,2055,436,8,20.9,378199,984646,61,selfish,0.3070497535774244,0.9179940122389904
205815,0.25,1.9,0.375,2.0,0.17895238095238092,0.004163969079166447,200,50,75,2059,436,8,87.4,378199,984646,15,selfish,0.28091147618982,0.9551352008768642
205648,0.16,1.875,0.26,2.0,0.11657186250568602,0.003939414864819273,200,32,52,2057,436,8,42.7,378199,984646,48,selfish,0.2114807290736435,0.0244607249130057
205922,0.25,1.84,0.35,2.0,0.1559013347763348,0.004210555416805416,200,50,70,2060,436,8,125.0,378199,984646,22,selfish,0.24260325729568,0.2220357375157741
20562,0.25,1.92,0.465,2.0,0.2004287518037518,0.004296294906074319,200,50,93,206,865,7,29.9,412235,1832679,62,selfish,0.3350709844137344,0.6247506884808997
206116,0.38,1.736842105263158,0.56,2.0,0.3262916666666667,0.006783630952380948,200,76,112,2062,790,7,7.1,78612,2654643,16,selfish,0.4208942434349683,0.0948525522924531
206037,0.405,1.8395061728395061,0.63,2.007936507936508,0.35983333333333334,0.007078749999999994,200,81,126,2061,790,7,5.0,78612,2654643,37,selfish,0.469568977189866,0.9743873423433428
206211,0.325,1.7538461538461538,0.555,2.009009009009009,0.28361147186147184,0.005577667748917745,200,65,111,2063,790,7,10.2,78612,2654643,11,selfish,0.3777435584279705,0.3053722478730439
206356,0.445,1.7865168539325842,0.665,2.0,0.37584829059829067,0.005803063186813185,200,89,133,2064,790,7,14.6,78612,2654643,56,selfish,0.4768512858671266,0.1447302436856452
206507,0.35,1.957142857142857,0.585,2.0,0.31019246031746034,0.005916785714285713,200,70,117,2066,790,7,29.9,78612,2654643,7,selfish,0.4657787213448116,0.0151426399118454
206647,0.29,1.896551724137931,0.54,2.0,0.2654325396825397,0.005123528693528692,200,58,108,2067,790,7,42.7,78612,2654643,47,selfish,0.4071129309119736,0.103198652756049
206769,0.15,1.8666666666666667,0.27,2.0,0.09257400932400932,0.00384528276762797,200,30,54,2068,790,7,61.0,78612,2654643,69,selfish,0.2070972729458678,0.2979198700199214
206954,0.27,1.7592592592592593,0.49,2.0,0.2444112554112554,0.0052274608724608715,200,54,98,2070,790,7,125.0,78612,2654643,54,selfish,0.3585232711576509,0.4092237628104323
208066,0.33,1.9242424242424243,0.55,2.0,0.30686309523809524,0.005895773809523807,200,66,110,2081,512,4,5.0,687763,6345894,66,selfish,0.4409284566649496,0.3941260031346912
208186,0.365,2.0,0.63,2.0,0.32586309523809526,0.005730238095238091,200,73,126,2082,512,4,7.1,687763,6345894,86,selfish,0.4461023732799478,0.2773058726188811
208220,0.19,1.6578947368421053,0.285,2.0,0.12432539682539683,0.004547433721249511,200,38,57,2083,512,4,10.2,687763,6345894,20,selfish,0.2461140406262255,0.1374999707243197
208841,0.335,1.8507462686567164,0.545,2.0,0.29564285714285704,0.005048573232323233,200,67,109,2089,512,4,87.4,687763,6345894,41,selfish,0.3883150820571905,0.5577479977483336
208474,0.36,2.111111111111111,0.645,2.007751937984496,0.3372857142857142,0.00535200577200577,200,72,129,2085,512,4,20.9,687763,6345894,74,selfish,0.4831039344913304,0.9827660363748432
208910,0.47,1.9680851063829787,0.685,2.0,0.40913130252100843,0.005439078601137424,200,94,137,2090,512,4,125.0,687763,6345894,10,selfish,0.4737946714611262,0.5224738795684104
209274,0.435,2.0114942528735633,0.68,2.0073529411764706,0.36222023809523807,0.005865238095238089,200,87,136,2093,454,4,10.2,326607,1373017,74,selfish,0.4831039344913304,0.9827660363748432
209331,0.29,2.0172413793103448,0.385,2.0,0.195156746031746,0.004659438894438894,200,58,77,2094,454,4,14.6,326607,1373017,31,selfish,0.2689147210983604,0.7842712343444325
210340,0.235,1.851063829787234,0.355,2.0,0.14077579365079365,0.003929969140336787,200,47,71,2104,235,7,14.6,801870,7204118,40,selfish,0.2501126952506121,0.6454895199876196
21095,0.32,1.71875,0.485,2.0,0.2895595238095239,0.005503632756132756,200,64,97,211,213,6,5.0,141762,3297552,95,selfish,0.3751229337419657,0.1974510188067169
20965,0.245,2.0,0.515,2.0,0.23246757409257413,0.004765837703962703,200,49,103,210,865,7,125.0,412235,1832679,65,selfish,0.3439678088500045,0.0675229338756022
211050,0.25,1.8,0.455,2.0,0.2160600649350649,0.004739425713175711,200,50,91,2111,664,5,5.0,442214,2069828,50,selfish,0.3349244931377773,0.5073741801149648
211452,0.315,1.8253968253968254,0.545,2.0091743119266057,0.28506227106227106,0.005055577200577198,200,63,109,2115,664,5,20.9,442214,2069828,52,selfish,0.3898718220747056,0.4295434601453535
211210,0.445,2.1235955056179776,0.665,2.030075187969925,0.3801011904761904,0.005361865079365074,200,89,133,2113,664,5,10.2,442214,2069828,10,selfish,0.4737946714611262,0.5224738795684104
211649,0.245,1.8775510204081634,0.395,2.0,0.188379329004329,0.00412682398519355,200,49,79,2117,664,5,42.7,442214,2069828,49,selfish,0.3008118292997498,0.7565167136190543
211705,0.42,2.0833333333333335,0.63,2.0,0.3819940476190476,0.005656170634920633,200,84,126,2118,664,5,61.0,442214,2069828,5,selfish,0.4995762557070848,0.3625281920046287
211818,0.11,1.7727272727272727,0.245,2.0,0.08653589466089466,0.0037366249926544044,200,22,49,2119,664,5,87.4,442214,2069828,18,selfish,0.2312345941585266,0.3847746110331581
212261,0.28,1.7857142857142858,0.385,2.012987012987013,0.2114743867243867,0.004949087856587854,200,56,77,2123,700,6,10.2,247217,1805565,61,selfish,0.3070497535774244,0.9179940122389904
212514,0.33,2.090909090909091,0.57,2.0,0.28985912698412697,0.005208474025974026,200,66,114,2126,700,6,29.9,247217,1805565,14,selfish,0.4312459512484686,0.5424263205795637
212336,0.25,2.2,0.5,2.0,0.21640909090909094,0.004601083198202762,200,50,100,2124,700,6,14.6,247217,1805565,36,selfish,0.3461077870164497,0.600169191961039
213031,0.215,1.697674418604651,0.32,2.0,0.14880128205128204,0.004673577665025031,200,43,64,2131,81,6,5.0,316968,2365480,31,selfish,0.2689147210983604,0.7842712343444325
213399,0.255,1.8235294117647058,0.41,2.0121951219512195,0.1883802308802309,0.004883695887445886,200,51,82,2134,81,6,14.6,316968,2365480,99,selfish,0.3227365905845993,0.0746241892293311
213757,0.2,1.725,0.305,2.0,0.1329106449106449,0.0038272188228438216,200,40,61,2138,81,6,61.0,316968,2365480,57,selfish,0.2281547978409189,0.2464978385902064
212662,0.26,2.019230769230769,0.505,2.0,0.22391458541458548,0.004391944999444999,200,52,101,2127,700,6,42.7,247217,1805565,62,selfish,0.3350709844137344,0.6247506884808997
212835,0.335,1.8208955223880596,0.61,2.0,0.315172619047619,0.005109861111111113,200,67,122,2129,700,6,87.4,247217,1805565,35,selfish,0.444752781116749,0.3583252290098091
214142,0.235,1.851063829787234,0.38,2.0,0.1638138528138528,0.004072012987012986,200,47,76,2142,264,6,7.1,1188411,5498682,42,selfish,0.2544637386172081,0.3417299389831262
21435,0.375,2.28,0.62,2.0,0.34176587301587297,0.005652103174603176,200,75,124,215,213,6,20.9,141762,3297552,35,selfish,0.444752781116749,0.3583252290098091
214836,0.29,1.8793103448275863,0.525,2.0,0.2592543281881517,0.004815436875216284,200,58,105,2149,264,6,87.4,1188411,5498682,36,selfish,0.3461077870164497,0.600169191961039
214931,0.21,1.880952380952381,0.36,2.0,0.15963888888888886,0.004528681110556111,200,42,72,2150,264,6,125.0,1188411,5498682,31,selfish,0.2689147210983604,0.7842712343444325
21513,0.165,1.5757575757575757,0.29,2.0,0.11227038239538238,0.003712845855125265,200,33,58,216,213,6,29.9,141762,3297552,13,selfish,0.2238256630629619,0.7912632295125752
215264,0.43,1.9534883720930232,0.725,2.013793103448276,0.3829603174603175,0.0057378571428571435,200,86,145,2153,332,6,10.2,183548,654336,64,selfish,0.4895135847322587,0.8096004723526141
215556,0.405,1.876543209876543,0.62,2.0,0.36711309523809527,0.005798730158730158,200,81,124,2156,332,6,29.9,183548,654336,56,selfish,0.4768512858671266,0.1447302436856452
215676,0.295,1.9322033898305084,0.47,2.0,0.20916360028860026,0.004316455835830835,200,59,94,2157,332,6,42.7,183548,654336,76,selfish,0.3027820674966874,0.514144872517883
215844,0.285,1.912280701754386,0.44,2.0,0.23258387445887452,0.004646513347763349,200,57,88,2159,332,6,87.4,183548,654336,44,selfish,0.3297294244236074,0.1851245903607699
21684,0.31,1.7903225806451613,0.57,2.0,0.28227471139971144,0.0053181042568542555,200,62,114,217,213,6,42.7,141762,3297552,84,selfish,0.4277086989642705,0.7484720574557526
216339,0.39,1.9615384615384615,0.65,2.0076923076923077,0.3495,0.005556190476190476,200,78,130,2164,825,5,14.6,175925,5979388,39,selfish,0.4790241755215713,0.6177321915239017
216615,0.255,1.8823529411764706,0.355,2.0,0.16947254053136407,0.004554469696969697,200,51,71,2167,825,5,42.7,175925,5979388,15,selfish,0.28091147618982,0.9551352008768642
216425,0.36,1.7638888888888888,0.615,2.0,0.3312440476190477,0.00576811507936508,200,72,123,2165,825,5,20.9,175925,5979388,25,selfish,0.454095890072901,0.6742162468199493
217994,0.26,1.9615384615384615,0.39,2.0,0.19381836219336218,0.004218311688311687,200,52,78,2180,262,5,125.0,1160842,921931,94,selfish,0.2857700497959219,0.1163714164083326
216844,0.255,1.7450980392156863,0.405,2.0,0.20071398046398045,0.004700427717707128,200,51,81,2169,825,5,87.4,175925,5979388,44,selfish,0.3297294244236074,0.1851245903607699
218032,0.36,1.7638888888888888,0.59,2.0,0.32592063492063494,0.005914861111111107,200,72,118,2181,37,7,5.0,225012,7920954,32,selfish,0.4495856593533723,0.6338235473212548
218178,0.365,1.904109589041096,0.54,2.0,0.32080753968253967,0.005661686507936506,200,73,108,2182,37,7,7.1,225012,7920954,78,selfish,0.3815618301396259,0.7050527606912402
218383,0.185,1.6756756756756757,0.25,2.0,0.11375720113220114,0.003859704248924448,200,37,50,2184,37,7,14.6,225012,7920954,83,selfish,0.2028601193675408,0.7764128459904844
218520,0.25,1.76,0.355,2.0,0.15877722715880613,0.003944469255160046,200,50,71,2186,37,7,29.9,225012,7920954,20,selfish,0.2461140406262255,0.1374999707243197
218690,0.285,1.6842105263157894,0.45,2.0,0.23456385281385284,0.004607140359640358,200,57,90,2187,37,7,42.7,225012,7920954,90,selfish,0.3196298037016608,0.990883980492858
218833,0.26,1.9038461538461537,0.4,2.0,0.1815183982683983,0.004066871523084758,200,52,80,2189,37,7,87.4,225012,7920954,33,selfish,0.2594311744995365,0.5379384620687854
218997,0.42,2.0476190476190474,0.705,2.00709219858156,0.37606593406593397,0.005298928571428572,200,84,141,2190,37,7,125.0,225012,7920954,97,selfish,0.4855618445578609,0.1689982716058866
216921,0.2,1.85,0.325,2.0,0.130875,0.004219252964098166,200,40,65,2170,825,5,125.0,175925,5979388,21,selfish,0.2397567210258474,0.5887702959721403
219560,0.24,1.6875,0.385,2.0,0.17880555555555552,0.004860973442407265,200,48,77,2196,496,3,29.9,469525,6532850,60,selfish,0.2892063661005389,0.2123889347471068
219436,0.25,1.88,0.445,2.0,0.22481349206349216,0.005040041486291485,200,50,89,2195,496,3,20.9,469525,6532850,36,selfish,0.3461077870164497,0.600169191961039
219731,0.2,1.775,0.375,2.0,0.1597493894993895,0.004676443001443004,200,40,75,2198,496,3,61.0,469525,6532850,31,selfish,0.2689147210983604,0.7842712343444325
2180,0.185,1.837837837837838,0.31,2.0,0.1271612554112554,0.004744099580974582,200,37,62,22,953,6,7.1,1197932,5801972,80,selfish,0.2816906079992455,0.4111680330999803
220173,0.23,1.7608695652173914,0.355,2.0,0.16211495448995447,0.004686085511710511,200,46,71,2202,785,3,7.1,256971,1560624,73,selfish,0.2631399047202775,0.494072025933513
221113,0.15,1.8,0.25,2.0,0.0963293650793651,0.003941359431704633,200,30,50,2212,310,5,7.1,1088708,5926810,13,selfish,0.2238256630629619,0.7912632295125752
220978,0.28,1.9464285714285714,0.49,2.010204081632653,0.24097853535353536,0.005207124819624821,200,56,98,2210,785,3,125.0,256971,1560624,78,selfish,0.3815618301396259,0.7050527606912402
221253,0.275,2.0,0.435,2.0,0.2211855921855922,0.0053774132811632794,200,55,87,2213,310,5,10.2,1088708,5926810,53,selfish,0.366882515038515,0.2362061315455737
221645,0.235,2.0638297872340425,0.355,2.0,0.17058513404237086,0.004344951894797096,200,47,71,2217,310,5,42.7,1088708,5926810,45,selfish,0.2747520561924723,0.7307587255425585
22064,0.485,1.9690721649484537,0.705,2.0,0.4282500000000001,0.0069390476190476155,200,97,141,221,808,7,5.0,194378,7168707,64,selfish,0.4895135847322587,0.8096004723526141
221724,0.375,1.9333333333333333,0.6,2.0,0.3463531746031745,0.005539563492063488,200,75,120,2218,310,5,61.0,1088708,5926810,24,selfish,0.4574864654719545,0.463400582232104
222146,0.315,1.8412698412698412,0.56,2.0,0.3151984126984127,0.005571448412698407,200,63,112,2222,558,7,7.1,500866,527209,46,selfish,0.4184444837622084,0.6687474950133617
222680,0.265,1.7924528301886793,0.425,2.0,0.17345508658008654,0.00413251260070339,200,53,85,2227,558,7,42.7,500866,527209,80,selfish,0.2816906079992455,0.4111680330999803
222459,0.215,1.7906976744186047,0.42,2.0,0.17912942612942612,0.004456671245421246,200,43,84,2225,558,7,20.9,500866,527209,59,selfish,0.2977847312437251,0.2895622807306851
224183,0.245,1.3061224489795917,0.34,2.014705882352941,0.14570237145895043,0.005218924774056352,200,49,68,2242,62,2,7.1,338325,3825828,83,selfish,0.2028601193675408,0.7764128459904844
224217,0.385,1.5974025974025974,0.71,2.0140845070422535,0.3643452380952381,0.006105476190476188,200,77,142,2243,62,2,10.2,338325,3825828,17,selfish,0.4372556438030128,0.9067257327686692
223174,0.45,1.7222222222222223,0.715,2.0,0.4091309523809523,0.005470892857142854,200,90,143,2232,294,3,7.1,123066,693586,74,selfish,0.4831039344913304,0.9827660363748432
224381,0.3,1.5666666666666667,0.44,2.0113636363636362,0.2038176406926407,0.004876031399156398,200,60,88,2244,62,2,14.6,338325,3825828,81,selfish,0.2269416996374781,0.4804242585572029
2219,0.405,1.962962962962963,0.66,2.0,0.37037193362193377,0.005772364718614717,200,81,132,23,953,6,10.2,1197932,5801972,19,selfish,0.4954733651280948,0.0419355939468332
224490,0.365,1.5753424657534247,0.6,2.0083333333333333,0.2642123015873016,0.004951114024864025,200,73,120,2245,62,2,20.9,338325,3825828,90,selfish,0.3196298037016608,0.990883980492858
224596,0.445,1.5280898876404494,0.725,2.0,0.4011666666666666,0.00600386904761904,200,89,145,2246,62,2,29.9,338325,3825828,96,selfish,0.4626922801013836,0.4528896718855326
224726,0.26,1.4423076923076923,0.485,2.0,0.20965961304777095,0.0047422849117256995,200,52,97,2248,62,2,61.0,338325,3825828,26,selfish,0.2702561230694959,0.837478784452857
224824,0.395,1.5696202531645569,0.71,2.007042253521127,0.354781746031746,0.005586507936507934,200,79,142,2249,62,2,87.4,338325,3825828,24,selfish,0.4574864654719545,0.463400582232104
222836,0.265,1.849056603773585,0.42,2.0,0.21713690476190473,0.004483354978354976,200,53,84,2229,558,7,87.4,500866,527209,36,selfish,0.3461077870164497,0.600169191961039
22423,0.285,1.8421052631578947,0.51,2.0,0.22794642857142855,0.005099047619047619,200,57,102,225,808,7,20.9,194378,7168707,23,selfish,0.3494898166749496,0.4302371480503864
22506,0.405,1.9135802469135803,0.695,2.014388489208633,0.3670344932844932,0.005328605006105004,200,81,139,226,808,7,29.9,194378,7168707,6,selfish,0.4911132375299709,0.252577974178488
225053,0.295,1.7627118644067796,0.5,2.0,0.25122456709956703,0.006089140720390717,200,59,100,2251,965,5,5.0,89017,1799588,53,selfish,0.366882515038515,0.2362061315455737
225125,0.365,2.0684931506849313,0.615,2.0,0.3417777777777778,0.006425674603174599,200,73,123,2252,965,5,7.1,89017,1799588,25,selfish,0.454095890072901,0.6742162468199493
225242,0.2,1.875,0.335,2.0,0.1543715728715729,0.005283436008436005,200,40,67,2253,965,5,10.2,89017,1799588,42,selfish,0.2544637386172081,0.3417299389831262
225347,0.405,1.9382716049382716,0.655,2.015267175572519,0.3667023809523809,0.005398057359307357,200,81,131,2254,965,5,14.6,89017,1799588,47,selfish,0.4071129309119736,0.103198652756049
225493,0.185,1.8108108108108107,0.32,2.0,0.1448962148962149,0.004688454364263188,200,37,64,2255,965,5,20.9,89017,1799588,93,selfish,0.2779592827386458,0.3345825728904498
225555,0.27,1.9444444444444444,0.4,2.0125,0.20056204906204905,0.004825892857142857,200,54,80,2256,965,5,29.9,89017,1799588,55,selfish,0.3277016708096898,0.5663965080474668
226220,0.21,1.5952380952380953,0.34,2.0,0.14586942918192913,0.003961727709425078,200,42,68,2263,257,3,10.2,309281,1301282,20,selfish,0.2461140406262255,0.1374999707243197
226709,0.22,1.7045454545454546,0.36,2.013888888888889,0.14291865079365082,0.003733962690646127,200,44,72,2268,257,3,61.0,309281,1301282,9,selfish,0.2331676534838964,0.9471927912224244
225832,0.41,1.8048780487804879,0.69,2.0072463768115942,0.36721103896103896,0.005173715728715727,200,82,138,2259,965,5,87.4,89017,1799588,32,selfish,0.4495856593533723,0.6338235473212548
225621,0.245,1.7959183673469388,0.34,2.0,0.12441190476190478,0.004082914502164501,200,49,68,2257,965,5,42.7,89017,1799588,21,selfish,0.2397567210258474,0.5887702959721403
226954,0.3,1.85,0.515,2.0,0.26524404761904763,0.004879107142857142,200,60,103,2270,257,3,125.0,309281,1301282,54,selfish,0.3585232711576509,0.4092237628104323
225965,0.24,2.0,0.4,2.0,0.19239260739260733,0.004807218475968474,200,48,80,2260,965,5,125.0,89017,1799588,65,selfish,0.3439678088500045,0.0675229338756022
229025,0.35,1.8714285714285714,0.61,2.0081967213114753,0.3205833333333332,0.006206190476190473,200,70,122,2291,24,3,5.0,244382,5539304,25,selfish,0.454095890072901,0.6742162468199493
229134,0.33,1.803030303030303,0.535,2.0,0.29979365079365083,0.005878253968253969,200,66,107,2292,24,3,7.1,244382,5539304,34,selfish,0.4113840234518945,0.152863497296565
229305,0.51,1.8235294117647058,0.77,2.0,0.43999999999999995,0.005985357142857137,200,102,154,2294,24,3,14.6,244382,5539304,5,selfish,0.4995762557070848,0.3625281920046287
228988,0.39,1.8974358974358974,0.64,2.0,0.35203571428571445,0.0050773611111111115,200,78,128,2290,271,4,125.0,433420,2827792,88,selfish,0.4229568538429628,0.8766829270547112
229466,0.415,1.7590361445783131,0.675,2.0074074074074075,0.35744047619047625,0.005320892857142857,200,83,135,2295,24,3,20.9,244382,5539304,66,selfish,0.4409284566649496,0.3941260031346912
229593,0.165,1.696969696969697,0.345,2.0,0.12070274170274171,0.004329149184149184,200,33,69,2296,24,3,29.9,244382,5539304,93,selfish,0.2779592827386458,0.3345825728904498
229761,0.265,1.7169811320754718,0.415,2.0120481927710845,0.20410918248418247,0.004783645937395937,200,53,83,2298,24,3,61.0,244382,5539304,61,selfish,0.3070497535774244,0.9179940122389904
229881,0.235,1.8936170212765957,0.375,2.0,0.15664065101565094,0.0035445625404978954,200,47,75,2299,24,3,87.4,244382,5539304,81,selfish,0.2269416996374781,0.4804242585572029
229995,0.355,1.9154929577464788,0.615,2.0,0.3155416666666666,0.004996708707958709,200,71,123,2300,24,3,125.0,244382,5539304,95,selfish,0.3751229337419657,0.1974510188067169
227781,0.26,1.8653846153846154,0.325,2.0,0.18476298701298707,0.004296876824156235,200,52,65,2278,793,6,61.0,406364,5204107,81,selfish,0.2269416996374781,0.4804242585572029
22890,0.245,1.6734693877551021,0.405,2.0123456790123457,0.20487896825396823,0.004938275613275613,200,49,81,229,808,7,87.4,194378,7168707,90,selfish,0.3196298037016608,0.990883980492858
230011,0.34,1.8676470588235294,0.515,2.0,0.2766170634920635,0.005045972222222223,200,68,103,2301,708,6,5.0,678329,1019555,11,selfish,0.3777435584279705,0.3053722478730439
22939,0.465,1.989247311827957,0.7,2.0,0.4036607142857143,0.00539363095238095,200,93,140,230,808,7,125.0,194378,7168707,39,selfish,0.4790241755215713,0.6177321915239017
230294,0.205,1.9268292682926829,0.32,2.0,0.15244047619047618,0.004487149884429298,200,41,64,2303,708,6,10.2,678329,1019555,94,selfish,0.2857700497959219,0.1163714164083326
230382,0.295,1.8644067796610169,0.435,2.0,0.22673611111111108,0.004767201132201131,200,59,87,2304,708,6,14.6,678329,1019555,82,selfish,0.3128186843462212,0.0598593952629424
231024,0.36,1.8472222222222223,0.61,2.0081967213114753,0.3189229797979798,0.005973374819624816,200,72,122,2311,101,4,5.0,721196,7599214,24,selfish,0.4574864654719545,0.463400582232104
230530,0.175,1.8571428571428572,0.28,2.0,0.10634282384282383,0.0034660291505879738,200,35,56,2306,708,6,29.9,678329,1019555,30,selfish,0.2039812783100412,0.857228363045134
2303,0.31,1.8709677419354838,0.51,2.0,0.267936507936508,0.0051527182539682515,200,62,102,24,953,6,14.6,1197932,5801972,3,selfish,0.405342196225377,0.1209354681890304
231229,0.21,1.8571428571428572,0.38,2.026315789473684,0.1559474206349206,0.004559796037296038,200,42,76,2313,101,4,10.2,721196,7599214,29,selfish,0.2901917465581629,0.3137113417077046
231329,0.285,1.8771929824561404,0.45,2.0,0.21731601731601727,0.004672424242424243,200,57,90,2314,101,4,14.6,721196,7599214,29,selfish,0.2901917465581629,0.3137113417077046
231515,0.245,1.6938775510204083,0.415,2.0,0.18271198246198242,0.0043582627533285435,200,49,83,2316,101,4,29.9,721196,7599214,15,selfish,0.28091147618982,0.9551352008768642
231969,0.185,1.6486486486486487,0.325,2.0,0.10810222620516739,0.0034546307981234443,200,37,65,2320,101,4,125.0,721196,7599214,69,selfish,0.2070972729458678,0.2979198700199214
232030,0.185,1.8918918918918919,0.26,2.0,0.1307156593406594,0.004473104659229658,200,37,52,2321,116,3,5.0,875891,7017791,30,selfish,0.2039812783100412,0.857228363045134
232323,0.275,1.7454545454545454,0.45,2.0,0.2220297619047619,0.005012518592518592,200,55,90,2324,116,3,14.6,875891,7017791,23,selfish,0.3494898166749496,0.4302371480503864
232636,0.295,1.9152542372881356,0.53,2.0,0.2564642857142857,0.0047432573880368005,200,59,106,2327,116,3,42.7,875891,7017791,36,selfish,0.3461077870164497,0.600169191961039
232909,0.205,1.4878048780487805,0.315,2.0,0.1200159285159285,0.0038449683159977282,200,41,63,2330,116,3,125.0,875891,7017791,9,selfish,0.2331676534838964,0.9471927912224244
230990,0.225,1.8444444444444446,0.43,2.0,0.17218036568694461,0.0043788154900654885,200,45,86,2310,708,6,125.0,678329,1019555,90,selfish,0.3196298037016608,0.990883980492858
234012,0.325,2.0923076923076924,0.565,2.0,0.2971964285714286,0.005254424603174601,200,65,113,2341,138,8,5.0,1171787,7528049,12,selfish,0.3985108847427614,0.9637929216712549
234414,0.31,1.8387096774193548,0.55,2.0090909090909093,0.2885416666666666,0.005126726190476188,200,62,110,2345,138,8,20.9,1171787,7528049,14,selfish,0.4312459512484686,0.5424263205795637
234515,0.195,1.6666666666666667,0.355,2.0,0.14799426450742242,0.004612316287513655,200,39,71,2346,138,8,29.9,1171787,7528049,15,selfish,0.28091147618982,0.9551352008768642
234662,0.28,1.8214285714285714,0.46,2.0,0.23348214285714286,0.0047694383394383385,200,56,92,2347,138,8,42.7,1171787,7528049,62,selfish,0.3350709844137344,0.6247506884808997
234753,0.24,1.9166666666666667,0.48,2.0,0.22456204906204907,0.004711766428016427,200,48,96,2348,138,8,61.0,1171787,7528049,53,selfish,0.366882515038515,0.2362061315455737
234977,0.25,1.8,0.34,2.0,0.15782301587301586,0.0041141320272864365,200,50,68,2350,138,8,125.0,1171787,7528049,77,selfish,0.2375482709814891,0.0892183280233827
23108,0.335,2.014925373134328,0.5,2.0,0.2722169913419914,0.005390654761904761,200,67,100,232,800,5,7.1,482284,6557948,8,selfish,0.3927810904963459,0.8167673407001561
235362,0.305,1.540983606557377,0.595,2.042016806722689,0.2574166666666666,0.0063964285714285685,200,61,119,2354,812,2,14.6,1165666,4518912,62,selfish,0.3350709844137344,0.6247506884808997
235730,0.245,1.489795918367347,0.375,2.04,0.16422215284715286,0.004673131079446869,200,49,75,2358,812,2,61.0,1165666,4518912,30,selfish,0.2039812783100412,0.857228363045134
235809,0.3,1.4833333333333334,0.435,2.0114942528735633,0.19959677128427125,0.004733566225441222,200,60,87,2359,812,2,87.4,1165666,4518912,9,selfish,0.2331676534838964,0.9471927912224244
23546,0.405,2.0,0.68,2.0,0.36766666666666664,0.005565952380952379,200,81,136,236,800,5,29.9,482284,6557948,46,selfish,0.4184444837622084,0.6687474950133617
236168,0.235,1.872340425531915,0.445,2.0,0.2004061355311355,0.005274475524475527,200,47,89,2362,861,5,7.1,931901,5044129,68,selfish,0.3706046305857265,0.4761663270697934
236264,0.41,1.9024390243902438,0.67,2.0,0.34733134920634917,0.00533795634920635,200,82,134,2363,861,5,10.2,931901,5044129,64,selfish,0.4895135847322587,0.8096004723526141
236630,0.16,1.6875,0.21,2.0,0.09920263975155277,0.003718835369127889,200,32,42,2367,861,5,42.7,931901,5044129,30,selfish,0.2039812783100412,0.857228363045134
236456,0.385,1.922077922077922,0.61,2.0,0.35467857142857134,0.00548468253968254,200,77,122,2365,861,5,20.9,931901,5044129,56,selfish,0.4768512858671266,0.1447302436856452
237041,0.43,1.8604651162790697,0.705,2.028368794326241,0.3757678571428571,0.010766785714285708,200,86,141,2371,523,3,5.0,87049,6051201,41,selfish,0.3883150820571905,0.5577479977483336
237573,0.165,1.7878787878787878,0.28,2.017857142857143,0.11701190476190475,0.005613884467141044,200,33,56,2376,523,3,29.9,87049,6051201,73,selfish,0.2631399047202775,0.494072025933513
237347,0.365,1.8356164383561644,0.57,2.017543859649123,0.3324007936507937,0.0071650793650793595,200,73,114,2374,523,3,14.6,87049,6051201,47,selfish,0.4071129309119736,0.103198652756049
236751,0.17,1.4705882352941178,0.29,2.0172413793103448,0.11017667748917745,0.003789704527134446,200,34,58,2368,861,5,61.0,931901,5044129,51,selfish,0.2182850515748211,0.1730815279492411
237731,0.21,1.8095238095238095,0.34,2.0,0.1508730158730159,0.0048192279942279904,200,42,68,2378,523,3,61.0,87049,6051201,31,selfish,0.2689147210983604,0.7842712343444325
238098,0.15,1.5333333333333334,0.27,2.0,0.10356415520753759,0.004334009760664173,200,30,54,2381,629,6,5.0,380820,2391488,98,selfish,0.21729239263723,0.8840829656528192
238485,0.375,1.7866666666666666,0.54,2.0185185185185186,0.33077182539682537,0.005295079365079365,200,75,108,2385,629,6,20.9,380820,2391488,85,selfish,0.4024582743628092,0.7244830604083918
238678,0.26,1.9230769230769231,0.495,2.0,0.24942857142857144,0.0050032990620490604,200,52,99,2387,629,6,42.7,380820,2391488,78,selfish,0.3815618301396259,0.7050527606912402
239153,0.285,1.7719298245614035,0.48,2.0104166666666665,0.2553988095238095,0.004972890512265513,200,57,96,2392,96,4,7.1,594459,4227296,53,selfish,0.366882515038515,0.2362061315455737
238726,0.235,1.9787234042553192,0.365,2.0,0.17235088522588518,0.004091393051393053,200,47,73,2388,629,6,61.0,380820,2391488,26,selfish,0.2702561230694959,0.837478784452857
239508,0.36,1.9305555555555556,0.57,2.008771929824561,0.31752398989898994,0.004775667388167387,200,72,114,2396,96,4,29.9,594459,4227296,8,selfish,0.3927810904963459,0.8167673407001561
238982,0.305,1.9836065573770492,0.445,2.0,0.21882657620157622,0.0045565288877788875,200,61,89,2390,629,6,125.0,380820,2391488,82,selfish,0.3128186843462212,0.0598593952629424
23879,0.305,2.1475409836065573,0.57,2.0,0.2559861111111111,0.004529783549783549,200,61,114,239,800,5,87.4,482284,6557948,79,selfish,0.3642632456563252,0.6890479996878222
23949,0.265,1.9056603773584906,0.415,2.0,0.20442460317460318,0.004566951312576309,200,53,83,240,800,5,125.0,482284,6557948,49,selfish,0.3008118292997498,0.7565167136190543
240089,0.185,1.7567567567567568,0.255,2.0,0.10299098124098123,0.003699297108475496,200,37,51,2401,771,5,5.0,276448,724741,89,selfish,0.2129379249701362,0.6944582199785999
24014,0.605,2.9834710743801653,0.845,2.106508875739645,0.49478321678321685,0.009631146214896219,200,121,169,241,957,2,5.0,280627,1139953,14,selfish,0.4312459512484686,0.5424263205795637
240169,0.185,1.6216216216216217,0.26,2.0,0.11342181867839761,0.004024767474452827,200,37,52,2402,771,5,7.1,276448,724741,69,selfish,0.2070972729458678,0.2979198700199214
240309,0.17,1.8235294117647058,0.31,2.0,0.10222105430801084,0.003183900401424379,200,34,62,2404,771,5,14.6,276448,724741,9,selfish,0.2331676534838964,0.9471927912224244
240633,0.205,1.951219512195122,0.41,2.0121951219512195,0.1546278117307529,0.0035714935064935067,200,41,82,2407,771,5,42.7,276448,724741,33,selfish,0.2594311744995365,0.5379384620687854
241107,0.41,1.8414634146341464,0.615,2.0,0.3683869047619047,0.005740993867243864,200,82,123,2412,605,5,7.1,400588,1176586,7,selfish,0.4657787213448116,0.0151426399118454
242078,0.295,1.7118644067796611,0.56,2.0,0.26349639249639245,0.0049453607503607494,200,59,112,2421,387,4,5.0,863832,2127595,78,selfish,0.3815618301396259,0.7050527606912402
241875,0.2,1.75,0.32,2.0,0.12665611186199421,0.004054541283879518,200,40,64,2419,605,5,87.4,400588,1176586,75,selfish,0.2525545317138812,0.4401811270174162
241428,0.41,2.048780487804878,0.57,2.0,0.3592229437229437,0.005291967893217892,200,82,114,2415,605,5,20.9,400588,1176586,28,selfish,0.4304538627565802,0.2618674911675315
242373,0.21,1.6904761904761905,0.34,2.0,0.14496879509379512,0.0039793695193695204,200,42,68,2424,387,4,14.6,863832,2127595,73,selfish,0.2631399047202775,0.494072025933513
242564,0.46,1.9891304347826086,0.71,2.0,0.4247400793650795,0.005340496031746027,200,92,142,2426,387,4,29.9,863832,2127595,64,selfish,0.4895135847322587,0.8096004723526141
242485,0.365,1.9863013698630136,0.57,2.0,0.3189990842490843,0.005168686174936174,200,73,114,2425,387,4,20.9,863832,2127595,85,selfish,0.4024582743628092,0.7244830604083918
242690,0.26,1.9230769230769231,0.435,2.0,0.20189917027417031,0.004510512126762126,200,52,87,2427,387,4,42.7,863832,2127595,90,selfish,0.3196298037016608,0.990883980492858
242742,0.2,2.1,0.38,2.0,0.14382196888079238,0.0037993623941418057,200,40,76,2428,387,4,61.0,863832,2127595,42,selfish,0.2544637386172081,0.3417299389831262
243159,0.205,1.6585365853658536,0.355,2.0,0.1552490842490842,0.004639236874236873,200,41,71,2432,485,6,7.1,850807,295537,59,selfish,0.2977847312437251,0.2895622807306851
243275,0.24,1.7916666666666667,0.35,2.0,0.17513339438339437,0.00392347425235583,200,48,70,2433,485,6,10.2,850807,295537,75,selfish,0.2525545317138812,0.4401811270174162
24282,0.38,1.644736842105263,0.59,2.016949152542373,0.2835734126984127,0.007598035714285712,200,76,118,243,957,2,10.2,280627,1139953,82,selfish,0.3128186843462212,0.0598593952629424
243373,0.235,1.9787234042553192,0.335,2.0,0.17317279942279942,0.004386385836385835,200,47,67,2434,485,6,14.6,850807,295537,73,selfish,0.2631399047202775,0.494072025933513
243460,0.24,1.7291666666666667,0.375,2.0,0.17331746031746031,0.004429063526342939,200,48,75,2435,485,6,20.9,850807,295537,60,selfish,0.2892063661005389,0.2123889347471068
243529,0.27,1.7962962962962963,0.395,2.0,0.18921263458763454,0.003862305372216363,200,54,79,2436,485,6,29.9,850807,295537,29,selfish,0.2901917465581629,0.3137113417077046
243710,0.385,1.8571428571428572,0.665,2.007518796992481,0.3500979437229438,0.005565086580086579,200,77,133,2438,485,6,61.0,850807,295537,10,selfish,0.4737946714611262,0.5224738795684104
24383,0.19,1.4210526315789473,0.375,2.0533333333333332,0.1262738095238095,0.00617045634920635,200,38,75,244,957,2,14.6,280627,1139953,83,selfish,0.2028601193675408,0.7764128459904844
2435,0.375,2.0533333333333332,0.605,2.0,0.3295162337662337,0.005208680069930068,200,75,121,25,953,6,20.9,1197932,5801972,35,selfish,0.444752781116749,0.3583252290098091
243835,0.395,2.0253164556962027,0.59,2.0,0.3585399184149184,0.0052243241480741465,200,79,118,2439,485,6,87.4,850807,295537,35,selfish,0.444752781116749,0.3583252290098091
243929,0.275,1.9090909090909092,0.465,2.010752688172043,0.22724422799422797,0.004444575979575979,200,55,93,2440,485,6,125.0,850807,295537,29,selfish,0.2901917465581629,0.3137113417077046
244620,0.225,1.7333333333333334,0.345,2.0,0.13939385103200888,0.003816834276834277,200,45,69,2447,414,4,42.7,771964,7743600,20,selfish,0.2461140406262255,0.1374999707243197
244904,0.22,1.8636363636363635,0.32,2.0,0.1440243437118437,0.004346986000111002,200,44,64,2450,414,4,125.0,771964,7743600,4,selfish,0.2627648343443758,0.7190241322679278
245142,0.19,1.736842105263158,0.325,2.0,0.1502017704517705,0.004072864427239423,200,38,65,2452,288,8,7.1,455990,4214430,42,selfish,0.2544637386172081,0.3417299389831262
24471,0.35,1.542857142857143,0.555,2.009009009009009,0.2763630952380952,0.0071770833333333305,200,70,111,245,957,2,20.9,280627,1139953,71,selfish,0.3239323376009491,0.868936778850477
246336,0.23,1.7826086956521738,0.43,2.0,0.20902976190476188,0.005992559523809519,200,46,86,2464,281,4,14.6,164553,7278692,36,selfish,0.3461077870164497,0.600169191961039
245399,0.285,1.9649122807017543,0.465,2.0,0.21439255189255185,0.003934358280608278,200,57,93,2454,288,8,14.6,455990,4214430,99,selfish,0.3227365905845993,0.0746241892293311
246600,0.33,1.8181818181818181,0.585,2.0,0.2858452380952381,0.005426369047619047,200,66,117,2466,281,4,29.9,164553,7278692,100,selfish,0.4158727914731683,0.6511808318464773
24532,0.445,1.4269662921348314,0.745,2.0134228187919465,0.3761785714285714,0.007384523809523806,200,89,149,246,957,2,29.9,280627,1139953,32,selfish,0.4495856593533723,0.6338235473212548
246786,0.42,1.9642857142857142,0.66,2.007575757575758,0.3656478937728938,0.005218687423687421,200,84,132,2468,281,4,61.0,164553,7278692,86,selfish,0.4461023732799478,0.2773058726188811
247194,0.19,1.763157894736842,0.36,2.0,0.1553452380952381,0.006587402597402592,200,38,72,2472,445,4,7.1,95834,3926454,94,selfish,0.2857700497959219,0.1163714164083326
247579,0.305,1.8852459016393444,0.47,2.0,0.2600297619047619,0.005410020396270394,200,61,94,2476,445,4,29.9,95834,3926454,79,selfish,0.3642632456563252,0.6890479996878222
247649,0.25,1.9,0.4,2.0,0.19407972582972582,0.004859969336219334,200,50,80,2477,445,4,42.7,95834,3926454,49,selfish,0.3008118292997498,0.7565167136190543
248065,0.215,1.7674418604651163,0.425,2.011764705882353,0.18963744588744588,0.005040616883116882,200,43,85,2481,306,6,5.0,848302,7005107,65,selfish,0.3439678088500045,0.0675229338756022
24794,0.3,1.7333333333333334,0.47,2.0531914893617023,0.2135254884004884,0.005630456904206902,200,60,94,248,957,2,61.0,280627,1139953,94,selfish,0.2857700497959219,0.1163714164083326
248385,0.3,1.7833333333333334,0.555,2.009009009009009,0.28153373015873007,0.005550853174603168,200,60,111,2484,306,6,14.6,848302,7005107,85,selfish,0.4024582743628092,0.7244830604083918
248471,0.27,1.3888888888888888,0.44,2.0,0.20218253968253969,0.00476952561327561,200,54,88,2485,306,6,20.9,848302,7005107,71,selfish,0.3239323376009491,0.868936778850477
248508,0.23,1.6521739130434783,0.53,2.0,0.21776764828738515,0.004739814118629908,200,46,106,2486,306,6,29.9,848302,7005107,8,selfish,0.3927810904963459,0.8167673407001561
248668,0.31,1.9516129032258065,0.5,2.0,0.24275595238095238,0.004740716089466087,200,62,100,2487,306,6,42.7,848302,7005107,68,selfish,0.3706046305857265,0.4761663270697934
25021,0.205,1.5365853658536586,0.32,2.0,0.12806922799422799,0.004253924603174603,200,41,64,251,133,3,5.0,517936,948850,21,selfish,0.2397567210258474,0.5887702959721403
25245,0.205,1.853658536585366,0.34,2.0,0.17574746087246088,0.004143043137418137,200,41,68,253,133,3,10.2,517936,948850,45,selfish,0.2747520561924723,0.7307587255425585
249175,0.155,1.7741935483870968,0.285,2.0,0.11299300699300698,0.003847648185148183,200,31,57,2492,649,5,7.1,548096,267648,75,selfish,0.2525545317138812,0.4401811270174162
249333,0.28,1.7857142857142858,0.42,2.0,0.20212868269837578,0.004358601903625879,200,56,84,2494,649,5,14.6,548096,267648,33,selfish,0.2594311744995365,0.5379384620687854
25524,0.345,1.8405797101449275,0.615,2.016260162601626,0.3154761904761904,0.005168174603174603,200,69,123,256,133,3,29.9,517936,948850,24,selfish,0.4574864654719545,0.463400582232104
25722,0.24,1.7083333333333333,0.37,2.0,0.15186434837092727,0.0039014643638095635,200,48,74,258,133,3,61.0,517936,948850,22,selfish,0.24260325729568,0.2220357375157741
25984,0.33,1.9545454545454546,0.625,2.016,0.311908424908425,0.005081901709401707,200,66,125,260,133,3,125.0,517936,948850,84,selfish,0.4277086989642705,0.7484720574557526
249920,0.19,1.763157894736842,0.28,2.0,0.11601778776778776,0.003914484124549911,200,38,56,2500,649,5,125.0,548096,267648,20,selfish,0.2461140406262255,0.1374999707243197
26049,0.275,1.6727272727272726,0.405,2.0,0.21027218614718612,0.007913831168831164,200,55,81,261,469,5,5.0,133171,7254917,49,selfish,0.3008118292997498,0.7565167136190543
26149,0.26,1.5576923076923077,0.39,2.0,0.18029166666666668,0.007952581168831165,200,52,78,262,469,5,7.1,133171,7254917,49,selfish,0.3008118292997498,0.7565167136190543
26444,0.255,1.9607843137254901,0.41,2.0121951219512195,0.1996388888888889,0.005275396825396821,200,51,82,265,469,5,20.9,133171,7254917,44,selfish,0.3297294244236074,0.1851245903607699
26619,0.395,2.0759493670886076,0.655,2.0076335877862594,0.3636222943722944,0.006444345238095236,200,79,131,267,469,5,42.7,133171,7254917,19,selfish,0.4954733651280948,0.0419355939468332
26770,0.34,1.9852941176470589,0.57,2.0,0.3069239926739926,0.005440891608391607,200,68,114,268,469,5,61.0,133171,7254917,70,selfish,0.4344347691369841,0.0048962068848224
26867,0.31,1.935483870967742,0.525,2.0,0.28059493284493287,0.005156746586746588,200,62,105,269,469,5,87.4,133171,7254917,67,selfish,0.3604525200861999,0.8954386061007626
26930,0.16,1.75,0.285,2.0,0.10522409812409812,0.00396548199023199,200,32,57,270,469,5,125.0,133171,7254917,30,selfish,0.2039812783100412,0.857228363045134
28145,0.435,2.793103448275862,0.695,2.1654676258992804,0.2875588023088023,0.008798382034632029,200,87,139,282,939,2,7.1,525515,3746875,45,selfish,0.2747520561924723,0.7307587255425585
28824,0.42,1.7619047619047619,0.705,2.00709219858156,0.3680952380952381,0.006896369047619046,200,84,141,289,939,2,87.4,525515,3746875,24,selfish,0.4574864654719545,0.463400582232104
28639,0.47,1.6808510638297873,0.75,2.06,0.3947500000000001,0.007266190476190477,200,94,150,287,939,2,42.7,525515,3746875,39,selfish,0.4790241755215713,0.6177321915239017
2741,0.33,2.015151515151515,0.56,2.0089285714285716,0.28434847535505436,0.005016619674185463,200,66,112,28,953,6,61.0,1197932,5801972,41,selfish,0.3883150820571905,0.5577479977483336
28911,0.41,1.5853658536585367,0.605,2.0,0.3640535714285714,0.0068415331890331835,200,82,121,290,939,2,125.0,525515,3746875,11,selfish,0.3777435584279705,0.3053722478730439
2954,0.235,1.7659574468085106,0.4,2.0,0.2088174603174603,0.0045873051948051935,200,47,80,30,953,6,125.0,1197932,5801972,54,selfish,0.3585232711576509,0.4092237628104323
29743,0.235,1.9361702127659575,0.455,2.021978021978022,0.20120057720057716,0.004736835317460317,200,47,91,298,931,7,61.0,763920,5881002,43,selfish,0.3733963553970497,0.8234180661786772
29189,0.135,1.8518518518518519,0.235,2.021276595744681,0.08564639527139528,0.0041633398984056835,200,27,47,292,931,7,7.1,763920,5881002,89,selfish,0.2129379249701362,0.6944582199785999
30386,0.37,1.945945945945946,0.645,2.007751937984496,0.33733730158730163,0.005357505411255411,200,74,129,304,336,6,14.6,647922,7842665,86,selfish,0.4461023732799478,0.2773058726188811
30203,0.325,1.7076923076923076,0.555,2.009009009009009,0.2925317460317461,0.005336847041847043,200,65,111,303,336,6,10.2,647922,7842665,3,selfish,0.405342196225377,0.1209354681890304
30448,0.145,1.4482758620689655,0.215,2.0,0.08452130018674135,0.003939774803370001,200,29,43,305,336,6,20.9,647922,7842665,48,selfish,0.2114807290736435,0.0244607249130057
29809,0.18,1.8888888888888888,0.305,2.0,0.12637590187590184,0.003929567813722226,200,36,61,299,931,7,87.4,763920,5881002,9,selfish,0.2331676534838964,0.9471927912224244
30533,0.195,1.8717948717948718,0.335,2.0,0.14420322651205003,0.003851203302416538,200,39,67,306,336,6,29.9,647922,7842665,33,selfish,0.2594311744995365,0.5379384620687854
30729,0.25,1.78,0.4,2.0,0.19062196545284785,0.0043116641691641686,200,50,80,308,336,6,61.0,647922,7842665,29,selfish,0.2901917465581629,0.3137113417077046
3062,0.355,1.591549295774648,0.53,2.009433962264151,0.3043373015873015,0.006388789682539677,200,71,106,31,842,2,5.0,1031839,587281,62,selfish,0.3350709844137344,0.6247506884808997
31209,0.165,1.606060606060606,0.285,2.0,0.12873337895764364,0.004360292734226557,200,33,57,313,704,3,10.2,1000261,7536640,9,selfish,0.2331676534838964,0.9471927912224244
31626,0.205,1.5853658536585367,0.33,2.0,0.13651358363858362,0.004316998973248973,200,41,66,317,704,3,42.7,1000261,7536640,26,selfish,0.2702561230694959,0.837478784452857
3152,0.355,1.4929577464788732,0.62,2.0080645161290325,0.3281845238095238,0.006328095238095231,200,71,124,32,842,2,7.1,1031839,587281,52,selfish,0.3898718220747056,0.4295434601453535
31907,0.455,1.7472527472527473,0.685,2.0072992700729926,0.3818452380952381,0.005423414502164503,200,91,137,320,704,3,125.0,1000261,7536640,7,selfish,0.4657787213448116,0.0151426399118454
31893,0.215,1.7906976744186047,0.385,2.0,0.15498946886446885,0.0043064507714507694,200,43,77,319,704,3,87.4,1000261,7536640,93,selfish,0.2779592827386458,0.3345825728904498
33146,0.315,2.015873015873016,0.545,2.0,0.2731825396825398,0.00505517857142857,200,63,109,332,223,6,7.1,673812,3540215,46,selfish,0.4184444837622084,0.6687474950133617
33008,0.315,1.9365079365079365,0.52,2.0,0.2619166666666667,0.005217976190476189,200,63,104,331,223,6,5.0,673812,3540215,8,selfish,0.3927810904963459,0.8167673407001561
33799,0.285,1.6666666666666667,0.41,2.0,0.19471209273182957,0.0045008520828586605,200,57,82,338,223,6,61.0,673812,3540215,99,selfish,0.3227365905845993,0.0746241892293311
33292,0.305,2.0327868852459017,0.475,2.0105263157894737,0.260843253968254,0.005313749999999999,200,61,95,333,223,6,10.2,673812,3540215,92,selfish,0.3544902343139808,0.0312541994926666
33978,0.32,1.921875,0.505,2.0,0.28999242424242416,0.005251636557886558,200,64,101,340,223,6,125.0,673812,3540215,78,selfish,0.3815618301396259,0.7050527606912402
32962,0.265,1.8113207547169812,0.475,2.0,0.24519246031746034,0.004544664502164501,200,53,95,330,726,7,125.0,451913,4586158,62,selfish,0.3350709844137344,0.6247506884808997
32816,0.335,1.9253731343283582,0.59,2.0084745762711864,0.30406150793650794,0.004866213924963924,200,67,118,329,726,7,87.4,451913,4586158,16,selfish,0.4208942434349683,0.0948525522924531
34234,0.35,1.9142857142857144,0.61,2.0081967213114753,0.3068376623376624,0.0050718686868686845,200,70,122,343,816,3,10.2,722477,833558,34,selfish,0.4113840234518945,0.152863497296565
3447,0.335,1.8208955223880596,0.72,2.0,0.3349980158730157,0.004975512820512817,200,67,144,35,842,2,20.9,1031839,587281,47,selfish,0.4071129309119736,0.103198652756049
34600,0.36,1.9166666666666667,0.555,2.009009009009009,0.29275198412698417,0.004593892496392496,200,72,111,346,816,3,29.9,722477,833558,100,selfish,0.4158727914731683,0.6511808318464773
34879,0.33,1.7727272727272727,0.535,2.0,0.2879404761904762,0.005018531746031746,200,66,107,349,816,3,87.4,722477,833558,79,selfish,0.3642632456563252,0.6890479996878222
35061,0.25,1.84,0.405,2.0,0.18425793650793654,0.005101263736263735,200,50,81,351,455,7,5.0,156535,1498820,61,selfish,0.3070497535774244,0.9179940122389904
35340,0.23,1.8043478260869565,0.355,2.0,0.16658578431372548,0.0042590044881589,200,46,71,354,455,7,14.6,156535,1498820,40,selfish,0.2501126952506121,0.6454895199876196
35597,0.475,1.9894736842105263,0.73,2.006849315068493,0.4470753968253968,0.005693095238095235,200,95,146,356,455,7,29.9,156535,1498820,97,selfish,0.4855618445578609,0.1689982716058866
35613,0.225,1.8222222222222222,0.285,2.017543859649123,0.1301060606060606,0.004220045506319485,200,45,57,357,455,7,42.7,156535,1498820,13,selfish,0.2238256630629619,0.7912632295125752
35768,0.28,1.9464285714285714,0.51,2.0,0.23846428571428568,0.004828652597402595,200,56,102,358,455,7,61.0,156535,1498820,68,selfish,0.3706046305857265,0.4761663270697934
35832,0.4,1.95,0.59,2.0,0.3431401515151514,0.005239253246753248,200,80,118,359,455,7,87.4,156535,1498820,32,selfish,0.4495856593533723,0.6338235473212548
36074,0.435,1.8850574712643677,0.68,2.0,0.37775595238095233,0.005483948412698411,200,87,136,361,590,8,5.0,995472,2540501,74,selfish,0.4831039344913304,0.9827660363748432
36405,0.42,1.8095238095238095,0.655,2.0,0.3766111111111111,0.006075694444444445,200,84,131,365,590,8,20.9,995472,2540501,5,selfish,0.4995762557070848,0.3625281920046287
36547,0.285,1.9473684210526316,0.55,2.0,0.2731587301587301,0.0047032142857142845,200,57,110,366,590,8,29.9,995472,2540501,47,selfish,0.4071129309119736,0.103198652756049
36823,0.235,1.9148936170212767,0.465,2.0,0.2114007936507937,0.004617680375180373,200,47,93,369,590,8,87.4,995472,2540501,23,selfish,0.3494898166749496,0.4302371480503864
38012,0.435,1.6206896551724137,0.685,2.021897810218978,0.38252777777777774,0.006870873015873016,200,87,137,381,63,2,5.0,229143,3154915,12,selfish,0.3985108847427614,0.9637929216712549
38550,0.245,1.6326530612244898,0.535,2.0093457943925235,0.22582936507936505,0.004968692279942278,200,49,107,386,63,2,29.9,229143,3154915,50,selfish,0.3349244931377773,0.5073741801149648
38631,0.295,1.6101694915254237,0.5,2.0,0.2056038961038961,0.0046002101370851345,200,59,100,387,63,2,42.7,229143,3154915,31,selfish,0.2689147210983604,0.7842712343444325
39044,0.28,1.8928571428571428,0.45,2.0,0.1970595238095238,0.005196408730158729,200,56,90,391,219,5,5.0,535070,6788045,44,selfish,0.3297294244236074,0.1851245903607699
37539,0.415,2.144578313253012,0.65,2.0076923076923077,0.3850337301587301,0.005627718253968255,200,83,130,376,552,7,29.9,569635,5077854,39,selfish,0.4790241755215713,0.6177321915239017
37063,0.355,1.9577464788732395,0.64,2.0,0.33419642857142867,0.005562916666666662,200,71,128,371,552,7,5.0,569635,5077854,63,selfish,0.4714045721788255,0.7667985672256883
39791,0.345,1.8985507246376812,0.56,2.0089285714285716,0.31009920634920635,0.005131256472285882,200,69,112,398,219,5,61.0,535070,6788045,91,selfish,0.3969614753991711,0.3291381696463736
40145,0.28,1.5892857142857142,0.37,2.0,0.19063492063492063,0.00444062049062049,200,56,74,402,50,3,7.1,370910,2614782,45,selfish,0.2747520561924723,0.7307587255425585
40534,0.29,1.8103448275862069,0.565,2.0,0.2755939754689754,0.00535887085137085,200,58,113,406,50,3,29.9,370910,2614782,34,selfish,0.4113840234518945,0.152863497296565
40218,0.205,1.6341463414634145,0.33,2.0,0.13969381313131313,0.0038470929070929054,200,41,66,403,50,3,10.2,370910,2614782,18,selfish,0.2312345941585266,0.3847746110331581
40866,0.38,1.7763157894736843,0.64,2.0,0.35411309523809514,0.005128293650793651,200,76,128,409,50,3,87.4,370910,2614782,66,selfish,0.4409284566649496,0.3941260031346912
3962,0.27,1.6111111111111112,0.64,2.0,0.24805469530469537,0.005038137279387278,200,54,128,40,842,2,125.0,1031839,587281,62,selfish,0.3350709844137344,0.6247506884808997
39874,0.465,1.967741935483871,0.695,2.0,0.40973809523809535,0.005544424603174598,200,93,139,399,219,5,87.4,535070,6788045,74,selfish,0.4831039344913304,0.9827660363748432
41264,0.335,1.9253731343283582,0.6,2.0083333333333333,0.29428300865800866,0.00582309704184704,200,67,120,413,903,4,10.2,887509,2560879,64,selfish,0.4895135847322587,0.8096004723526141
41183,0.15,1.5666666666666667,0.225,2.0,0.09226351426351428,0.003930074385324,200,30,45,412,903,4,7.1,887509,2560879,83,selfish,0.2028601193675408,0.7764128459904844
41532,0.37,1.837837837837838,0.645,2.0155038759689923,0.3473452380952381,0.005529785353535353,200,74,129,416,903,4,29.9,887509,2560879,32,selfish,0.4495856593533723,0.6338235473212548
41606,0.42,1.7976190476190477,0.675,2.0074074074074075,0.3767489177489178,0.00541510281385281,200,84,135,417,903,4,42.7,887509,2560879,6,selfish,0.4911132375299709,0.252577974178488
421,0.305,1.4918032786885247,0.47,2.0,0.19426406926406925,0.004422302489177488,200,61,94,5,195,2,20.9,1117112,2763342,21,selfish,0.2397567210258474,0.5887702959721403
42089,0.195,1.7435897435897436,0.27,2.0,0.12312121212121215,0.005041671776291341,200,39,54,421,811,5,5.0,353499,6626861,89,selfish,0.2129379249701362,0.6944582199785999
41912,0.33,2.0303030303030303,0.56,2.0,0.29293055555555564,0.005074859212425001,200,66,112,420,903,4,125.0,887509,2560879,12,selfish,0.3985108847427614,0.9637929216712549
42151,0.15,1.7333333333333334,0.225,2.0,0.09288131313131313,0.004734299797424797,200,30,45,422,811,5,7.1,353499,6626861,51,selfish,0.2182850515748211,0.1730815279492411
42391,0.365,2.0136986301369864,0.565,2.017699115044248,0.3034724025974026,0.005598493867243867,200,73,113,424,811,5,14.6,353499,6626861,91,selfish,0.3969614753991711,0.3291381696463736
43038,0.295,1.9491525423728813,0.52,2.0,0.24544444444444447,0.009741666666666662,200,59,104,431,392,6,5.0,69564,6474543,38,selfish,0.3509947337216052,0.8424701912520188
42457,0.16,1.84375,0.26,2.0,0.10657387955182074,0.003994893431731667,200,32,52,425,811,5,20.9,353499,6626861,57,selfish,0.2281547978409189,0.2464978385902064
43335,0.4,1.9,0.605,2.0,0.3736289682539683,0.006752837301587297,200,80,121,434,392,6,14.6,69564,6474543,35,selfish,0.444752781116749,0.3583252290098091
43880,0.23,1.8695652173913044,0.32,2.0,0.15402651515151514,0.004684166797255033,200,46,64,439,392,6,87.4,69564,6474543,80,selfish,0.2816906079992455,0.4111680330999803
44262,0.26,1.9038461538461537,0.525,2.0,0.23265680153180152,0.004472656787656789,200,52,105,443,225,6,10.2,769787,2985363,62,selfish,0.3350709844137344,0.6247506884808997
4309,0.205,1.829268292682927,0.28,2.0,0.1304345238095238,0.00430159613047771,200,41,56,44,599,8,14.6,940127,5147543,9,selfish,0.2331676534838964,0.9471927912224244
44341,0.31,2.032258064516129,0.53,2.009433962264151,0.2599810606060606,0.005174650072150071,200,62,106,444,225,6,14.6,769787,2985363,41,selfish,0.3883150820571905,0.5577479977483336
43987,0.3,1.8666666666666667,0.43,2.0,0.19983134920634918,0.004439342185592184,200,60,86,440,392,6,125.0,69564,6474543,87,selfish,0.3108669576156866,0.5798034448113424
44480,0.25,1.78,0.395,2.0,0.16845597896255793,0.004026402499504277,200,50,79,445,225,6,20.9,769787,2985363,80,selfish,0.2816906079992455,0.4111680330999803
44548,0.17,2.0294117647058822,0.255,2.0,0.09848928848928849,0.003624882429661842,200,34,51,446,225,6,29.9,769787,2985363,48,selfish,0.2114807290736435,0.0244607249130057
44656,0.475,1.9052631578947368,0.665,2.007518796992481,0.4014821428571429,0.005682797619047616,200,95,133,447,225,6,42.7,769787,2985363,56,selfish,0.4768512858671266,0.1447302436856452
44704,0.19,2.289473684210526,0.305,2.0,0.1340680083805084,0.003985627885186708,200,38,61,448,225,6,61.0,769787,2985363,4,selfish,0.2627648343443758,0.7190241322679278
44879,0.265,2.018867924528302,0.445,2.0,0.208801282051282,0.004580690742006529,200,53,89,449,225,6,87.4,769787,2985363,79,selfish,0.3642632456563252,0.6890479996878222
45135,0.32,2.03125,0.54,2.009259259259259,0.3027222222222222,0.005687364718614716,200,64,108,452,892,5,7.1,962418,3117110,35,selfish,0.444752781116749,0.3583252290098091
45224,0.385,1.896103896103896,0.66,2.0,0.36040476190476184,0.005494960317460317,200,77,132,453,892,5,10.2,962418,3117110,24,selfish,0.4574864654719545,0.463400582232104
45601,0.32,2.03125,0.52,2.0,0.27822023809523805,0.004742680375180374,200,64,104,457,892,5,42.7,962418,3117110,1,selfish,0.3857676334163057,0.2047082508361712
45547,0.335,1.791044776119403,0.545,2.018348623853211,0.2982465034965034,0.004979487734487733,200,67,109,456,892,5,29.9,962418,3117110,47,selfish,0.4071129309119736,0.103198652756049
4583,0.175,2.1714285714285713,0.3,2.0,0.09290448848537083,0.003723382907941729,200,35,60,46,599,8,29.9,940127,5147543,83,selfish,0.2028601193675408,0.7764128459904844
46131,0.245,1.7551020408163265,0.315,2.0,0.15708333333333335,0.004816708959899751,200,49,63,462,677,6,7.1,632782,5635856,31,selfish,0.2689147210983604,0.7842712343444325
45704,0.245,1.8775510204081634,0.375,2.013333333333333,0.16346539979628216,0.0040952656983539336,200,49,75,458,892,5,61.0,962418,3117110,4,selfish,0.2627648343443758,0.7190241322679278
45871,0.24,1.8333333333333333,0.36,2.0,0.18764502164502164,0.005074397546897546,200,48,72,459,892,5,87.4,962418,3117110,71,selfish,0.3239323376009491,0.868936778850477
4626,0.275,1.8,0.39,2.0,0.18116468253968251,0.0044536116661116655,200,55,78,47,599,8,42.7,940127,5147543,26,selfish,0.2702561230694959,0.837478784452857
46553,0.29,1.8275862068965518,0.49,2.0,0.25791865079365084,0.0047997557997558,200,58,98,466,677,6,29.9,632782,5635856,53,selfish,0.366882515038515,0.2362061315455737
46881,0.175,1.6857142857142857,0.315,2.0,0.11868218586968587,0.004104845501720504,200,35,63,469,677,6,87.4,632782,5635856,81,selfish,0.2269416996374781,0.4804242585572029
47149,0.275,1.6181818181818182,0.43,2.011627906976744,0.21748784548784553,0.004420970279720277,200,55,86,472,277,5,7.1,1173981,6918455,49,selfish,0.3008118292997498,0.7565167136190543
46908,0.3,2.0166666666666666,0.61,2.0,0.2564047619047619,0.004473234126984129,200,60,122,470,677,6,125.0,632782,5635856,8,selfish,0.3927810904963459,0.8167673407001561
47276,0.255,1.7450980392156863,0.435,2.0114942528735633,0.1893942307692308,0.0048109053446553475,200,51,87,473,277,5,10.2,1173981,6918455,76,selfish,0.3027820674966874,0.514144872517883
47427,0.395,2.0759493670886076,0.635,2.0078740157480315,0.3552420634920636,0.005406150793650793,200,79,127,475,277,5,20.9,1173981,6918455,27,selfish,0.4590052735626949,0.5951250624738255
47516,0.345,2.028985507246377,0.61,2.0,0.3228630952380952,0.0050064682539682544,200,69,122,476,277,5,29.9,1173981,6918455,16,selfish,0.4208942434349683,0.0948525522924531
47321,0.14,1.8571428571428572,0.27,2.0,0.10793120768120769,0.004065925879675879,200,28,54,474,277,5,14.6,1173981,6918455,21,selfish,0.2397567210258474,0.5887702959721403
48101,0.34,2.0441176470588234,0.55,2.0,0.2785104617604618,0.004646096681096683,200,68,110,482,41,7,7.1,1151602,7388167,1,selfish,0.3857676334163057,0.2047082508361712
48268,0.275,1.8727272727272728,0.5,2.0,0.24262659051474839,0.005301963402094979,200,55,100,483,41,7,10.2,1151602,7388167,68,selfish,0.3706046305857265,0.4761663270697934
48448,0.16,1.65625,0.27,2.0,0.10954123654123656,0.0038215208993363,200,32,54,485,41,7,20.9,1151602,7388167,48,selfish,0.2114807290736435,0.0244607249130057
48513,0.19,1.7894736842105263,0.31,2.0,0.11148793077837194,0.0036210541403041397,200,38,62,486,41,7,29.9,1151602,7388167,13,selfish,0.2238256630629619,0.7912632295125752
48820,0.195,1.8717948717948718,0.34,2.0,0.13437693315138965,0.003914191017316018,200,39,68,489,41,7,87.4,1151602,7388167,20,selfish,0.2461140406262255,0.1374999707243197
4712,0.33,1.8333333333333333,0.585,2.0,0.28761507936507935,0.0047844462481962495,200,66,117,48,599,8,61.0,940127,5147543,12,selfish,0.3985108847427614,0.9637929216712549
47613,0.205,1.7560975609756098,0.295,2.0,0.11377739804055594,0.003852000191286183,200,41,59,477,277,5,42.7,1173981,6918455,13,selfish,0.2238256630629619,0.7912632295125752
49142,0.18,1.8611111111111112,0.365,2.0,0.1266280525030525,0.0037642829830987694,200,36,73,492,26,4,7.1,786242,338431,42,selfish,0.2544637386172081,0.3417299389831262
49264,0.4,1.925,0.675,2.0074074074074075,0.3821666666666667,0.005425579004329007,200,80,135,493,26,4,10.2,786242,338431,64,selfish,0.4895135847322587,0.8096004723526141
48724,0.425,2.011764705882353,0.665,2.0,0.3623015873015873,0.0051444246031745995,200,85,133,488,41,7,61.0,1151602,7388167,24,selfish,0.4574864654719545,0.463400582232104
49763,0.415,2.0481927710843375,0.69,2.0,0.3836829004329004,0.005198293650793651,200,83,138,498,26,4,61.0,786242,338431,63,selfish,0.4714045721788255,0.7667985672256883
49999,0.295,1.5084745762711864,0.45,2.0,0.22951542207792208,0.004976167929292929,200,59,90,500,26,4,125.0,786242,338431,99,selfish,0.3227365905845993,0.0746241892293311
50351,0.155,1.5161290322580645,0.285,2.0,0.10021688727938727,0.0037626951724745823,200,31,57,504,636,4,14.6,983429,1947501,51,selfish,0.2182850515748211,0.1730815279492411
50233,0.215,1.697674418604651,0.35,2.0,0.15242316017316018,0.004278623361932185,200,43,70,503,636,4,10.2,983429,1947501,33,selfish,0.2594311744995365,0.5379384620687854
50063,0.41,2.048780487804878,0.635,2.0,0.3659265873015872,0.005482876984126982,200,82,127,501,636,4,5.0,983429,1947501,63,selfish,0.4714045721788255,0.7667985672256883
50415,0.265,1.679245283018868,0.395,2.0,0.18429466829466828,0.004116783309283307,200,53,79,505,636,4,20.9,983429,1947501,15,selfish,0.28091147618982,0.9551352008768642
5092,0.305,1.9180327868852458,0.52,2.019230769230769,0.2763611111111111,0.0052334920634920625,200,61,104,51,29,8,5.0,890055,4550282,92,selfish,0.3544902343139808,0.0312541994926666
50800,0.325,1.7230769230769232,0.59,2.0,0.3004007936507937,0.005299126984126986,200,65,118,508,636,4,61.0,983429,1947501,100,selfish,0.4158727914731683,0.6511808318464773
50913,0.195,1.7435897435897436,0.3,2.0,0.11887640056022411,0.003929871190900603,200,39,60,510,636,4,125.0,983429,1947501,13,selfish,0.2238256630629619,0.7912632295125752
50505,0.365,1.6849315068493151,0.615,2.0,0.33541269841269844,0.005290734126984125,200,73,123,506,636,4,29.9,983429,1947501,5,selfish,0.4995762557070848,0.3625281920046287
51038,0.315,1.7301587301587302,0.48,2.0,0.25651785714285713,0.007172834249084251,200,63,96,511,984,8,5.0,116439,5472286,38,selfish,0.3509947337216052,0.8424701912520188
51524,0.435,1.7586206896551724,0.675,2.0074074074074075,0.37961904761904763,0.0054585912698412705,200,87,135,516,984,8,29.9,116439,5472286,24,selfish,0.4574864654719545,0.463400582232104
51675,0.145,1.7586206896551724,0.315,2.0,0.0998583916083916,0.004413495532245532,200,29,63,517,984,8,42.7,116439,5472286,75,selfish,0.2525545317138812,0.4401811270174162
51383,0.115,1.5217391304347827,0.17,2.0,0.06889886502386502,0.004896374736374736,200,23,34,514,984,8,14.6,116439,5472286,83,selfish,0.2028601193675408,0.7764128459904844
52118,0.23,2.0,0.3,2.0,0.1530936147186147,0.004173714847244257,200,46,60,522,404,8,7.1,261804,2429479,18,selfish,0.2312345941585266,0.3847746110331581
52002,0.23,1.8478260869565217,0.4,2.0,0.18024160561660563,0.004781548541327954,200,46,80,521,404,8,5.0,261804,2429479,2,selfish,0.2959114945914544,0.9228509849216918
51730,0.145,1.793103448275862,0.255,2.0,0.10523214285714287,0.004390357256048045,200,29,51,518,984,8,61.0,116439,5472286,30,selfish,0.2039812783100412,0.857228363045134
5253,0.295,2.1016949152542375,0.54,2.0,0.25273051948051956,0.004385438311688311,200,59,108,53,29,8,10.2,890055,4550282,53,selfish,0.366882515038515,0.2362061315455737
52212,0.335,2.029850746268657,0.55,2.0,0.2981607142857143,0.0050893253968253924,200,67,110,523,404,8,10.2,261804,2429479,12,selfish,0.3985108847427614,0.9637929216712549
52478,0.295,1.9322033898305084,0.555,2.0,0.2624276556776557,0.005000928238428236,200,59,111,525,404,8,20.9,261804,2429479,78,selfish,0.3815618301396259,0.7050527606912402
51824,0.35,1.8857142857142857,0.555,2.0,0.30760119047619044,0.005630618686868685,200,70,111,519,984,8,87.4,116439,5472286,24,selfish,0.4574864654719545,0.463400582232104
53038,0.235,2.0638297872340425,0.47,2.0,0.1846428571428571,0.005339067460317455,200,47,94,531,245,5,5.0,345160,5433288,38,selfish,0.3509947337216052,0.8424701912520188
52670,0.36,1.8194444444444444,0.59,2.0,0.31228968253968253,0.005112186147186144,200,72,118,527,404,8,42.7,261804,2429479,70,selfish,0.4344347691369841,0.0048962068848224
53573,0.2,2.075,0.41,2.0,0.15372362082362082,0.004419197052947053,200,40,82,536,245,5,29.9,345160,5433288,73,selfish,0.2631399047202775,0.494072025933513
52849,0.25,1.9,0.46,2.0,0.1900405677655678,0.0045051928349428335,200,50,92,529,404,8,87.4,261804,2429479,49,selfish,0.3008118292997498,0.7565167136190543
53899,0.245,2.0,0.39,2.0,0.18799206349206346,0.004298994934803759,200,49,78,539,245,5,87.4,345160,5433288,99,selfish,0.3227365905845993,0.0746241892293311
54243,0.325,1.9230769230769231,0.475,2.0,0.2801666666666667,0.005092361111111111,200,65,95,543,749,5,10.2,991651,3043360,43,selfish,0.3733963553970497,0.8234180661786772
54442,0.205,1.8780487804878048,0.36,2.013888888888889,0.14316280941280937,0.004025751650310474,200,41,72,545,749,5,20.9,991651,3043360,42,selfish,0.2544637386172081,0.3417299389831262
54533,0.22,1.75,0.37,2.0,0.15202002164502165,0.004380000555000555,200,44,74,546,749,5,29.9,991651,3043360,33,selfish,0.2594311744995365,0.5379384620687854
54762,0.25,2.12,0.45,2.011111111111111,0.21921464646464645,0.004497472943722942,200,50,90,548,749,5,61.0,991651,3043360,62,selfish,0.3350709844137344,0.6247506884808997
5606,0.465,1.956989247311828,0.67,2.0223880597014925,0.41181349206349205,0.005293690476190476,200,93,134,57,29,8,42.7,890055,4550282,6,selfish,0.4911132375299709,0.252577974178488
55205,0.45,1.7333333333333334,0.73,2.0,0.40715750915750915,0.005912550366300365,200,90,146,553,475,7,10.2,857879,2331062,5,selfish,0.4995762557070848,0.3625281920046287
55403,0.325,1.8615384615384616,0.53,2.0,0.2741991341991341,0.005514825036075037,200,65,106,555,475,7,20.9,857879,2331062,3,selfish,0.405342196225377,0.1209354681890304
56301,0.355,1.8169014084507042,0.56,2.017857142857143,0.30444642857142856,0.005567182539682536,200,71,112,564,323,8,14.6,621098,7452855,1,selfish,0.3857676334163057,0.2047082508361712
55998,0.18,1.6388888888888888,0.28,2.0,0.11118890831390833,0.003693931346431346,200,36,56,560,475,7,125.0,857879,2331062,98,selfish,0.21729239263723,0.8840829656528192
56772,0.235,1.8085106382978724,0.415,2.0,0.18325018037518037,0.004431071983571982,200,47,83,568,323,8,61.0,621098,7452855,72,selfish,0.3156406422303758,0.3774553900605352
57161,0.275,1.690909090909091,0.44,2.0,0.19312118364092046,0.00477333694083694,200,55,88,572,183,4,7.1,558235,7891629,61,selfish,0.3070497535774244,0.9179940122389904
56554,0.235,1.9574468085106382,0.44,2.0,0.1935,0.004900853174603172,200,47,88,566,323,8,29.9,621098,7452855,54,selfish,0.3585232711576509,0.4092237628104323
57000,0.325,1.9846153846153847,0.62,2.0,0.3019484126984128,0.005014474969474969,200,65,124,570,323,8,125.0,621098,7452855,100,selfish,0.4158727914731683,0.6511808318464773
5734,0.28,2.0,0.54,2.0,0.25380357142857146,0.0048050216450216425,200,56,108,58,29,8,61.0,890055,4550282,34,selfish,0.4113840234518945,0.152863497296565
57528,0.315,1.9682539682539681,0.58,2.0,0.29830952380952375,0.00551257936507936,200,63,116,576,183,4,29.9,558235,7891629,28,selfish,0.4304538627565802,0.2618674911675315
57787,0.245,1.5918367346938775,0.405,2.0,0.17786843711843708,0.004399509934509932,200,49,81,578,183,4,61.0,558235,7891629,87,selfish,0.3108669576156866,0.5798034448113424
58181,0.305,1.7049180327868851,0.485,2.020618556701031,0.20811309523809524,0.006906190476190474,200,61,97,582,555,2,7.1,1149320,4915645,81,selfish,0.2269416996374781,0.4804242585572029
58222,0.325,1.476923076923077,0.48,2.03125,0.20723809523809528,0.0063624621212121195,200,65,96,583,555,2,10.2,1149320,4915645,22,selfish,0.24260325729568,0.2220357375157741
58086,0.515,2.1553398058252426,0.81,2.0555555555555554,0.4280865384615386,0.007506143578643575,200,103,162,581,555,2,5.0,1149320,4915645,86,selfish,0.4461023732799478,0.2773058726188811
58485,0.425,1.7058823529411764,0.67,2.0223880597014925,0.377047619047619,0.00686690476190476,200,85,134,585,555,2,20.9,1149320,4915645,85,selfish,0.4024582743628092,0.7244830604083918
59229,0.23,1.673913043478261,0.44,2.0,0.17516269841269844,0.004523354076479073,200,46,88,593,203,3,10.2,1025262,7304156,29,selfish,0.2901917465581629,0.3137113417077046
59342,0.225,1.8222222222222222,0.34,2.0,0.18644047619047618,0.004727216117216117,200,45,68,594,203,3,14.6,1025262,7304156,42,selfish,0.2544637386172081,0.3417299389831262
58761,0.345,1.4927536231884058,0.55,2.0,0.2676751253132833,0.0056466666666666636,200,69,110,588,555,2,61.0,1149320,4915645,61,selfish,0.3070497535774244,0.9179940122389904
58811,0.35,1.8142857142857143,0.63,2.0238095238095237,0.3052521645021644,0.005487988677988677,200,70,126,589,555,2,87.4,1149320,4915645,11,selfish,0.3777435584279705,0.3053722478730439
59550,0.3,1.8666666666666667,0.515,2.0,0.25709325396825394,0.004836412337662337,200,60,103,596,203,3,29.9,1025262,7304156,50,selfish,0.3349244931377773,0.5073741801149648
59893,0.185,1.7837837837837838,0.34,2.0,0.1466750828720643,0.004372520706417766,200,37,68,599,203,3,87.4,1025262,7304156,93,selfish,0.2779592827386458,0.3345825728904498
59944,0.32,1.796875,0.48,2.0,0.2479430014430014,0.004605786088911085,200,64,96,600,203,3,125.0,1025262,7304156,44,selfish,0.3297294244236074,0.1851245903607699
61303,0.355,1.9295774647887325,0.57,2.008771929824561,0.2983194444444444,0.00507638888888889,200,71,114,614,539,4,14.6,564144,5898035,3,selfish,0.405342196225377,0.1209354681890304
60031,0.2,1.875,0.3,2.0,0.1371485867074103,0.004946244861090063,200,40,60,601,879,5,5.0,697312,4456442,31,selfish,0.2689147210983604,0.7842712343444325
60537,0.405,1.8148148148148149,0.66,2.0,0.38115476190476194,0.005514942279942279,200,81,132,606,879,5,29.9,697312,4456442,37,selfish,0.469568977189866,0.9743873423433428
61594,0.25,1.78,0.415,2.0120481927710845,0.19256385281385277,0.004426819846819846,200,50,83,616,539,4,29.9,564144,5898035,94,selfish,0.2857700497959219,0.1163714164083326
60885,0.395,1.9240506329113924,0.65,2.0,0.3527321428571428,0.005009110750360749,200,79,130,609,879,5,87.4,697312,4456442,85,selfish,0.4024582743628092,0.7244830604083918
618,0.305,1.5245901639344261,0.515,2.0,0.21235591674407467,0.004172815926763297,200,61,103,7,195,2,42.7,1117112,2763342,18,selfish,0.2312345941585266,0.3847746110331581
61785,0.37,1.9189189189189189,0.605,2.0,0.32961147186147177,0.004859565295815296,200,74,121,618,539,4,61.0,564144,5898035,85,selfish,0.4024582743628092,0.7244830604083918
62260,0.25,1.74,0.43,2.011627906976744,0.1994424603174603,0.004845114746364747,200,50,86,623,742,4,10.2,972266,6502101,60,selfish,0.2892063661005389,0.2123889347471068
62042,0.185,1.8108108108108107,0.325,2.0,0.13665613553113554,0.004491013520792931,200,37,65,621,742,4,5.0,972266,6502101,42,selfish,0.2544637386172081,0.3417299389831262
62498,0.19,1.8157894736842106,0.31,2.0,0.11958475470607823,0.003783792726880964,200,38,62,625,742,4,20.9,972266,6502101,98,selfish,0.21729239263723,0.8840829656528192
63478,0.455,1.5824175824175823,0.7,2.0214285714285714,0.3791071428571431,0.007823452380952375,200,91,140,635,328,2,20.9,388142,4020608,78,selfish,0.3815618301396259,0.7050527606912402
63704,0.28,1.7142857142857142,0.45,2.0,0.18862500000000001,0.00546757631257631,200,56,90,638,328,2,61.0,388142,4020608,4,selfish,0.2627648343443758,0.7190241322679278
6254,0.295,1.9322033898305084,0.48,2.0,0.26293986568986566,0.004692064047064046,200,59,96,63,645,7,10.2,690687,2454771,54,selfish,0.3585232711576509,0.4092237628104323
62728,0.36,1.7916666666666667,0.62,2.0,0.32606547619047616,0.005230195360195359,200,72,124,628,742,4,61.0,972266,6502101,28,selfish,0.4304538627565802,0.2618674911675315
64024,0.39,1.8846153846153846,0.625,2.008,0.3618869047619048,0.006563511904761895,200,78,125,641,587,3,5.0,663189,4363208,24,selfish,0.4574864654719545,0.463400582232104
64161,0.275,1.7272727272727273,0.42,2.0,0.20828373015873017,0.005116452228327227,200,55,84,642,587,3,7.1,663189,4363208,61,selfish,0.3070497535774244,0.9179940122389904
6385,0.325,2.076923076923077,0.55,2.0,0.2784096320346321,0.004788897907647908,200,65,110,64,645,7,14.6,690687,2454771,85,selfish,0.4024582743628092,0.7244830604083918
64228,0.375,1.88,0.63,2.0,0.3375119047619048,0.005589448051948049,200,75,126,643,587,3,10.2,663189,4363208,28,selfish,0.4304538627565802,0.2618674911675315
64356,0.37,1.8243243243243243,0.66,2.007575757575758,0.33086111111111116,0.005388952020202018,200,74,132,644,587,3,14.6,663189,4363208,56,selfish,0.4768512858671266,0.1447302436856452
64411,0.345,2.028985507246377,0.595,2.008403361344538,0.29623977411477415,0.004825496031746033,200,69,119,645,587,3,20.9,663189,4363208,11,selfish,0.3777435584279705,0.3053722478730439
64619,0.45,1.9777777777777779,0.69,2.0,0.38656764069264066,0.005513064574314571,200,90,138,647,587,3,42.7,663189,4363208,19,selfish,0.4954733651280948,0.0419355939468332
65247,0.355,2.1267605633802815,0.565,2.0088495575221237,0.307267316017316,0.008070898268398264,200,71,113,653,488,5,10.2,60818,6314311,47,selfish,0.4071129309119736,0.103198652756049
65348,0.125,1.68,0.17,2.0,0.08502777777777776,0.006860799062049058,200,25,34,654,488,5,14.6,60818,6314311,48,selfish,0.2114807290736435,0.0244607249130057
65611,0.28,1.8928571428571428,0.43,2.0,0.24483333333333335,0.00590025974025974,200,56,86,657,488,5,42.7,60818,6314311,11,selfish,0.3777435584279705,0.3053722478730439
65510,0.42,1.9642857142857142,0.655,2.015267175572519,0.3828556166056166,0.006315952380952378,200,84,131,656,488,5,29.9,60818,6314311,10,selfish,0.4737946714611262,0.5224738795684104
65792,0.26,1.7307692307692308,0.4,2.0,0.2277922077922077,0.005376204004329001,200,52,80,658,488,5,61.0,60818,6314311,92,selfish,0.3544902343139808,0.0312541994926666
65908,0.38,1.894736842105263,0.56,2.0,0.3101706349206349,0.0058831150793650765,200,76,112,660,488,5,125.0,60818,6314311,8,selfish,0.3927810904963459,0.8167673407001561
66163,0.38,1.881578947368421,0.625,2.008,0.34184920634920635,0.005666825396825395,200,76,125,662,424,7,7.1,754181,7594924,63,selfish,0.4714045721788255,0.7667985672256883
66241,0.37,1.9324324324324325,0.62,2.0,0.3240952380952382,0.005279094169719168,200,74,124,663,424,7,10.2,754181,7594924,41,selfish,0.3883150820571905,0.5577479977483336
66463,0.425,1.8705882352941177,0.65,2.0,0.38763369963369976,0.0058417994505494475,200,85,130,665,424,7,20.9,754181,7594924,63,selfish,0.4714045721788255,0.7667985672256883
66562,0.27,1.9074074074074074,0.44,2.0,0.2351527777777777,0.00498025974025974,200,54,88,666,424,7,29.9,754181,7594924,62,selfish,0.3350709844137344,0.6247506884808997
66893,0.26,1.9615384615384615,0.41,2.0,0.2035252386502386,0.004133158924408925,200,52,82,669,424,7,87.4,754181,7594924,93,selfish,0.2779592827386458,0.3345825728904498
67052,0.315,1.8253968253968254,0.565,2.0,0.26854004329004333,0.004878948412698412,200,63,113,671,655,4,5.0,898154,1751566,52,selfish,0.3898718220747056,0.4295434601453535
68775,0.19,1.9210526315789473,0.355,2.0,0.14484086664969018,0.003968690635345048,200,38,71,688,399,7,61.0,365033,6882073,75,selfish,0.2525545317138812,0.4401811270174162
67984,0.34,2.0588235294117645,0.555,2.009009009009009,0.2878852813852814,0.005122386363636361,200,68,111,680,655,4,125.0,898154,1751566,84,selfish,0.4277086989642705,0.7484720574557526
6797,0.41,2.0853658536585367,0.645,2.0,0.3588928571428571,0.005279841269841268,200,82,129,68,645,7,61.0,690687,2454771,97,selfish,0.4855618445578609,0.1689982716058866
68964,0.42,1.8452380952380953,0.675,2.0,0.37354166666666666,0.005058095238095239,200,84,135,690,399,7,125.0,365033,6882073,64,selfish,0.4895135847322587,0.8096004723526141
69057,0.18,1.5833333333333333,0.28,2.0,0.11845887445887442,0.0037352610509340054,200,36,56,691,463,4,5.0,1083875,360924,57,selfish,0.2281547978409189,0.2464978385902064
69274,0.38,1.8026315789473684,0.595,2.0,0.3441964285714285,0.00557345238095238,200,76,119,693,463,4,10.2,1083875,360924,74,selfish,0.4831039344913304,0.9827660363748432
69600,0.365,2.191780821917808,0.54,2.0,0.31623382173382175,0.0051644047619047615,200,73,108,696,463,4,29.9,1083875,360924,100,selfish,0.4158727914731683,0.6511808318464773
69784,0.315,2.111111111111111,0.565,2.0,0.28234523809523804,0.005284662698412697,200,63,113,698,463,4,61.0,1083875,360924,84,selfish,0.4277086989642705,0.7484720574557526
69823,0.28,2.017857142857143,0.5,2.01,0.24481583694083692,0.00480087357087357,200,56,100,699,463,4,87.4,1083875,360924,23,selfish,0.3494898166749496,0.4302371480503864
70138,0.26,1.9615384615384615,0.485,2.0,0.21335714285714286,0.005221394300144299,200,52,97,702,975,5,7.1,589887,4392660,38,selfish,0.3509947337216052,0.8424701912520188
70094,0.27,1.7592592592592593,0.37,2.0135135135135136,0.2037380952380952,0.004863681457431458,200,54,74,701,975,5,5.0,589887,4392660,94,selfish,0.2857700497959219,0.1163714164083326
70400,0.385,1.844155844155844,0.605,2.0,0.3418571428571429,0.005177083333333329,200,77,121,704,975,5,14.6,589887,4392660,100,selfish,0.4158727914731683,0.6511808318464773
70444,0.335,1.791044776119403,0.485,2.0,0.25792200854700853,0.0048032207120365,200,67,97,705,975,5,20.9,589887,4392660,44,selfish,0.3297294244236074,0.1851245903607699
71174,0.435,1.9655172413793103,0.715,2.0,0.3994404761904763,0.005306587301587301,200,87,143,712,353,7,7.1,447493,1716934,74,selfish,0.4831039344913304,0.9827660363748432
71331,0.2,1.675,0.33,2.0,0.14620819458319456,0.003968344363969363,200,40,66,714,353,7,14.6,447493,1716934,31,selfish,0.2689147210983604,0.7842712343444325
71511,0.335,1.9104477611940298,0.535,2.0,0.27109812409812406,0.004829311334090747,200,67,107,716,353,7,29.9,447493,1716934,11,selfish,0.3777435584279705,0.3053722478730439
70559,0.27,1.7777777777777777,0.45,2.011111111111111,0.2058237546766958,0.004489869942149352,200,54,90,706,975,5,29.9,589887,4392660,59,selfish,0.2977847312437251,0.2895622807306851
70658,0.25,1.78,0.44,2.0,0.22859397546897547,0.0050694864857364855,200,50,88,707,975,5,42.7,589887,4392660,58,selfish,0.3409275648695138,0.932574439505853
71697,0.42,1.6904761904761905,0.72,2.0,0.35400595238095234,0.005331471861471859,200,84,144,717,353,7,42.7,447493,1716934,97,selfish,0.4855618445578609,0.1689982716058866
72241,0.31,2.0161290322580645,0.54,2.0,0.2776269841269841,0.004771298354423352,200,62,108,723,250,8,10.2,911140,5410068,41,selfish,0.3883150820571905,0.5577479977483336
71749,0.27,1.8333333333333333,0.405,2.0,0.19842532467532464,0.0047395892995892985,200,54,81,718,353,7,61.0,447493,1716934,49,selfish,0.3008118292997498,0.7565167136190543
7261,0.29,1.603448275862069,0.45,2.0,0.2161888433204222,0.004821504789070576,200,58,90,73,564,3,10.2,1012372,3981310,61,selfish,0.3070497535774244,0.9179940122389904
73204,0.265,1.9622641509433962,0.38,2.013157894736842,0.19441605616605614,0.004462697718947719,200,53,76,733,898,7,10.2,760639,4056088,4,selfish,0.2627648343443758,0.7190241322679278
73357,0.175,1.8571428571428572,0.285,2.0,0.11767532467532467,0.003794456605486016,200,35,57,734,898,7,14.6,760639,4056088,57,selfish,0.2281547978409189,0.2464978385902064
73829,0.24,1.7083333333333333,0.4,2.0,0.18165356783739134,0.004437322322285554,200,48,80,739,898,7,87.4,760639,4056088,29,selfish,0.2901917465581629,0.3137113417077046
73604,0.18,1.7777777777777777,0.33,2.0,0.12846336996336993,0.003973873210123211,200,36,66,737,898,7,42.7,760639,4056088,4,selfish,0.2627648343443758,0.7190241322679278
7445,0.215,1.7906976744186047,0.33,2.0,0.15108134920634916,0.00467415404040404,200,43,66,75,564,3,20.9,1012372,3981310,45,selfish,0.2747520561924723,0.7307587255425585
74469,0.19,1.736842105263158,0.305,2.0,0.11035477920772037,0.0036225671243531143,200,38,61,745,351,4,20.9,935689,642421,69,selfish,0.2070972729458678,0.2979198700199214
74544,0.295,1.7966101694915255,0.49,2.0,0.2444322899322899,0.004829045121545119,200,59,98,746,351,4,29.9,935689,642421,44,selfish,0.3297294244236074,0.1851245903607699
74762,0.22,1.8863636363636365,0.435,2.0,0.20121345525389647,0.004798951775348835,200,44,87,748,351,4,61.0,935689,642421,62,selfish,0.3350709844137344,0.6247506884808997
74649,0.255,1.803921568627451,0.39,2.0128205128205128,0.19609325396825397,0.00443669517982018,200,51,78,747,351,4,42.7,935689,642421,49,selfish,0.3008118292997498,0.7565167136190543
74827,0.42,1.869047619047619,0.655,2.0076335877862594,0.3807976190476191,0.0051464484126984116,200,84,131,749,351,4,87.4,935689,642421,27,selfish,0.4590052735626949,0.5951250624738255
75613,0.165,1.9393939393939394,0.285,2.017543859649123,0.11300500316676787,0.003742260447885446,200,33,57,757,755,6,42.7,815771,5006363,13,selfish,0.2238256630629619,0.7912632295125752
75119,0.355,1.8450704225352113,0.63,2.007936507936508,0.32258134920634923,0.005746650432900434,200,71,126,752,755,6,7.1,815771,5006363,19,selfish,0.4954733651280948,0.0419355939468332
75877,0.185,1.8108108108108107,0.34,2.0,0.14323412698412696,0.004234335288894112,200,37,68,759,755,6,87.4,815771,5006363,77,selfish,0.2375482709814891,0.0892183280233827
75490,0.24,1.8333333333333333,0.38,2.0,0.1484426406926407,0.004535378787878788,200,48,76,755,755,6,20.9,815771,5006363,90,selfish,0.3196298037016608,0.990883980492858
77045,0.215,1.9534883720930232,0.37,2.0,0.1554516404647984,0.0046124848762348755,200,43,74,771,285,7,5.0,479437,1362798,45,selfish,0.2747520561924723,0.7307587255425585
76044,0.29,2.0,0.435,2.0114942528735633,0.21448466810966818,0.004779565295815295,200,58,87,761,381,6,5.0,612977,1098150,44,selfish,0.3297294244236074,0.1851245903607699
76156,0.4,1.8625,0.625,2.008,0.3715833333333333,0.005628809523809527,200,80,125,762,381,6,7.1,612977,1098150,56,selfish,0.4768512858671266,0.1447302436856452
7681,0.15,2.0,0.3,2.0,0.09182321333637124,0.0037977281052281047,200,30,60,77,564,3,42.7,1012372,3981310,81,selfish,0.2269416996374781,0.4804242585572029
77641,0.32,2.15625,0.57,2.0,0.2997162698412699,0.005106291486291482,200,64,114,777,285,7,42.7,479437,1362798,41,selfish,0.3883150820571905,0.5577479977483336
77288,0.33,1.893939393939394,0.545,2.0,0.30523214285714284,0.005570257936507935,200,66,109,773,285,7,10.2,479437,1362798,88,selfish,0.4229568538429628,0.8766829270547112
77443,0.325,2.0307692307692307,0.58,2.0,0.26458982683982685,0.005006760114885113,200,65,116,775,285,7,20.9,479437,1362798,43,selfish,0.3733963553970497,0.8234180661786772
77868,0.29,1.9482758620689655,0.535,2.0,0.25937934981684974,0.004874317279942278,200,58,107,779,285,7,87.4,479437,1362798,68,selfish,0.3706046305857265,0.4761663270697934
77912,0.32,2.0,0.55,2.0,0.27585317460317454,0.004881547619047618,200,64,110,780,285,7,125.0,479437,1362798,12,selfish,0.3985108847427614,0.9637929216712549
7852,0.31,1.8225806451612903,0.565,2.0088495575221237,0.2676607142857143,0.004863318070818069,200,62,113,79,564,3,87.4,1012372,3981310,52,selfish,0.3898718220747056,0.4295434601453535
78667,0.285,1.8771929824561404,0.495,2.0,0.24386111111111108,0.005107317127317126,200,57,99,787,594,4,42.7,240540,7147011,67,selfish,0.3604525200861999,0.8954386061007626
79052,0.29,1.9482758620689655,0.52,2.0,0.25635714285714273,0.005028690476190475,200,58,104,791,528,8,5.0,748694,1322580,52,selfish,0.3898718220747056,0.4295434601453535
7917,0.375,1.8533333333333333,0.595,2.0,0.3529752747252748,0.0052463034188034155,200,75,119,80,564,3,125.0,1012372,3981310,17,selfish,0.4372556438030128,0.9067257327686692
79158,0.3,1.9166666666666667,0.485,2.0,0.25435930735930745,0.005008034465534466,200,60,97,792,528,8,7.1,748694,1322580,58,selfish,0.3409275648695138,0.932574439505853
79263,0.395,1.9113924050632911,0.65,2.0,0.3503181818181818,0.005577283549783548,200,79,130,793,528,8,10.2,748694,1322580,63,selfish,0.4714045721788255,0.7667985672256883
79301,0.295,1.6610169491525424,0.535,2.0,0.2732301587301587,0.005141958779524567,200,59,107,794,528,8,14.6,748694,1322580,1,selfish,0.3857676334163057,0.2047082508361712
79499,0.24,1.8541666666666667,0.4,2.0,0.20147871572871573,0.004663899711399713,200,48,80,795,528,8,20.9,748694,1322580,99,selfish,0.3227365905845993,0.0746241892293311
79603,0.33,1.9393939393939394,0.595,2.0,0.29831349206349206,0.005245656565656567,200,66,119,797,528,8,42.7,748694,1322580,3,selfish,0.405342196225377,0.1209354681890304
79703,0.295,2.2203389830508473,0.52,2.0,0.2669126984126984,0.005099769119769119,200,59,104,798,528,8,61.0,748694,1322580,3,selfish,0.405342196225377,0.1209354681890304
8005,0.465,1.8709677419354838,0.675,2.0074074074074075,0.41072023809523805,0.006325158730158731,200,93,135,81,365,3,5.0,582801,3620340,5,selfish,0.4995762557070848,0.3625281920046287
79944,0.295,1.8983050847457628,0.495,2.0,0.1988178210678211,0.004464926046176046,200,59,99,800,528,8,125.0,748694,1322580,44,selfish,0.3297294244236074,0.1851245903607699
8194,0.24,1.8333333333333333,0.355,2.0,0.17693156353450468,0.004858625194250196,200,48,71,82,365,3,7.1,582801,3620340,94,selfish,0.2857700497959219,0.1163714164083326
81018,0.31,1.9193548387096775,0.505,2.1485148514851486,0.19532431457431457,0.008469137806637803,200,62,101,811,687,2,5.0,1029800,4329160,18,selfish,0.2312345941585266,0.3847746110331581
81995,0.39,1.7564102564102564,0.685,2.0,0.3349411976911977,0.0054954202741702715,200,78,137,820,687,2,125.0,1029800,4329160,95,selfish,0.3751229337419657,0.1974510188067169
82310,0.4,2.075,0.65,2.0,0.3849880952380952,0.00590470238095238,200,80,130,824,994,4,14.6,707499,5760580,10,selfish,0.4737946714611262,0.5224738795684104
82067,0.305,2.081967213114754,0.465,2.010752688172043,0.24124206349206342,0.005141091269841267,200,61,93,821,994,4,5.0,707499,5760580,67,selfish,0.3604525200861999,0.8954386061007626
82420,0.22,1.8181818181818181,0.34,2.0,0.15008594591682828,0.003973639991544402,200,44,68,825,994,4,20.9,707499,5760580,20,selfish,0.2461140406262255,0.1374999707243197
82823,0.265,1.9433962264150944,0.45,2.022222222222222,0.22329897186147185,0.004769897345301757,200,53,90,829,994,4,87.4,707499,5760580,23,selfish,0.3494898166749496,0.4302371480503864
83466,0.565,2.769911504424779,0.85,2.052941176470588,0.4815136599511598,0.00872852564102564,200,113,170,835,782,2,20.9,416203,7873062,66,selfish,0.4409284566649496,0.3941260031346912
83748,0.295,1.3559322033898304,0.44,2.0454545454545454,0.206031746031746,0.007533345959595956,200,59,88,838,782,2,61.0,416203,7873062,48,selfish,0.2114807290736435,0.0244607249130057
8397,0.46,2.010869565217391,0.73,2.006849315068493,0.4148333333333333,0.005485119047619045,200,92,146,84,365,3,14.6,582801,3620340,97,selfish,0.4855618445578609,0.1689982716058866
83073,0.695,17.85611510791367,0.415,2.2048192771084336,0.34264787816338893,0.006230320446563853,200,139,83,831,782,2,5.0,416203,7873062,73,selfish,0.2631399047202775,0.494072025933513
83816,0.375,1.4933333333333334,0.705,2.028368794326241,0.3373214285714286,0.0069013095238095205,200,75,141,839,782,2,87.4,416203,7873062,16,selfish,0.4208942434349683,0.0948525522924531
84384,0.405,2.0246913580246915,0.62,2.0080645161290325,0.361422619047619,0.00545390873015873,200,81,124,844,948,6,14.6,1102116,3964761,84,selfish,0.4277086989642705,0.7484720574557526
84146,0.305,1.9344262295081966,0.56,2.0,0.27612554112554105,0.0047499044011544,200,61,112,842,948,6,7.1,1102116,3964761,46,selfish,0.4184444837622084,0.6687474950133617
84540,0.18,1.6666666666666667,0.27,2.0,0.13544638613020968,0.004055622237239883,200,36,54,846,948,6,29.9,1102116,3964761,40,selfish,0.2501126952506121,0.6454895199876196
84439,0.405,1.9753086419753085,0.625,2.0,0.3681468253968254,0.0051492658730158715,200,81,125,845,948,6,20.9,1102116,3964761,39,selfish,0.4790241755215713,0.6177321915239017
8514,0.41,2.048780487804878,0.665,2.0,0.35310515873015874,0.005516513347763343,200,82,133,86,365,3,29.9,582801,3620340,14,selfish,0.4312459512484686,0.5424263205795637
84612,0.385,2.1298701298701297,0.555,2.0,0.3157658730158731,0.005181071428571426,200,77,111,847,948,6,42.7,1102116,3964761,12,selfish,0.3985108847427614,0.9637929216712549
84899,0.245,2.061224489795918,0.465,2.0,0.18661982461982463,0.004437922632922629,200,49,93,849,948,6,87.4,1102116,3964761,99,selfish,0.3227365905845993,0.0746241892293311
85086,0.375,2.2266666666666666,0.63,2.0,0.3247156593406594,0.005263012820512819,200,75,126,851,945,7,5.0,829011,2599119,86,selfish,0.4461023732799478,0.2773058726188811
85184,0.375,2.1866666666666665,0.63,2.0,0.34131547619047625,0.005039067460317459,200,75,126,852,945,7,7.1,829011,2599119,84,selfish,0.4277086989642705,0.7484720574557526
85318,0.2,1.725,0.325,2.0,0.142088415669298,0.004146928855458264,200,40,65,854,945,7,14.6,829011,2599119,18,selfish,0.2312345941585266,0.3847746110331581
85436,0.3,1.8833333333333333,0.525,2.0095238095238095,0.26656968031968037,0.004862648462648461,200,60,105,855,945,7,20.9,829011,2599119,36,selfish,0.3461077870164497,0.600169191961039
86054,0.235,2.0425531914893615,0.48,2.0,0.2154265873015873,0.004632123015873014,200,47,96,861,120,3,5.0,918714,2820493,54,selfish,0.3585232711576509,0.4092237628104323
85532,0.335,1.8656716417910448,0.56,2.0,0.2970436507936508,0.0052480790043290025,200,67,112,856,945,7,29.9,829011,2599119,32,selfish,0.4495856593533723,0.6338235473212548
86123,0.26,1.7884615384615385,0.525,2.0095238095238095,0.24672817460317456,0.005069545454545455,200,52,105,862,120,3,7.1,918714,2820493,23,selfish,0.3494898166749496,0.4302371480503864
86410,0.33,1.9242424242424243,0.63,2.0,0.3030158730158731,0.005476630591630585,200,66,126,865,120,3,20.9,918714,2820493,10,selfish,0.4737946714611262,0.5224738795684104
86373,0.18,1.6388888888888888,0.305,2.0,0.12301010101010101,0.004333854617604614,200,36,61,864,120,3,14.6,918714,2820493,73,selfish,0.2631399047202775,0.494072025933513
86625,0.34,1.8823529411764706,0.615,2.0,0.3133548534798534,0.00568363095238095,200,68,123,867,120,3,42.7,918714,2820493,25,selfish,0.454095890072901,0.6742162468199493
85733,0.225,1.9555555555555555,0.35,2.0,0.15709168609168608,0.003941075591075591,200,45,70,858,945,7,61.0,829011,2599119,33,selfish,0.2594311744995365,0.5379384620687854
88058,0.315,2.0476190476190474,0.48,2.0,0.2764345238095239,0.00654174984737484,200,63,96,881,301,8,5.0,124793,3805108,58,selfish,0.3409275648695138,0.932574439505853
88493,0.175,1.7714285714285714,0.29,2.0,0.1309672133422133,0.004791259573759574,200,35,58,885,301,8,20.9,124793,3805108,93,selfish,0.2779592827386458,0.3345825728904498
87290,0.27,1.7592592592592593,0.42,2.0,0.19436724386724388,0.00480580364080364,200,54,84,873,574,8,10.2,109802,874266,90,selfish,0.3196298037016608,0.990883980492858
85889,0.205,1.6341463414634145,0.36,2.0,0.12140879069331081,0.003671242023241636,200,41,72,859,945,7,87.4,829011,2599119,89,selfish,0.2129379249701362,0.6944582199785999
88518,0.205,1.8780487804878048,0.275,2.0,0.14256601731601734,0.004119008671067492,200,41,55,886,301,8,29.9,124793,3805108,18,selfish,0.2312345941585266,0.3847746110331581
88605,0.425,1.9176470588235295,0.68,2.0,0.37470238095238095,0.005254444444444445,200,85,136,887,301,8,42.7,124793,3805108,5,selfish,0.4995762557070848,0.3625281920046287
8871,0.275,1.7454545454545454,0.43,2.0,0.21294444444444444,0.004730409312909312,200,55,86,89,365,3,87.4,582801,3620340,71,selfish,0.3239323376009491,0.868936778850477
88720,0.22,1.6818181818181819,0.33,2.0,0.14576857864357862,0.004320643355827179,200,44,66,888,301,8,61.0,124793,3805108,20,selfish,0.2461140406262255,0.1374999707243197
88857,0.175,1.9428571428571428,0.26,2.0,0.12033705847292804,0.0041037549467440775,200,35,52,889,301,8,87.4,124793,3805108,57,selfish,0.2281547978409189,0.2464978385902064
88967,0.215,2.13953488372093,0.46,2.010869565217391,0.19558134920634918,0.004781289682539682,200,43,92,890,301,8,125.0,124793,3805108,67,selfish,0.3604525200861999,0.8954386061007626
89060,0.215,1.930232558139535,0.315,2.0,0.16156601731601733,0.005351249999999999,200,43,63,891,396,7,5.0,222489,4978659,60,selfish,0.2892063661005389,0.2123889347471068
89171,0.28,1.6428571428571428,0.425,2.0,0.21135106560106562,0.0055828192640692605,200,56,85,892,396,7,7.1,222489,4978659,71,selfish,0.3239323376009491,0.868936778850477
90145,0.2,1.8,0.33,2.0,0.14531905083220872,0.004560783799533798,200,40,66,902,144,5,7.1,736515,7713830,45,selfish,0.2747520561924723,0.7307587255425585
89257,0.135,1.6296296296296295,0.23,2.0,0.08230266955266954,0.004324907152026716,200,27,46,893,396,7,10.2,222489,4978659,57,selfish,0.2281547978409189,0.2464978385902064
90236,0.265,1.9056603773584906,0.47,2.0106382978723403,0.2237242063492063,0.004778231074481073,200,53,94,903,144,5,10.2,736515,7713830,36,selfish,0.3461077870164497,0.600169191961039
90377,0.185,1.6486486486486487,0.31,2.0,0.11270454545454545,0.0039544593345251225,200,37,62,904,144,5,14.6,736515,7713830,77,selfish,0.2375482709814891,0.0892183280233827
90485,0.265,1.7358490566037736,0.485,2.0103092783505154,0.24487698412698414,0.005309285714285714,200,53,97,905,144,5,20.9,736515,7713830,85,selfish,0.4024582743628092,0.7244830604083918
90621,0.19,1.8157894736842106,0.295,2.0,0.1219950918964077,0.0039253229540497335,200,38,59,907,144,5,42.7,736515,7713830,21,selfish,0.2397567210258474,0.5887702959721403
89990,0.25,1.88,0.44,2.0,0.1970128968253968,0.004579158549783548,200,50,88,900,396,7,125.0,222489,4978659,90,selfish,0.3196298037016608,0.990883980492858
90862,0.285,2.3859649122807016,0.47,2.0106382978723403,0.23858820346320342,0.004469889971139972,200,57,94,909,144,5,87.4,736515,7713830,62,selfish,0.3350709844137344,0.6247506884808997
90720,0.185,1.7567567567567568,0.3,2.0,0.11940662931839402,0.004129745246583478,200,37,60,908,144,5,61.0,736515,7713830,20,selfish,0.2461140406262255,0.1374999707243197
92209,0.19,1.868421052631579,0.325,2.0,0.12093488455988455,0.004121685971192551,200,38,65,923,162,6,10.2,653866,7977897,9,selfish,0.2331676534838964,0.9471927912224244
92351,0.165,1.878787878787879,0.24,2.0,0.09704134754134755,0.004273379869969251,200,33,48,924,162,6,14.6,653866,7977897,51,selfish,0.2182850515748211,0.1730815279492411
92432,0.375,1.9733333333333334,0.625,2.0,0.3275140692640693,0.005289027777777776,200,75,125,925,162,6,20.9,653866,7977897,32,selfish,0.4495856593533723,0.6338235473212548
92710,0.44,1.7159090909090908,0.65,2.0,0.3870227272727273,0.005682445887445883,200,88,130,928,162,6,61.0,653866,7977897,10,selfish,0.4737946714611262,0.5224738795684104
92896,0.39,2.08974358974359,0.635,2.0,0.36391071428571414,0.0050858134920634904,200,78,127,929,162,6,87.4,653866,7977897,96,selfish,0.4626922801013836,0.4528896718855326
92943,0.295,2.1016949152542375,0.49,2.0,0.2618108974358975,0.004979345238095239,200,59,98,930,162,6,125.0,653866,7977897,43,selfish,0.3733963553970497,0.8234180661786772
91158,0.355,1.9577464788732395,0.475,2.0,0.3013214285714285,0.008586091269841263,200,71,95,912,662,4,7.1,103542,6259861,58,selfish,0.3409275648695138,0.932574439505853
93274,0.37,1.8513513513513513,0.685,2.0,0.3492083333333333,0.0051039484126984115,200,74,137,933,153,8,10.2,541337,1076629,74,selfish,0.4831039344913304,0.9827660363748432
93102,0.27,1.6481481481481481,0.415,2.0,0.1939305555555556,0.004218811882561881,200,54,83,932,153,8,7.1,541337,1076629,2,selfish,0.2959114945914544,0.9228509849216918
93373,0.18,2.0555555555555554,0.325,2.0,0.13164529914529915,0.004220235597735597,200,36,65,934,153,8,14.6,541337,1076629,73,selfish,0.2631399047202775,0.494072025933513
93872,0.325,1.8,0.505,2.00990099009901,0.24454403235653238,0.0043989044289044306,200,65,101,939,153,8,87.4,541337,1076629,72,selfish,0.3156406422303758,0.3774553900605352
94321,0.22,1.7727272727272727,0.35,2.0,0.1429566030374854,0.004082294759978582,200,44,70,944,440,4,14.6,966243,3484389,21,selfish,0.2397567210258474,0.5887702959721403
94430,0.19,1.7105263157894737,0.275,2.0,0.11666040903540904,0.0038944560943012974,200,38,55,945,440,4,20.9,966243,3484389,30,selfish,0.2039812783100412,0.857228363045134
94808,0.285,1.8070175438596492,0.535,2.0,0.23731782106782107,0.005261470057720054,200,57,107,949,440,4,87.4,966243,3484389,8,selfish,0.3927810904963459,0.8167673407001561
94965,0.215,1.7906976744186047,0.46,2.0,0.1864920634920635,0.004727023809523807,200,43,92,950,440,4,125.0,966243,3484389,65,selfish,0.3439678088500045,0.0675229338756022
95884,0.38,2.1052631578947367,0.535,2.0,0.3227916666666667,0.005266309523809524,200,76,107,959,155,7,87.4,878853,2674948,84,selfish,0.4277086989642705,0.7484720574557526
95437,0.455,2.010989010989011,0.62,2.0,0.4081022727272727,0.0053773250360750315,200,91,124,955,155,7,20.9,878853,2674948,37,selfish,0.469568977189866,0.9743873423433428
97193,0.195,1.8717948717948718,0.35,2.0,0.13709920634920636,0.004441043470418471,200,39,70,972,530,8,7.1,1098735,4618356,93,selfish,0.2779592827386458,0.3345825728904498
97810,0.415,1.7590361445783131,0.705,2.0,0.38663690476190476,0.005566567460317458,200,83,141,979,530,8,87.4,1098735,4618356,10,selfish,0.4737946714611262,0.5224738795684104
97913,0.155,1.7096774193548387,0.24,2.0,0.10749166030048382,0.00372351669164169,200,31,48,980,530,8,125.0,1098735,4618356,13,selfish,0.2238256630629619,0.7912632295125752
9735,0.33,1.8333333333333333,0.6,2.0,0.3051709956709956,0.005214426406926408,200,66,120,98,963,5,61.0,650552,1655147,35,selfish,0.444752781116749,0.3583252290098091
98058,0.29,2.0344827586206895,0.465,2.0,0.2561428571428571,0.006141949023199018,200,58,93,981,990,3,5.0,625697,7489363,58,selfish,0.3409275648695138,0.932574439505853
98496,0.385,1.974025974025974,0.67,2.0,0.3611825396825397,0.00553,200,77,134,985,990,3,20.9,625697,7489363,96,selfish,0.4626922801013836,0.4528896718855326
98203,0.325,1.876923076923077,0.595,2.008403361344538,0.3073928571428571,0.005475436507936504,200,65,119,983,990,3,10.2,625697,7489363,3,selfish,0.405342196225377,0.1209354681890304
99387,0.305,1.6721311475409837,0.475,2.0,0.23361507936507933,0.004917521645021643,200,61,95,994,111,7,14.6,901370,2165039,87,selfish,0.3108669576156866,0.5798034448113424
99439,0.425,2.1058823529411765,0.65,2.0,0.3822604617604618,0.005479365079365079,200,85,130,995,111,7,20.9,901370,2165039,39,selfish,0.4790241755215713,0.6177321915239017
98821,0.18,1.7777777777777777,0.275,2.0,0.1088517524142524,0.0042563055438713335,200,36,55,989,990,3,87.4,625697,7489363,21,selfish,0.2397567210258474,0.5887702959721403
9913,0.14,1.9642857142857142,0.28,2.017857142857143,0.10468275926971575,0.003786076330070894,200,28,56,100,963,5,125.0,650552,1655147,13,selfish,0.2238256630629619,0.7912632295125752
