system_config_id,validator_count,node_degree,bandwidth,block_creation_interval,max_block_size,n_attacker_configs_used,P_bar_i,P_bar_i_ci_low,P_bar_i_ci_high,B_bar_i,V_bar_i,Dbar_plus_i,Dbar_plus_i_ci_low,Dbar_plus_i_ci_high,V_reorg_i
1,195,2,5.0,1117112,2763342,5,0.581,,,1.5880758807588076,0.586,2.017211703958692,,,1.172
2,195,2,7.1,1117112,2763342,2,0.4725,,,1.553030303030303,0.5125,2.0,,,0.945
3,195,2,10.2,1117112,2763342,5,0.5519999999999999,0.445,0.6191083333333334,1.5449438202247192,0.55,2.0090579710144927,2.003846153846154,2.013496280658005,1.109
4,195,2,14.6,1117112,2763342,1,0.505,,,1.5538461538461539,0.505,2.00990099009901,,,1.015
5,195,2,20.9,1117112,2763342,5,0.608,,,1.550408719346049,0.569,2.0032894736842106,,,1.218
6,195,2,29.9,1117112,2763342,4,0.60375,,,1.6040955631399318,0.5875,2.0062111801242235,,,1.21125
7,195,2,42.7,1117112,2763342,5,0.538,0.48,0.5850416666666667,1.5339506172839505,0.497,2.0,2.0,2.0,1.076
8,195,2,61.0,1117112,2763342,6,0.6475,0.5639875,0.71675,1.5661157024793388,0.6316666666666667,2.0,2.0,2.0,1.295
9,195,2,87.4,1117112,2763342,4,0.57375,,,1.5161290322580645,0.52875,2.0,,,1.1475
10,195,2,125.0,1117112,2763342,2,0.5800000000000001,,,1.4962962962962962,0.505,2.0,,,1.16
11,57,6,5.0,143476,3082676,2,0.5675,,,1.7757575757575759,0.7325,2.004405286343612,,,1.1375
12,57,6,7.1,143476,3082676,3,0.515,,,1.852017937219731,0.6883333333333334,2.0032362459546924,,,1.0316666666666667
13,57,6,10.2,143476,3082676,6,0.5116666666666666,0.38475,0.6401666666666667,1.838479809976247,0.645,2.004885993485342,2.0,2.0126758571933543,1.0258333333333334
14,57,6,14.6,143476,3082676,4,0.50625,,,1.7403100775193798,0.56125,2.0024691358024693,,,1.01375
15,57,6,20.9,143476,3082676,3,0.35333333333333333,,,1.7234042553191489,0.405,2.0,,,0.7066666666666667
16,57,6,29.9,143476,3082676,2,0.415,,,1.8076923076923077,0.47,2.0060240963855422,,,0.8325
17,57,6,42.7,143476,3082676,3,0.6566666666666667,,,1.841549295774648,0.8716666666666667,2.0,,,1.3133333333333332
18,57,6,61.0,143476,3082676,4,0.515,,,1.8052434456928839,0.6025,2.004854368932039,,,1.0325
19,57,6,87.4,143476,3082676,3,0.6150000000000001,,,1.7894736842105263,0.7933333333333333,2.002710027100271,,,1.2316666666666667
20,57,6,125.0,143476,3082676,4,0.44999999999999996,,,1.8166666666666667,0.545,2.0027777777777778,,,0.90125
21,953,6,5.0,1197932,5801972,2,0.5650000000000001,,,1.794871794871795,0.7,2.004424778761062,,,1.1325
22,953,6,7.1,1197932,5801972,2,0.4325,,,1.766355140186916,0.4725,2.0,,,0.865
23,953,6,10.2,1197932,5801972,2,0.4475,,,1.8095238095238095,0.57,2.0,,,0.895
24,953,6,14.6,1197932,5801972,4,0.5475000000000001,,,1.809061488673139,0.69875,2.0,,,1.095
25,953,6,20.9,1197932,5801972,3,0.45,,,1.7918781725888324,0.5883333333333334,2.0,,,0.9
26,953,6,29.9,1197932,5801972,5,0.39799999999999996,,,1.8113207547169812,0.48,2.007537688442211,,,0.799
27,953,6,42.7,1197932,5801972,5,0.421,,,1.8443708609271523,0.557,2.0,,,0.842
28,953,6,61.0,1197932,5801972,6,0.4691666666666667,0.31495833333333334,0.62375625,1.903896103896104,0.6108333333333333,2.008880994671403,2.0,2.017399483799521,0.9425
29,953,6,87.4,1197932,5801972,4,0.4075,,,1.8465116279069766,0.49625,2.0061349693251533,,,0.8175
30,953,6,125.0,1197932,5801972,3,0.45166666666666666,,,1.7819148936170213,0.5583333333333333,2.003690036900369,,,0.905
31,842,2,5.0,1031839,587281,6,0.4483333333333333,0.37825000000000003,0.5516666666666666,1.5910364145658262,0.47333333333333333,2.0111524163568775,2.0,2.018659417649317,0.9016666666666666
32,842,2,7.1,1031839,587281,4,0.57625,,,1.4962406015037595,0.4975,2.0065075921908893,,,1.15625
33,842,2,10.2,1031839,587281,4,0.49125,,,1.554263565891473,0.50125,2.005089058524173,,,0.985
34,842,2,14.6,1031839,587281,1,0.5,,,1.4516129032258065,0.45,2.0,,,1.0
35,842,2,20.9,1031839,587281,6,0.5750000000000001,0.46496875000000004,0.6742083333333334,1.5625,0.5416666666666666,2.0043478260869567,2.0,2.00913126275898,1.1525
36,842,2,29.9,1031839,587281,5,0.529,,,1.504297994269341,0.525,2.003780718336484,,,1.06
37,842,2,42.7,1031839,587281,3,0.7033333333333333,,,1.5471014492753623,0.7116666666666667,2.0,,,1.4066666666666667
38,842,2,61.0,1031839,587281,4,0.5862499999999999,,,1.4763636363636363,0.5075,2.0,,,1.1725
39,842,2,87.4,1031839,587281,5,0.583,0.485,0.69704375,1.4814814814814814,0.48,2.0017152658662094,2.0,2.005291005291005,1.167
40,842,2,125.0,1031839,587281,3,0.5983333333333334,,,1.5707317073170732,0.5366666666666666,2.002785515320334,,,1.1983333333333333
41,599,8,5.0,940127,5147543,3,0.46166666666666667,,,1.8,0.555,2.003610108303249,,,0.925
42,599,8,7.1,940127,5147543,3,0.45999999999999996,,,1.7458563535911602,0.5266666666666666,2.003623188405797,,,0.9216666666666666
43,599,8,10.2,940127,5147543,3,0.5116666666666666,,,1.759090909090909,0.645,2.0,,,1.0233333333333334
44,599,8,14.6,940127,5147543,3,0.57,,,1.8227272727272728,0.6683333333333333,2.0,,,1.14
45,599,8,20.9,940127,5147543,6,0.48583333333333334,0.3108125,0.655,1.8120481927710843,0.6266666666666667,2.0,2.0,2.0,0.9716666666666667
46,599,8,29.9,940127,5147543,5,0.42400000000000004,0.32999999999999996,0.536825,1.7836879432624113,0.503,2.0,2.0,2.0,0.848
47,599,8,42.7,940127,5147543,2,0.5449999999999999,,,1.6666666666666667,0.575,2.0045871559633026,,,1.0925
48,599,8,61.0,940127,5147543,6,0.4741666666666667,0.4183333333333333,0.51,1.8333333333333333,0.6141666666666666,2.0035149384885766,2.0,2.0091176470588237,0.95
49,599,8,87.4,940127,5147543,5,0.43900000000000006,,,1.7643097643097643,0.524,2.0,,,0.878
50,599,8,125.0,940127,5147543,4,0.42000000000000004,,,1.8135593220338984,0.535,2.0,,,0.84
51,29,8,5.0,890055,4550282,6,0.4383333333333334,0.3479875,0.49809687500000005,1.7507082152974505,0.515,2.0076045627376424,2.0,2.0135976496107544,0.88
52,29,8,7.1,890055,4550282,5,0.536,,,1.8016759776536313,0.645,2.003731343283582,,,1.074
53,29,8,10.2,890055,4550282,3,0.6666666666666666,,,1.8698884758364311,0.8383333333333334,2.0125,,,1.3416666666666666
54,29,8,14.6,890055,4550282,5,0.45899999999999996,0.295,0.5775,1.7830188679245282,0.567,2.0152505446623095,2.00306712962963,2.0215511678926315,0.925
55,29,8,20.9,890055,4550282,5,0.458,,,1.7380952380952381,0.511,2.006550218340611,,,0.919
56,29,8,29.9,890055,4550282,6,0.49666666666666665,,,1.85752688172043,0.5758333333333333,2.0067114093959733,,,0.9966666666666667
57,29,8,42.7,890055,4550282,4,0.4287500000000001,,,1.7307692307692308,0.50625,2.008746355685131,,,0.86125
58,29,8,61.0,890055,4550282,3,0.49666666666666665,,,1.768041237113402,0.5716666666666667,2.0067114093959733,,,0.9966666666666667
59,29,8,87.4,890055,4550282,2,0.345,,,1.7307692307692308,0.3375,2.0217391304347827,,,0.6975
60,29,8,125.0,890055,4550282,6,0.49750000000000005,0.40208333333333335,0.59,1.762962962962963,0.595,2.0050251256281406,2.0,2.0099942218798152,0.9975
61,645,7,5.0,690687,2454771,3,0.48500000000000004,,,1.7916666666666667,0.5733333333333334,2.006872852233677,,,0.9733333333333334
62,645,7,7.1,690687,2454771,5,0.506,,,1.8695652173913044,0.645,2.013833992094862,,,1.019
63,645,7,10.2,690687,2454771,3,0.46166666666666667,,,1.757396449704142,0.495,2.0108303249097474,,,0.9283333333333333
64,645,7,14.6,690687,2454771,2,0.4075,,,1.7383177570093458,0.465,2.0122699386503067,,,0.82
65,645,7,20.9,690687,2454771,4,0.39625,,,1.7857142857142858,0.46875,2.003154574132492,,,0.79375
66,645,7,29.9,690687,2454771,3,0.5716666666666667,,,1.8940677966101696,0.745,2.008746355685131,,,1.1483333333333334
67,645,7,42.7,690687,2454771,3,0.56,,,1.8987854251012146,0.7816666666666666,2.011904761904762,,,1.1266666666666667
68,645,7,61.0,690687,2454771,5,0.5029999999999999,,,1.855421686746988,0.616,2.00596421471173,,,1.009
69,645,7,87.4,690687,2454771,5,0.4720000000000001,,,1.8122977346278317,0.56,2.0042372881355934,,,0.946
70,645,7,125.0,690687,2454771,4,0.4525,,,1.8166666666666667,0.545,2.005524861878453,,,0.9075
71,564,3,5.0,1012372,3981310,1,0.26,,,1.605263157894737,0.30500000000000005,2.0,,,0.52
72,564,3,7.1,1012372,3981310,7,0.4321428571428571,0.32331249999999995,0.5380708333333334,1.7222222222222223,0.48714285714285716,2.003305785123967,2.0,2.008067726231386,0.8657142857142858
73,564,3,10.2,1012372,3981310,3,0.39999999999999997,,,1.8129032258064517,0.4683333333333333,2.004166666666667,,,0.8016666666666666
74,564,3,14.6,1012372,3981310,2,0.615,,,1.8397435897435896,0.7175,2.0040650406504064,,,1.2325
75,564,3,20.9,1012372,3981310,6,0.505,0.434375,0.59636875,1.7655860349127181,0.59,2.0115511551155114,2.0,2.0237782777152855,1.0158333333333334
76,564,3,29.9,1012372,3981310,2,0.385,,,1.6504854368932038,0.425,2.0064935064935066,,,0.7725
77,564,3,42.7,1012372,3981310,6,0.43500000000000005,0.2983125,0.5808750000000001,1.6676737160120847,0.46,2.003831417624521,2.0,2.0079037037037035,0.8716666666666667
78,564,3,61.0,1012372,3981310,4,0.5125,,,1.7651515151515151,0.5825,2.002439024390244,,,1.02625
79,564,3,87.4,1012372,3981310,3,0.5616666666666666,,,1.7630331753554502,0.62,2.0029673590504453,,,1.125
80,564,3,125.0,1012372,3981310,3,0.4116666666666667,,,1.6178343949044587,0.42333333333333334,2.0040485829959516,,,0.825
81,365,3,5.0,582801,3620340,5,0.49300000000000005,,,1.7794117647058822,0.605,2.006085192697769,,,0.989
82,365,3,7.1,582801,3620340,5,0.45,,,1.7440273037542662,0.511,2.002222222222222,,,0.901
83,365,3,10.2,582801,3620340,2,0.4225,,,1.85,0.4625,2.0118343195266273,,,0.85
84,365,3,14.6,582801,3620340,2,0.42000000000000004,,,1.865546218487395,0.555,2.011904761904762,,,0.845
85,365,3,20.9,582801,3620340,6,0.39916666666666667,,,1.6910828025477707,0.4425,2.0041753653444676,,,0.8
86,365,3,29.9,582801,3620340,3,0.4283333333333333,,,1.8299319727891157,0.4483333333333333,2.0,,,0.8566666666666667
87,365,3,42.7,582801,3620340,5,0.453,0.30640625000000005,0.6022833333333334,1.728476821192053,0.522,2.0044150110375276,2.0,2.008771929824561,0.908
88,365,3,61.0,582801,3620340,2,0.55,,,1.6623376623376624,0.64,2.0045454545454544,,,1.1025
89,365,3,87.4,582801,3620340,5,0.471,,,1.8087774294670846,0.577,2.010615711252654,,,0.947
90,365,3,125.0,582801,3620340,5,0.534,,,1.848137535816619,0.645,2.00561797752809,,,1.071
91,963,5,5.0,650552,1655147,3,0.5133333333333333,,,1.8952380952380952,0.6633333333333333,2.0064935064935066,,,1.03
92,963,5,7.1,650552,1655147,2,0.4,,,1.981818181818182,0.545,2.00625,,,0.8025
93,963,5,10.2,650552,1655147,6,0.39333333333333337,,,1.8,0.48,2.0021186440677967,,,0.7875
94,963,5,14.6,650552,1655147,3,0.49166666666666664,,,1.8423645320197044,0.6233333333333333,2.006779661016949,,,0.9866666666666667
95,963,5,20.9,650552,1655147,3,0.61,,,1.8830188679245283,0.8316666666666667,2.0081967213114753,,,1.225
96,963,5,29.9,650552,1655147,4,0.4675,,,1.8692307692307693,0.6075,2.0026737967914436,,,0.93625
97,963,5,42.7,650552,1655147,7,0.4835714285714286,0.370378125,0.5862812500000001,1.7410714285714286,0.5571428571428572,2.001477104874446,2.0,2.004085411942555,0.9678571428571429
98,963,5,61.0,650552,1655147,4,0.44125,,,1.73828125,0.55625,2.0056657223796033,,,0.885
99,963,5,87.4,650552,1655147,2,0.4675,,,1.967741935483871,0.61,2.021390374331551,,,0.945
100,963,5,125.0,650552,1655147,5,0.4590000000000001,,,1.9253246753246753,0.593,2.008714596949891,,,0.922
101,104,4,5.0,637257,4082743,4,0.4475,,,1.6798418972332017,0.53125,2.0027932960893855,,,0.89625
102,104,4,7.1,637257,4082743,1,0.365,,,1.7543859649122806,0.5,2.0136986301369864,,,0.735
103,104,4,10.2,637257,4082743,3,0.48333333333333334,,,1.8848167539267016,0.6,2.0068965517241377,,,0.97
104,104,4,14.6,637257,4082743,3,0.61,,,1.7782101167315174,0.7616666666666667,2.0163934426229506,,,1.23
105,104,4,20.9,637257,4082743,2,0.5425,,,1.6865671641791045,0.565,2.0,,,1.085
106,104,4,29.9,637257,4082743,4,0.4425,,,1.7346938775510203,0.53125,2.005649717514124,,,0.8875
107,104,4,42.7,637257,4082743,2,0.47,,,1.7603305785123966,0.5325,2.0,,,0.94
108,104,4,61.0,637257,4082743,3,0.5,,,1.7474747474747474,0.5766666666666667,2.01,,,1.005
109,104,4,87.4,637257,4082743,3,0.48833333333333334,,,1.7091836734693877,0.5583333333333333,2.006825938566553,,,0.98
110,104,4,125.0,637257,4082743,9,0.4933333333333333,0.39975000000000005,0.5777259615384616,1.84006734006734,0.6072222222222222,2.0067567567567566,2.0011031219272373,2.0122257926019755,0.99
111,642,5,5.0,1074544,2702765,6,0.54,0.42500000000000004,0.6633333333333333,1.7941787941787941,0.7191666666666666,2.006172839506173,2.0,2.0108469093590773,1.0833333333333333
112,642,5,7.1,1074544,2702765,5,0.45499999999999996,,,1.8754098360655738,0.572,2.0043956043956044,,,0.912
113,642,5,10.2,1074544,2702765,5,0.404,,,1.8985507246376812,0.524,2.007425742574257,,,0.811
114,642,5,14.6,1074544,2702765,6,0.4825,0.34987500000000005,0.6020125000000001,1.8833746898263026,0.6325,2.003454231433506,2.0,2.007143345933264,0.9666666666666667
115,642,5,20.9,1074544,2702765,1,0.27,,,1.6875,0.27,2.0,,,0.54
116,642,5,29.9,1074544,2702765,3,0.51,,,1.8724489795918366,0.6116666666666667,2.003267973856209,,,1.0216666666666667
117,642,5,42.7,1074544,2702765,4,0.52,,,1.848148148148148,0.62375,2.0048076923076925,,,1.0425
118,642,5,61.0,1074544,2702765,2,0.55,,,1.8951048951048952,0.6775,2.0,,,1.1
119,642,5,87.4,1074544,2702765,7,0.4278571428571429,0.31125,0.5407321428571431,1.853846153846154,0.5164285714285715,2.008347245409015,2.0,2.0135697188695634,0.8592857142857143
120,642,5,125.0,1074544,2702765,7,0.44928571428571423,0.35789375,0.5602812500000001,1.8666666666666667,0.56,2.0031796502384736,2.0,2.0059632117309736,0.9
121,621,7,5.0,424702,2860996,5,0.5269999999999999,,,1.9322033898305084,0.684,2.015180265654649,,,1.062
122,621,7,7.1,424702,2860996,5,0.552,0.44,0.64,1.8387978142076502,0.673,2.0072463768115942,2.0,2.01182889205893,1.108
123,621,7,10.2,424702,2860996,3,0.49500000000000005,,,1.7905759162303665,0.57,2.0,,,0.99
124,621,7,14.6,424702,2860996,5,0.437,,,1.84,0.552,2.004576659038902,,,0.876
125,621,7,20.9,424702,2860996,3,0.5216666666666667,,,1.8409090909090908,0.675,2.0031948881789137,,,1.045
126,621,7,29.9,424702,2860996,5,0.45999999999999996,,,1.8662420382165605,0.586,2.006521739130435,,,0.923
127,621,7,42.7,424702,2860996,5,0.44000000000000006,,,1.880952380952381,0.553,2.0022727272727274,,,0.881
128,621,7,61.0,424702,2860996,5,0.551,,,1.6925064599483204,0.655,2.0090744101633393,,,1.107
129,621,7,87.4,424702,2860996,3,0.44,,,1.7586206896551724,0.51,2.003787878787879,,,0.8816666666666667
130,621,7,125.0,424702,2860996,3,0.5333333333333333,,,1.9154929577464788,0.68,2.0,,,1.0666666666666667
131,582,3,5.0,208567,3850795,4,0.57875,,,1.8452012383900929,0.745,2.012958963282937,,,1.165
132,582,3,7.1,208567,3850795,2,0.41500000000000004,,,1.8429752066115703,0.5575,2.0060240963855422,,,0.8325
133,582,3,10.2,208567,3850795,5,0.502,,,1.7201166180758019,0.59,2.0,,,1.004
134,582,3,14.6,208567,3850795,4,0.41375,,,1.7316017316017316,0.5,2.009063444108761,,,0.83125
135,582,3,20.9,208567,3850795,5,0.48900000000000005,0.295,0.6102500000000002,1.690909090909091,0.558,2.0040899795501024,2.0,2.0156250000000004,0.98
136,582,3,29.9,208567,3850795,8,0.40625000000000006,0.33745833333333336,0.4734285714285714,1.755656108597285,0.485,2.0046153846153847,2.0,2.0086396554973107,0.814375
137,582,3,42.7,208567,3850795,5,0.575,0.41692500000000005,0.7084375,1.8405405405405406,0.681,2.008695652173913,2.003098027101779,2.0114731984155196,1.155
138,582,3,61.0,208567,3850795,1,0.545,,,1.6527777777777777,0.595,2.0,,,1.09
139,582,3,87.4,208567,3850795,5,0.45999999999999996,0.31909523809523804,0.6186125000000001,1.7483660130718954,0.535,2.0043478260869567,2.0,2.012323647660819,0.922
140,582,3,125.0,208567,3850795,4,0.5925,,,1.7350157728706626,0.6875,2.0042194092827006,,,1.1875
141,618,4,5.0,1062757,1523951,2,0.475,,,1.7518796992481203,0.5825,2.0105263157894737,,,0.955
142,618,4,7.1,1062757,1523951,3,0.4933333333333334,,,1.949748743718593,0.6466666666666666,2.0067567567567566,,,0.99
143,618,4,10.2,1062757,1523951,5,0.48599999999999993,,,1.8525073746312684,0.628,2.0041152263374484,,,0.974
144,618,4,14.6,1062757,1523951,5,0.49800000000000005,,,1.7492537313432837,0.586,2.004016064257028,,,0.998
145,618,4,20.9,1062757,1523951,6,0.4925,,,1.7984886649874054,0.595,2.003384094754653,,,0.9866666666666667
146,618,4,29.9,1062757,1523951,3,0.3,,,1.7685950413223142,0.3566666666666667,2.011111111111111,,,0.6033333333333334
147,618,4,42.7,1062757,1523951,4,0.515,,,1.855263157894737,0.705,2.0024271844660193,,,1.03125
148,618,4,61.0,1062757,1523951,3,0.48833333333333334,,,1.8717948717948718,0.6083333333333333,2.0102389078498293,,,0.9816666666666667
149,618,4,87.4,1062757,1523951,2,0.63,,,1.8466666666666667,0.6925,2.0,,,1.26
150,618,4,125.0,1062757,1523951,6,0.4816666666666667,0.37790625000000005,0.5835821428571428,1.8170426065162908,0.6041666666666666,2.0069204152249136,2.0,2.0106817629179328,0.9666666666666667
151,855,7,5.0,947189,7772393,4,0.38249999999999995,,,1.8341013824884793,0.4975,2.003267973856209,,,0.76625
152,855,7,7.1,947189,7772393,2,0.5225,,,1.929936305732484,0.7575,2.0,,,1.045
153,855,7,10.2,947189,7772393,8,0.446875,0.3368875,0.5206979166666668,1.8178137651821862,0.56125,2.006993006993007,2.001094276094276,2.016817941171652,0.896875
154,855,7,14.6,947189,7772393,4,0.36624999999999996,,,1.882051282051282,0.45875,2.0034129692832763,,,0.73375
155,855,7,20.9,947189,7772393,4,0.385,0.305,0.48445833333333344,1.7357512953367875,0.41875,2.0064935064935066,2.0,2.0163934426229506,0.7725
156,855,7,29.9,947189,7772393,4,0.325,,,1.7966101694915255,0.3975,2.0,,,0.65
157,855,7,42.7,947189,7772393,4,0.5375,,,1.8870431893687707,0.71,2.0023255813953487,,,1.07625
158,855,7,61.0,947189,7772393,6,0.4958333333333333,,,1.8938271604938273,0.6391666666666667,2.008403361344538,,,0.9958333333333333
159,855,7,87.4,947189,7772393,3,0.3666666666666667,,,1.7841726618705036,0.41333333333333333,2.0045454545454544,,,0.735
160,855,7,125.0,947189,7772393,4,0.59875,0.4549687500000001,0.695,1.8849557522123894,0.79875,2.010438413361169,2.0,2.0245901639344264,1.20375
161,208,7,5.0,620168,5691464,2,0.615,,,1.9055555555555554,0.8575,2.008130081300813,,,1.235
162,208,7,7.1,620168,5691464,4,0.3925,,,1.8704663212435233,0.45125,2.0063694267515926,,,0.7875
163,208,7,10.2,620168,5691464,5,0.346,0.25,0.4452916666666667,1.8373015873015872,0.463,2.005780346820809,2.0,2.021505376344086,0.694
164,208,7,14.6,620168,5691464,4,0.49625,,,1.8461538461538463,0.66,2.0025188916876573,,,0.99375
165,208,7,20.9,620168,5691464,2,0.45499999999999996,,,1.8604651162790697,0.6,2.0054945054945055,,,0.9125
166,208,7,29.9,620168,5691464,5,0.524,,,1.8757225433526012,0.649,2.00381679389313,,,1.05
167,208,7,42.7,620168,5691464,4,0.5237499999999999,,,1.8453237410071943,0.64125,2.007159904534606,,,1.05125
168,208,7,61.0,620168,5691464,7,0.5021428571428571,0.41795625000000003,0.5867500000000001,1.9350912778904665,0.6814285714285714,2.008534850640114,2.0,2.017997687319867,1.0085714285714287
169,208,7,87.4,620168,5691464,5,0.46499999999999997,0.195,0.6599999999999999,1.79375,0.574,2.0021505376344084,2.0,2.0064636752136753,0.931
170,208,7,125.0,620168,5691464,4,0.43625,,,1.738197424892704,0.50625,2.002865329512894,,,0.87375
171,747,8,5.0,1141429,6898054,4,0.49249999999999994,,,1.7072243346007605,0.56125,2.0,,,0.985
172,747,8,7.1,1141429,6898054,4,0.34625,,,1.788659793814433,0.43375,2.003610108303249,,,0.69375
173,747,8,10.2,1141429,6898054,4,0.5824999999999999,,,1.858934169278997,0.74125,2.004291845493562,,,1.1675
174,747,8,14.6,1141429,6898054,4,0.31875,,,1.6331360946745561,0.345,2.003921568627451,,,0.63875
175,747,8,20.9,1141429,6898054,4,0.42124999999999996,,,1.793103448275862,0.455,2.0,,,0.8425
176,747,8,29.9,1141429,6898054,4,0.47125000000000006,,,1.8825910931174088,0.58125,2.0,,,0.9425
177,747,8,42.7,1141429,6898054,4,0.46874999999999994,,,1.8930041152263375,0.575,2.002666666666667,,,0.93875
178,747,8,61.0,1141429,6898054,4,0.5125,,,1.9034749034749034,0.61625,2.0,,,1.025
179,747,8,87.4,1141429,6898054,4,0.4125,,,1.688073394495413,0.46,2.0,,,0.825
180,747,8,125.0,1141429,6898054,4,0.4475,,,1.8033472803347281,0.53875,2.0027932960893855,,,0.89625
181,871,3,5.0,1179798,7333864,4,0.46625,,,1.82,0.56875,2.008042895442359,,,0.93625
182,871,3,7.1,1179798,7333864,3,0.5833333333333334,,,1.6553191489361703,0.6483333333333333,2.0114285714285716,,,1.1733333333333333
183,871,3,10.2,1179798,7333864,3,0.3466666666666667,,,1.7202797202797202,0.41,2.0048076923076925,,,0.695
184,871,3,14.6,1179798,7333864,8,0.418125,0.340765625,0.5060027777777778,1.68,0.49875,2.0029895366218238,2.0,2.0096153846153846,0.8375
185,871,3,20.9,1179798,7333864,4,0.57375,,,1.8356164383561644,0.67,2.0043572984749454,,,1.15
186,871,3,29.9,1179798,7333864,3,0.4366666666666667,,,1.7215909090909092,0.505,2.00381679389313,,,0.875
187,871,3,42.7,1179798,7333864,2,0.565,,,1.8662420382165605,0.7325,2.0,,,1.13
188,871,3,61.0,1179798,7333864,5,0.366,,,1.7550200803212852,0.437,2.010928961748634,,,0.736
189,871,3,87.4,1179798,7333864,1,0.35,,,1.5416666666666667,0.37,2.0,,,0.7
190,871,3,125.0,1179798,7333864,4,0.5475,,,1.8084415584415585,0.69625,2.006849315068493,,,1.09875
191,136,4,5.0,153589,5645635,7,0.38928571428571423,0.2814464285714286,0.48071354166666663,1.7539267015706805,0.4785714285714286,2.005504587155963,2.0,2.0115753811405988,0.7807142857142857
192,136,4,7.1,153589,5645635,4,0.505,,,1.8135593220338984,0.66875,2.00990099009901,,,1.015
193,136,4,10.2,153589,5645635,5,0.45199999999999996,0.33110000000000006,0.583175,1.723809523809524,0.543,2.004424778761062,2.0,2.0081086128783494,0.906
194,136,4,14.6,153589,5645635,4,0.4625,,,1.7709923664122138,0.58,2.0054054054054054,,,0.9275
195,136,4,20.9,153589,5645635,3,0.6016666666666667,,,1.8884615384615384,0.8183333333333334,2.005540166204986,,,1.2066666666666668
196,136,4,29.9,153589,5645635,2,0.4075,,,1.875,0.525,2.0,,,0.815
197,136,4,42.7,153589,5645635,7,0.5785714285714285,0.5289892857142857,0.6342031250000001,1.8475499092558985,0.7271428571428571,2.004938271604938,2.0,2.0118820280134146,1.16
198,136,4,61.0,153589,5645635,6,0.37999999999999995,,,1.8376623376623376,0.4716666666666667,2.004385964912281,,,0.7616666666666667
199,136,4,87.4,153589,5645635,2,0.4275,,,1.7589285714285714,0.4925,2.0,,,0.855
200,136,4,125.0,153589,5645635,1,0.61,,,1.7763157894736843,0.675,2.0081967213114753,,,1.225
201,865,7,5.0,412235,1832679,7,0.5435714285714285,0.46656249999999994,0.6224999999999999,1.901851851851852,0.7335714285714285,2.002628120893561,2.0,2.0092592592592595,1.0885714285714285
202,865,7,7.1,412235,1832679,3,0.5599999999999999,,,1.8529411764705883,0.735,2.005952380952381,,,1.1233333333333333
203,865,7,10.2,412235,1832679,3,0.47333333333333333,,,2.0342857142857143,0.5933333333333334,2.0035211267605635,,,0.9483333333333334
204,865,7,14.6,412235,1832679,5,0.33,,,1.853658536585366,0.456,2.003030303030303,,,0.661
205,865,7,20.9,412235,1832679,2,0.4725,,,1.9230769230769231,0.625,2.0211640211640214,,,0.955
206,865,7,29.9,412235,1832679,6,0.4741666666666667,,,1.858288770053476,0.5791666666666667,2.0017574692442883,,,0.9491666666666667
207,865,7,42.7,412235,1832679,3,0.5083333333333333,,,1.886255924170616,0.6633333333333333,2.0065573770491802,,,1.02
208,865,7,61.0,412235,1832679,5,0.36100000000000004,,,1.8174273858921162,0.438,2.005540166204986,,,0.724
209,865,7,87.4,412235,1832679,6,0.5525000000000001,,,1.9076923076923078,0.7233333333333334,2.0030165912518854,,,1.1066666666666667
210,865,7,125.0,412235,1832679,3,0.45,,,1.7062146892655368,0.5033333333333333,2.0074074074074075,,,0.9033333333333333
211,213,6,5.0,141762,3297552,3,0.5333333333333333,,,1.7787610619469028,0.67,2.003125,,,1.0683333333333334
212,213,6,7.1,141762,3297552,4,0.49249999999999994,,,1.8611111111111112,0.67,2.0076142131979697,,,0.98875
213,213,6,10.2,141762,3297552,3,0.355,,,1.7,0.425,2.0,,,0.71
214,213,6,14.6,141762,3297552,5,0.517,,,1.7851458885941645,0.673,2.001934235976789,,,1.035
215,213,6,20.9,141762,3297552,7,0.42857142857142855,,,1.7744360902255638,0.5057142857142857,2.0033333333333334,,,0.8585714285714285
216,213,6,29.9,141762,3297552,4,0.47875,,,1.840637450199203,0.5775,2.0,,,0.9575
217,213,6,42.7,141762,3297552,7,0.4521428571428571,0.361525,0.522172619047619,1.8668224299065421,0.5707142857142857,2.0031595576619274,2.0,2.008221513605442,0.9057142857142857
218,213,6,61.0,141762,3297552,6,0.4108333333333334,0.314625,0.515125,1.7577639751552796,0.4716666666666667,2.004056795131846,2.0,2.011043956043956,0.8233333333333334
219,213,6,87.4,141762,3297552,8,0.501875,0.380975,0.6117142857142858,1.8763837638376384,0.635625,2.00373599003736,2.0,2.008277354829079,1.005625
220,213,6,125.0,141762,3297552,2,0.365,,,1.797979797979798,0.445,2.006849315068493,,,0.7325
221,808,7,5.0,194378,7168707,5,0.45999999999999996,,,1.7661538461538462,0.574,2.010869565217391,,,0.925
222,808,7,7.1,194378,7168707,7,0.4571428571428572,0.39000000000000007,0.556878125,1.7663157894736843,0.5992857142857143,2.0046875,2.0,2.0118365225508086,0.9164285714285715
223,808,7,10.2,194378,7168707,1,0.595,,,2.0652173913043477,0.95,2.0,,,1.19
224,808,7,14.6,194378,7168707,4,0.57125,,,1.926517571884984,0.75375,2.008752735229759,,,1.1475
225,808,7,20.9,194378,7168707,3,0.5616666666666666,,,1.7932489451476794,0.7083333333333334,2.00593471810089,,,1.1266666666666667
226,808,7,29.9,194378,7168707,5,0.33399999999999996,0.24,0.4452083333333334,1.8075313807531381,0.432,2.0089820359281436,2.0,2.0131168774148223,0.671
227,808,7,42.7,194378,7168707,8,0.52,,,1.8526315789473684,0.66,2.0024038461538463,,,1.04125
228,808,7,61.0,194378,7168707,2,0.4475,,,1.8571428571428572,0.585,2.005586592178771,,,0.8975
229,808,7,87.4,194378,7168707,3,0.49,,,1.92,0.64,2.006802721088435,,,0.9833333333333333
230,808,7,125.0,194378,7168707,4,0.5225,,,1.900355871886121,0.6675,2.0047846889952154,,,1.0475
231,800,5,5.0,482284,6557948,3,0.43166666666666664,,,1.8265306122448979,0.5966666666666667,2.0193050193050195,,,0.8716666666666667
232,800,5,7.1,482284,6557948,5,0.5269999999999999,,,1.8498659517426272,0.69,2.0037950664136623,,,1.056
233,800,5,10.2,482284,6557948,6,0.49833333333333335,,,1.811764705882353,0.6416666666666667,2.0066889632107023,,,1.0
234,800,5,14.6,482284,6557948,2,0.3175,,,1.7865168539325842,0.3975,2.0,,,0.635
235,800,5,20.9,482284,6557948,3,0.48166666666666663,,,1.879396984924623,0.6233333333333333,2.0034602076124566,,,0.965
236,800,5,29.9,482284,6557948,1,0.325,,,1.7317073170731707,0.355,2.0,,,0.65
237,800,5,42.7,482284,6557948,1,0.61,,,1.755813953488372,0.755,2.0,,,1.22
238,800,5,61.0,482284,6557948,8,0.5525,0.46695,0.6151666666666668,1.9079159935379644,0.738125,2.004524886877828,2.0,2.0116623891188645,1.1075
239,800,5,87.4,482284,6557948,3,0.4216666666666667,,,1.7861271676300579,0.515,2.0,,,0.8433333333333334
240,800,5,125.0,482284,6557948,2,0.5925,,,1.9634146341463414,0.805,2.0042194092827006,,,1.1875
241,957,2,5.0,280627,1139953,5,0.666,,,3.0,1.332,2.1156156156156154,,,1.409
242,957,2,7.1,280627,1139953,3,0.57,,,2.431111111111111,0.9116666666666666,2.073099415204678,,,1.1816666666666666
243,957,2,10.2,280627,1139953,4,0.72,,,1.898876404494382,0.845,2.076388888888889,,,1.495
244,957,2,14.6,280627,1139953,3,0.625,,,1.6491935483870968,0.6816666666666666,2.037333333333333,,,1.2733333333333334
245,957,2,20.9,280627,1139953,6,0.6075,0.4531875,0.7428125,1.605427974947808,0.6408333333333334,2.039780521262003,2.036151074091254,2.043659623026827,1.2391666666666667
246,957,2,29.9,280627,1139953,4,0.54625,,,1.5659722222222223,0.56375,2.0274599542334095,,,1.1075
247,957,2,42.7,280627,1139953,3,0.59,,,1.5020746887966805,0.6033333333333334,2.022598870056497,,,1.1933333333333334
248,957,2,61.0,280627,1139953,6,0.5808333333333333,0.4866458333333333,0.6902812500000001,1.5692307692307692,0.595,2.0172166427546627,2.0072132670182166,2.0235917480060306,1.1716666666666666
249,957,2,87.4,280627,1139953,4,0.5387500000000001,,,1.5980066445182723,0.60125,2.011600928074246,,,1.08375
250,957,2,125.0,280627,1139953,5,0.587,,,1.5577464788732394,0.553,2.0051107325383306,,,1.177
251,133,3,5.0,517936,948850,4,0.45875,,,1.6694560669456067,0.49875,2.008174386920981,,,0.92125
252,133,3,7.1,517936,948850,5,0.514,0.4499166666666667,0.5750750000000001,1.8238805970149254,0.611,2.0058365758754864,2.0,2.0101179534313722,1.031
253,133,3,10.2,517936,948850,1,0.595,,,1.5945945945945945,0.59,2.0,,,1.19
254,133,3,14.6,517936,948850,2,0.5475,,,1.7234042553191489,0.6075,2.0,,,1.095
255,133,3,20.9,517936,948850,1,0.52,,,1.759493670886076,0.695,2.0,,,1.04
256,133,3,29.9,517936,948850,3,0.5033333333333333,,,1.6984924623115578,0.5633333333333334,2.0033112582781456,,,1.0083333333333333
257,133,3,42.7,517936,948850,4,0.4525,,,1.8031496062992125,0.5725,2.0027624309392267,,,0.90625
258,133,3,61.0,517936,948850,5,0.49399999999999994,,,1.7975077881619939,0.577,2.006072874493927,,,0.991
259,133,3,87.4,517936,948850,5,0.46699999999999997,0.3125,0.665,1.6424050632911393,0.519,2.0042826552462527,2.0,2.0075256040287446,0.936
260,133,3,125.0,517936,948850,2,0.5775,,,1.7397260273972603,0.635,2.0,,,1.155
261,469,5,5.0,133171,7254917,4,0.5925,,,1.8441926345609065,0.81375,2.0084388185654007,,,1.19
262,469,5,7.1,133171,7254917,5,0.45600000000000007,0.3615,0.56634375,1.8641975308641976,0.604,2.004385964912281,2.0,2.0088001543209875,0.914
263,469,5,10.2,133171,7254917,3,0.425,,,1.700507614213198,0.5583333333333333,2.019607843137255,,,0.8583333333333333
264,469,5,14.6,133171,7254917,4,0.41125,,,1.7592592592592593,0.475,2.0091185410334345,,,0.82625
265,469,5,20.9,133171,7254917,4,0.44125,,,1.886178861788618,0.58,2.002832861189802,,,0.88375
266,469,5,29.9,133171,7254917,3,0.4833333333333334,,,1.9178743961352658,0.6616666666666666,2.003448275862069,,,0.9683333333333334
267,469,5,42.7,133171,7254917,3,0.26166666666666666,,,1.7410714285714286,0.325,2.0,,,0.5233333333333333
268,469,5,61.0,133171,7254917,1,0.24,,,1.7179487179487178,0.335,2.0,,,0.48
269,469,5,87.4,133171,7254917,3,0.5316666666666667,,,1.7661691542288558,0.5916666666666667,2.0,,,1.0633333333333332
270,469,5,125.0,133171,7254917,3,0.5633333333333334,,,1.7918552036199096,0.66,2.0,,,1.1266666666666667
271,125,5,5.0,1191771,6449186,1,0.355,,,1.830188679245283,0.485,2.0,,,0.71
272,125,5,7.1,1191771,6449186,2,0.39249999999999996,,,1.9285714285714286,0.54,2.0127388535031847,,,0.79
273,125,5,10.2,1191771,6449186,3,0.31833333333333336,,,1.7364341085271318,0.37333333333333335,2.0104712041884816,,,0.64
274,125,5,14.6,1191771,6449186,6,0.5216666666666667,0.42800000000000005,0.6311041666666668,1.7708830548926013,0.6183333333333333,2.001597444089457,2.0,2.0048387096774194,1.0441666666666667
275,125,5,20.9,1191771,6449186,4,0.46124999999999994,,,1.84,0.575,2.010840108401084,,,0.9275
276,125,5,29.9,1191771,6449186,1,0.49,,,1.9180327868852458,0.585,2.0,,,0.98
277,125,5,42.7,1191771,6449186,5,0.487,,,1.78328173374613,0.576,2.0,,,0.974
278,125,5,61.0,1191771,6449186,5,0.55,0.47731250000000003,0.64334375,1.7826086956521738,0.656,2.0054545454545454,2.0,2.0139933250081765,1.103
279,125,5,87.4,1191771,6449186,3,0.5083333333333333,,,1.6857142857142857,0.59,2.0065573770491802,,,1.02
280,125,5,125.0,1191771,6449186,4,0.5625,,,1.8808777429467085,0.75,2.008888888888889,,,1.13
281,939,2,5.0,525515,3746875,3,0.77,,,6.136498516320475,3.4466666666666668,2.1796536796536796,,,1.6783333333333332
282,939,2,7.1,525515,3746875,5,0.6900000000000001,,,3.784782608695652,1.741,2.1710144927536232,,,1.498
283,939,2,10.2,525515,3746875,4,0.6400000000000001,,,2.4464285714285716,1.0275,2.123046875,,,1.35875
284,939,2,14.6,525515,3746875,5,0.748,,,2.104,1.052,2.06951871657754,,,1.548
285,939,2,20.9,525515,3746875,2,0.7375,,,1.89,0.945,2.0508474576271185,,,1.5125
286,939,2,29.9,525515,3746875,4,0.545,,,1.6653061224489796,0.51,2.061926605504587,,,1.12375
287,939,2,42.7,525515,3746875,5,0.6199999999999999,,,1.664021164021164,0.629,2.0387096774193547,,,1.264
288,939,2,61.0,525515,3746875,2,0.7150000000000001,,,1.5945945945945945,0.7375,2.0174825174825175,,,1.4425
289,939,2,87.4,525515,3746875,4,0.49375,,,1.5476190476190477,0.4875,2.017721518987342,,,0.99625
290,939,2,125.0,525515,3746875,3,0.6083333333333334,,,1.5191489361702128,0.595,2.010958904109589,,,1.2233333333333334
291,931,7,5.0,763920,5881002,2,0.595,,,1.9341317365269461,0.8075,2.0,,,1.19
292,931,7,7.1,763920,5881002,2,0.65,,,1.9090909090909092,0.8925,2.0076923076923077,,,1.305
293,931,7,10.2,763920,5881002,3,0.34833333333333333,,,1.8657718120805369,0.4633333333333333,2.0,,,0.6966666666666667
294,931,7,14.6,763920,5881002,4,0.4725,,,1.8549618320610688,0.6075,2.0,,,0.945
295,931,7,20.9,763920,5881002,4,0.51875,,,1.9673913043478262,0.67875,2.0024096385542167,,,1.03875
296,931,7,29.9,763920,5881002,4,0.43875000000000003,,,1.8017241379310345,0.5225,2.0028490028490027,,,0.87875
297,931,7,42.7,763920,5881002,4,0.4275,,,1.7649769585253456,0.47875,2.008771929824561,,,0.85875
298,931,7,61.0,763920,5881002,2,0.3975,,,1.8037383177570094,0.4825,2.006289308176101,,,0.7975
299,931,7,87.4,763920,5881002,2,0.35750000000000004,,,1.7735849056603774,0.47,2.006993006993007,,,0.7175
300,931,7,125.0,763920,5881002,2,0.5525,,,1.9625,0.785,2.004524886877828,,,1.1075
301,336,6,5.0,647922,7842665,6,0.5141666666666667,,,1.8878281622911695,0.6591666666666667,2.006482982171799,,,1.0316666666666667
302,336,6,7.1,647922,7842665,7,0.46,0.34485,0.5800500000000001,1.782312925170068,0.5614285714285714,2.0062111801242235,2.0,2.0113658511396433,0.9228571428571428
303,336,6,10.2,647922,7842665,5,0.49700000000000005,,,1.8328530259365994,0.636,2.0020120724346078,,,0.995
304,336,6,14.6,647922,7842665,3,0.5216666666666666,,,1.9585253456221199,0.7083333333333334,2.012779552715655,,,1.05
305,336,6,20.9,647922,7842665,4,0.45625000000000004,,,1.7598425196850394,0.55875,2.0054794520547947,,,0.915
306,336,6,29.9,647922,7842665,3,0.4916666666666667,,,1.7833333333333334,0.535,2.0033898305084747,,,0.985
307,336,6,42.7,647922,7842665,5,0.5509999999999999,0.40853125000000007,0.6534375,1.8413978494623655,0.685,2.0054446460980038,2.0,2.0120155474849812,1.105
308,336,6,61.0,647922,7842665,2,0.5175,,,1.9015151515151516,0.6275,2.0096618357487923,,,1.04
309,336,6,87.4,647922,7842665,4,0.48375,,,1.8625954198473282,0.61,2.007751937984496,,,0.97125
310,336,6,125.0,647922,7842665,3,0.4283333333333334,,,1.8457142857142856,0.5383333333333333,2.0155642023346303,,,0.8633333333333333
311,704,3,5.0,1000261,7536640,2,0.425,,,1.6885245901639345,0.515,2.0,,,0.85
312,704,3,7.1,1000261,7536640,3,0.35666666666666663,,,1.6774193548387097,0.43333333333333335,2.0046728971962615,,,0.715
313,704,3,10.2,1000261,7536640,3,0.37333333333333335,,,1.5838509316770186,0.425,2.0,,,0.7466666666666667
314,704,3,14.6,1000261,7536640,6,0.5133333333333333,0.3725,0.61305,1.7959183673469388,0.5866666666666667,2.0032467532467533,2.0,2.0065416666666667,1.0283333333333333
315,704,3,20.9,1000261,7536640,5,0.472,0.36,0.585,1.8056426332288402,0.576,2.010593220338983,2.003,2.021276595744681,0.949
316,704,3,29.9,1000261,7536640,4,0.46499999999999997,,,1.7974683544303798,0.5325,2.0053763440860215,,,0.9325
317,704,3,42.7,1000261,7536640,6,0.4783333333333333,0.355,0.5725208333333334,1.7947368421052632,0.5683333333333334,2.008710801393728,2.0022085199752357,2.0140845070422535,0.9608333333333333
318,704,3,61.0,1000261,7536640,5,0.47300000000000003,,,1.8258064516129033,0.566,2.0021141649048624,,,0.947
319,704,3,87.4,1000261,7536640,2,0.5125,,,1.7538461538461538,0.57,2.004878048780488,,,1.0275
320,704,3,125.0,1000261,7536640,6,0.44,,,1.693452380952381,0.4741666666666667,2.0,,,0.88
321,726,7,5.0,451913,4586158,3,0.41,,,1.8554913294797688,0.535,2.008130081300813,,,0.8233333333333334
322,726,7,7.1,451913,4586158,3,0.37666666666666665,,,1.8831168831168832,0.48333333333333334,2.0132743362831858,,,0.7583333333333333
323,726,7,10.2,451913,4586158,4,0.38625,,,1.7751196172248804,0.46375,2.0064724919093853,,,0.775
324,726,7,14.6,451913,4586158,3,0.5616666666666666,,,1.9270386266094421,0.7483333333333333,2.0029673590504453,,,1.125
325,726,7,20.9,451913,4586158,4,0.40625,,,1.8266666666666667,0.51375,2.0,,,0.8125
326,726,7,29.9,451913,4586158,4,0.545,,,1.7920792079207921,0.67875,2.0045871559633026,,,1.0925
327,726,7,42.7,451913,4586158,6,0.5625,0.507975,0.6075833333333333,1.8535031847133758,0.7275,2.0044444444444443,2.0,2.0090743079669386,1.1275
328,726,7,61.0,451913,4586158,6,0.525,,,1.803131991051454,0.6716666666666666,2.0063492063492063,,,1.0533333333333332
329,726,7,87.4,451913,4586158,4,0.50875,,,1.8710801393728222,0.67125,2.0024570024570023,,,1.01875
330,726,7,125.0,451913,4586158,4,0.4425,,,1.8724279835390947,0.56875,2.0028248587570623,,,0.88625
331,223,6,5.0,673812,3540215,1,0.65,,,1.8823529411764706,0.8,2.0,,,1.3
332,223,6,7.1,673812,3540215,5,0.45099999999999996,,,1.8064516129032258,0.56,2.0,,,0.902
333,223,6,10.2,673812,3540215,4,0.49874999999999997,,,1.75,0.58625,2.0050125313283207,,,1.0
335,223,6,20.9,673812,3540215,4,0.61375,,,1.8549848942598188,0.7675,2.0081466395112018,,,1.2325
336,223,6,29.9,673812,3540215,6,0.5499999999999999,,,1.8671023965141613,0.7141666666666666,2.0045454545454544,,,1.1025
337,223,6,42.7,673812,3540215,4,0.36124999999999996,,,1.6852791878172588,0.415,2.0034602076124566,,,0.72375
338,223,6,61.0,673812,3540215,2,0.4425,,,1.9107142857142858,0.535,2.0,,,0.885
339,223,6,87.4,673812,3540215,7,0.3828571428571429,0.31360937499999997,0.46130208333333333,1.765840220385675,0.45785714285714285,2.003731343283582,2.0,2.0063707729468594,0.7671428571428571
340,223,6,125.0,673812,3540215,3,0.3833333333333333,,,1.9013157894736843,0.4816666666666667,2.0,,,0.7666666666666667
341,816,3,5.0,722477,833558,2,0.4025,,,1.6181818181818182,0.445,2.0,,,0.805
342,816,3,7.1,722477,833558,3,0.525,,,1.8341463414634147,0.6266666666666667,2.0,,,1.05
343,816,3,10.2,722477,833558,6,0.45249999999999996,,,1.7593123209169055,0.5116666666666667,2.005524861878453,,,0.9075
344,816,3,14.6,722477,833558,2,0.52,,,1.8487394957983194,0.55,2.0,,,1.04
345,816,3,20.9,722477,833558,5,0.533,,,1.7485549132947977,0.605,2.00375234521576,,,1.068
346,816,3,29.9,722477,833558,3,0.4266666666666667,,,1.7261904761904763,0.48333333333333334,2.0,,,0.8533333333333334
347,816,3,42.7,722477,833558,4,0.44125000000000003,,,1.669683257918552,0.46125,2.0056657223796033,,,0.885
348,816,3,61.0,722477,833558,3,0.5616666666666666,,,1.7824074074074074,0.6416666666666667,2.0,,,1.1233333333333333
349,816,3,87.4,722477,833558,4,0.48500000000000004,,,1.796,0.56125,2.002577319587629,,,0.97125
350,816,3,125.0,722477,833558,2,0.53,,,1.6095890410958904,0.5875,2.009433962264151,,,1.065
351,455,7,5.0,156535,1498820,6,0.4625000000000001,,,1.821705426356589,0.5875,2.0054054054054054,,,0.9275
352,455,7,7.1,156535,1498820,6,0.4016666666666666,,,1.7,0.4816666666666667,2.0,,,0.8033333333333333
353,455,7,10.2,156535,1498820,5,0.46299999999999997,,,1.8904109589041096,0.552,2.002159827213823,,,0.927
354,455,7,14.6,156535,1498820,3,0.43166666666666664,,,1.8171428571428572,0.53,2.0,,,0.8633333333333333
355,455,7,20.9,156535,1498820,3,0.43,,,1.7431693989071038,0.5316666666666666,2.007751937984496,,,0.8633333333333333
356,455,7,29.9,156535,1498820,6,0.4716666666666667,0.3623125,0.5872208333333334,1.7851662404092072,0.5816666666666667,2.0,2.0,2.0,0.9433333333333334
357,455,7,42.7,156535,1498820,4,0.60625,,,1.8142414860681115,0.7325,2.002061855670103,,,1.21375
358,455,7,61.0,156535,1498820,3,0.47833333333333333,,,1.7417582417582418,0.5283333333333333,2.0034843205574915,,,0.9583333333333334
359,455,7,87.4,156535,1498820,3,0.5933333333333334,,,1.8811475409836065,0.765,2.002808988764045,,,1.1883333333333332
360,455,7,125.0,156535,1498820,6,0.4549999999999999,0.3674583333333334,0.5559124999999999,1.8387096774193548,0.5225,2.0054945054945055,2.0,2.0106632764654417,0.9125
361,590,8,5.0,995472,2540501,4,0.44125000000000003,,,1.8734177215189873,0.555,2.0,,,0.8825
362,590,8,7.1,995472,2540501,1,0.36,,,1.5555555555555556,0.35,2.0,,,0.72
363,590,8,10.2,995472,2540501,9,0.3511111111111111,0.2865416666666667,0.412982142857143,1.7748815165876777,0.4161111111111111,2.0,2.0,2.0,0.7022222222222222
364,590,8,14.6,995472,2540501,1,0.495,,,1.9516129032258065,0.605,2.0,,,0.99
365,590,8,20.9,995472,2540501,4,0.59625,,,1.783132530120482,0.74,2.0,,,1.1925
366,590,8,29.9,995472,2540501,5,0.426,0.3066875,0.5225,1.7346938775510203,0.51,2.0023474178403755,2.0,2.0066851851851855,0.853
367,590,8,42.7,995472,2540501,6,0.44083333333333335,,,1.8021978021978022,0.5466666666666666,2.0,,,0.8816666666666667
368,590,8,61.0,995472,2540501,4,0.46375,,,1.8717948717948718,0.5475,2.0,,,0.9275
369,590,8,87.4,995472,2540501,2,0.535,,,1.619047619047619,0.595,2.0046728971962615,,,1.0725
370,590,8,125.0,995472,2540501,6,0.5141666666666667,,,1.854066985645933,0.6458333333333334,2.0016207455429496,,,1.0291666666666666
371,552,7,5.0,569635,5077854,5,0.429,,,1.8372881355932202,0.542,2.006993006993007,,,0.861
372,552,7,7.1,569635,5077854,1,0.655,,,1.7252747252747254,0.785,2.0,,,1.31
373,552,7,10.2,569635,5077854,3,0.425,,,1.880503144654088,0.49833333333333335,2.015686274509804,,,0.8566666666666667
374,552,7,14.6,569635,5077854,6,0.5341666666666666,0.4486145833333333,0.6126458333333334,1.8611111111111112,0.67,2.004680187207488,2.0,2.0098885882540185,1.0708333333333333
375,552,7,20.9,569635,5077854,3,0.49,,,1.8258706467661692,0.6116666666666667,2.006802721088435,,,0.9833333333333333
376,552,7,29.9,569635,5077854,6,0.5733333333333334,0.4711458333333334,0.6550750000000001,1.9074446680080483,0.79,2.002906976744186,2.0,2.007571723090278,1.1483333333333334
377,552,7,42.7,569635,5077854,2,0.32999999999999996,,,1.8148148148148149,0.3675,2.007575757575758,,,0.6625
378,552,7,61.0,569635,5077854,5,0.47400000000000003,,,1.7272727272727273,0.551,2.0042194092827006,,,0.95
379,552,7,87.4,569635,5077854,4,0.47875,,,1.812,0.56625,2.0052219321148823,,,0.96
380,552,7,125.0,569635,5077854,4,0.385,,,1.707182320441989,0.38625,2.00974025974026,,,0.77375
381,63,2,5.0,229143,3154915,4,0.6525000000000001,,,1.6197604790419162,0.67625,2.0229885057471266,,,1.32
382,63,2,7.1,229143,3154915,6,0.6366666666666667,,,1.591633466135458,0.6658333333333334,2.0235602094240837,,,1.2883333333333333
383,63,2,10.2,229143,3154915,5,0.529,,,1.5780346820809248,0.546,2.0094517958412097,,,1.063
384,63,2,14.6,229143,3154915,2,0.41,,,1.456140350877193,0.415,2.018292682926829,,,0.8275
385,63,2,20.9,229143,3154915,6,0.6183333333333333,,,1.5064655172413792,0.5825,2.004043126684636,,,1.2391666666666667
386,63,2,29.9,229143,3154915,4,0.58625,,,1.5431654676258992,0.53625,2.0063965884861408,,,1.17625
387,63,2,42.7,229143,3154915,2,0.515,,,1.504,0.47,2.0,,,1.03
388,63,2,61.0,229143,3154915,6,0.6441666666666667,0.5066666666666667,0.7325125,1.6263048016701462,0.6491666666666667,2.0051746442432083,2.0016694630872482,2.007819990412272,1.2916666666666667
389,63,2,87.4,229143,3154915,6,0.5133333333333333,,,1.4837837837837837,0.4575,2.0,,,1.0266666666666666
390,63,2,125.0,229143,3154915,4,0.67875,,,1.5902140672782874,0.65,2.001841620626151,,,1.35875
391,219,5,5.0,535070,6788045,2,0.395,,,1.7478991596638656,0.52,2.0,,,0.79
392,219,5,7.1,535070,6788045,5,0.509,,,1.9046242774566473,0.659,2.0039292730844793,,,1.02
393,219,5,10.2,535070,6788045,5,0.41600000000000004,,,1.822695035460993,0.514,2.0072115384615383,,,0.835
394,219,5,14.6,535070,6788045,3,0.3983333333333334,,,1.8,0.465,2.00836820083682,,,0.8
395,219,5,20.9,535070,6788045,4,0.46,,,1.7581967213114753,0.53625,2.0081521739130435,,,0.92375
396,219,5,29.9,535070,6788045,5,0.44800000000000006,,,1.8377483443708609,0.555,2.002232142857143,,,0.897
397,219,5,42.7,535070,6788045,4,0.5375000000000001,,,1.8983050847457628,0.7,2.011627906976744,,,1.08125
398,219,5,61.0,535070,6788045,5,0.45699999999999996,,,1.8660130718954249,0.571,2.0043763676148796,,,0.916
399,219,5,87.4,535070,6788045,5,0.382,0.285,0.4878250000000002,1.7827715355805243,0.476,2.0104712041884816,2.0,2.0350877192982457,0.768
400,219,5,125.0,535070,6788045,6,0.5391666666666667,0.34493749999999995,0.6600833333333334,1.83710407239819,0.6766666666666666,2.001545595054096,2.0,2.00421668667467,1.0791666666666666
401,50,3,5.0,370910,2614782,3,0.5416666666666666,,,1.7903930131004366,0.6833333333333333,2.006153846153846,,,1.0866666666666667
402,50,3,7.1,370910,2614782,3,0.6216666666666667,,,1.771186440677966,0.6966666666666667,2.013404825737265,,,1.2516666666666667
403,50,3,10.2,370910,2614782,5,0.391,,,1.6412213740458015,0.43,2.0051150895140664,,,0.784
404,50,3,14.6,370910,2614782,5,0.521,0.33162500000000006,0.6675,1.7515337423312884,0.571,2.0038387715930903,2.0,2.0082377049180327,1.044
405,50,3,20.9,370910,2614782,3,0.5533333333333333,,,1.7555555555555555,0.6583333333333333,2.003012048192771,,,1.1083333333333334
406,50,3,29.9,370910,2614782,4,0.55,,,1.7428571428571429,0.61,2.0045454545454544,,,1.1025
407,50,3,42.7,370910,2614782,4,0.635,,,1.7032640949554896,0.7175,2.0078740157480315,,,1.275
408,50,3,61.0,370910,2614782,4,0.55375,,,1.8057553956834533,0.6275,2.0,,,1.1075
409,50,3,87.4,370910,2614782,2,0.5675,,,1.6883116883116882,0.65,2.004405286343612,,,1.1375
410,50,3,125.0,370910,2614782,3,0.48,,,1.7100591715976332,0.4816666666666667,2.0069444444444446,,,0.9633333333333334
411,903,4,5.0,887509,2560879,3,0.5083333333333334,,,1.8762886597938144,0.6066666666666667,2.0,,,1.0166666666666666
412,903,4,7.1,887509,2560879,4,0.37374999999999997,,,1.943661971830986,0.5175,2.0100334448160537,,,0.75125
413,903,4,10.2,887509,2560879,3,0.5133333333333333,,,1.829145728643216,0.6066666666666667,2.012987012987013,,,1.0333333333333334
414,903,4,14.6,887509,2560879,3,0.4266666666666667,,,1.7633136094674555,0.49666666666666665,2.01171875,,,0.8583333333333333
415,903,4,20.9,887509,2560879,4,0.55,0.36,0.6277708333333334,1.8461538461538463,0.69,2.0022727272727274,2.0,2.007294188861986,1.10125
416,903,4,29.9,887509,2560879,5,0.46900000000000003,,,1.9166666666666667,0.621,2.0042643923240937,,,0.94
417,903,4,42.7,887509,2560879,3,0.43166666666666664,,,1.8848167539267016,0.6,2.011583011583012,,,0.8683333333333333
418,903,4,61.0,887509,2560879,6,0.4983333333333333,0.429875,0.5428333333333334,1.90625,0.61,2.008361204013378,2.0,2.015665089943138,1.0008333333333332
419,903,4,87.4,887509,2560879,3,0.4366666666666667,,,1.7796610169491525,0.525,2.0,,,0.8733333333333333
420,903,4,125.0,887509,2560879,6,0.49499999999999994,,,1.836228287841191,0.6166666666666667,2.01010101010101,,,0.995
421,811,5,5.0,353499,6626861,4,0.32749999999999996,,,1.7688442211055277,0.44,2.0,,,0.655
422,811,5,7.1,353499,6626861,3,0.5183333333333333,,,1.8803827751196172,0.655,2.009646302250804,,,1.0416666666666667
423,811,5,10.2,353499,6626861,4,0.4475,,,1.8814229249011858,0.595,2.0083798882681565,,,0.89875
424,811,5,14.6,353499,6626861,2,0.435,,,1.9606299212598426,0.6225,2.0172413793103448,,,0.8775
425,811,5,20.9,353499,6626861,3,0.4716666666666667,,,1.881188118811881,0.6333333333333333,2.0,,,0.9433333333333334
426,811,5,29.9,353499,6626861,2,0.43000000000000005,,,1.9152542372881356,0.565,2.005813953488372,,,0.8625
427,811,5,42.7,353499,6626861,5,0.496,,,1.8654434250764527,0.61,2.006048387096774,,,0.995
428,811,5,61.0,353499,6626861,5,0.46799999999999997,,,1.7894736842105263,0.578,2.017094017094017,,,0.944
429,811,5,87.4,353499,6626861,3,0.3983333333333334,,,1.8841463414634145,0.515,2.00836820083682,,,0.8
430,811,5,125.0,353499,6626861,5,0.394,0.29500000000000004,0.5,1.7303370786516854,0.462,2.00253807106599,2.0,2.0074074074074075,0.789
431,392,6,5.0,69564,6474543,4,0.505,,,1.8257839721254356,0.655,2.01980198019802,,,1.02
432,392,6,7.1,69564,6474543,1,0.675,,,1.8617021276595744,0.875,2.0148148148148146,,,1.36
433,392,6,10.2,69564,6474543,2,0.465,,,1.910344827586207,0.6925,2.021505376344086,,,0.94
434,392,6,14.6,69564,6474543,2,0.49750000000000005,,,1.8478260869565217,0.6375,2.0100502512562812,,,1.0
435,392,6,20.9,69564,6474543,4,0.515,,,1.8518518518518519,0.6875,2.004854368932039,,,1.0325
436,392,6,29.9,69564,6474543,5,0.356,,,1.8775510204081634,0.46,2.0112359550561796,,,0.716
437,392,6,42.7,69564,6474543,1,0.66,,,1.7526881720430108,0.815,2.0,,,1.32
438,392,6,61.0,69564,6474543,3,0.4216666666666667,,,1.903030303030303,0.5233333333333333,2.015810276679842,,,0.85
439,392,6,87.4,69564,6474543,3,0.43166666666666664,,,1.7760416666666667,0.5683333333333334,2.0077220077220077,,,0.8666666666666667
440,392,6,125.0,69564,6474543,5,0.4760000000000001,,,1.8696969696969696,0.617,2.0063025210084033,,,0.955
441,225,6,5.0,769787,2985363,3,0.32833333333333337,,,1.7534246575342465,0.4266666666666667,2.0,,,0.6566666666666666
442,225,6,7.1,769787,2985363,5,0.422,,,1.8383838383838385,0.546,2.0,,,0.844
443,225,6,10.2,769787,2985363,4,0.46375,,,1.7233201581027668,0.545,2.0,,,0.9275
444,225,6,14.6,769787,2985363,3,0.58,,,1.8991596638655461,0.7533333333333333,2.0028735632183907,,,1.1616666666666666
445,225,6,20.9,769787,2985363,4,0.42500000000000004,,,1.7619047619047619,0.50875,2.0029411764705882,,,0.85125
446,225,6,29.9,769787,2985363,1,0.3,,,1.3333333333333333,0.26,2.0,,,0.6
447,225,6,42.7,769787,2985363,4,0.5137499999999999,0.37693750000000004,0.67,1.7903780068728523,0.65125,2.004866180048662,2.0,2.0112359550561796,1.03
448,225,6,61.0,769787,2985363,7,0.5364285714285715,0.4325958333333334,0.6229107142857143,1.9195612431444242,0.75,2.0053262316910785,2.0,2.017094017094017,1.0757142857142856
449,225,6,87.4,769787,2985363,3,0.47833333333333333,,,1.8918918918918919,0.5833333333333334,2.0034843205574915,,,0.9583333333333334
450,225,6,125.0,769787,2985363,4,0.51125,,,1.871212121212121,0.6175,2.0,,,1.0225
451,892,5,5.0,962418,3117110,5,0.525,,,1.9080779944289694,0.685,2.001904761904762,,,1.051
452,892,5,7.1,962418,3117110,6,0.45166666666666666,0.36740625,0.538875,1.8571428571428572,0.5958333333333333,2.011070110701107,2.0049029123200706,2.016652916485743,0.9083333333333333
453,892,5,10.2,962418,3117110,4,0.51,,,1.8487972508591066,0.6725,2.0,,,1.02
454,892,5,14.6,962418,3117110,7,0.525,0.40652083333333333,0.6275,1.8414872798434443,0.6721428571428572,2.0027210884353743,2.0,2.0052833333333333,1.0514285714285714
455,892,5,20.9,962418,3117110,4,0.48,,,1.7790697674418605,0.57375,2.0052083333333335,,,0.9625
456,892,5,29.9,962418,3117110,4,0.5137499999999999,,,1.856140350877193,0.66125,2.002433090024331,,,1.02875
457,892,5,42.7,962418,3117110,4,0.36875,,,1.8805970149253732,0.4725,2.010169491525424,,,0.74125
458,892,5,61.0,962418,3117110,2,0.3175,,,1.7191011235955056,0.3825,2.0,,,0.635
459,892,5,87.4,962418,3117110,3,0.5066666666666667,,,1.8082191780821917,0.66,2.0032894736842106,,,1.015
460,892,5,125.0,962418,3117110,1,0.62,,,1.8105263157894738,0.86,2.0080645161290325,,,1.245
461,677,6,5.0,632782,5635856,4,0.5025,,,1.885185185185185,0.63625,2.0024875621890548,,,1.00625
462,677,6,7.1,632782,5635856,4,0.53125,,,1.8483870967741935,0.71625,2.0047058823529413,,,1.065
463,677,6,10.2,632782,5635856,1,0.74,,,1.868421052631579,1.065,2.0,,,1.48
464,677,6,14.6,632782,5635856,6,0.5158333333333334,0.41191875000000006,0.6019500000000001,1.8314350797266514,0.67,2.004846526655897,2.0,2.0105820105820107,1.0341666666666667
465,677,6,20.9,632782,5635856,2,0.4575,,,1.8968253968253967,0.5975,2.0163934426229506,,,0.9225
466,677,6,29.9,632782,5635856,7,0.3971428571428572,0.31225757575757573,0.5158214285714285,1.721227621483376,0.4807142857142857,2.0071942446043165,2.0,2.0134218650202262,0.7971428571428572
467,677,6,42.7,632782,5635856,6,0.42416666666666664,0.309921875,0.5042857142857142,1.8575498575498575,0.5433333333333333,2.00196463654224,2.0,2.0076923076923077,0.8491666666666666
468,677,6,61.0,632782,5635856,3,0.38999999999999996,,,1.8633540372670807,0.5,2.0085470085470085,,,0.7833333333333333
469,677,6,87.4,632782,5635856,2,0.3825,,,1.9142857142857144,0.5025,2.0065359477124183,,,0.7675
470,677,6,125.0,632782,5635856,7,0.4585714285714286,0.35338125000000004,0.5843660714285714,1.7853881278538812,0.5585714285714286,2.0062305295950154,2.0,2.011578652828653,0.92
471,277,5,5.0,1173981,6918455,3,0.40166666666666667,,,1.7572254335260116,0.5066666666666667,2.004149377593361,,,0.805
472,277,5,7.1,1173981,6918455,6,0.5700000000000001,0.49580833333333346,0.645,1.8506493506493507,0.7125,2.0058479532163744,2.0008397932816537,2.009722145896302,1.1433333333333333
473,277,5,10.2,1173981,6918455,3,0.5,,,1.8357487922705313,0.6333333333333333,2.0,,,1.0
474,277,5,14.6,1173981,6918455,1,0.59,,,1.8783783783783783,0.695,2.0,,,1.18
475,277,5,20.9,1173981,6918455,5,0.396,,,1.872791519434629,0.53,2.005050505050505,,,0.794
476,277,5,29.9,1173981,6918455,4,0.355,,,1.792929292929293,0.44375,2.0035211267605635,,,0.71125
477,277,5,42.7,1173981,6918455,3,0.5066666666666667,,,1.8542713567839195,0.615,2.0098684210526314,,,1.0183333333333333
478,277,5,61.0,1173981,6918455,6,0.5283333333333333,,,1.9348314606741572,0.7175,2.0094637223974763,,,1.0616666666666668
479,277,5,87.4,1173981,6918455,3,0.37833333333333335,,,1.8116883116883118,0.465,2.004405286343612,,,0.7583333333333333
480,277,5,125.0,1173981,6918455,5,0.607,0.53495,0.6626875000000001,1.8952380952380952,0.796,2.0016474464579903,2.0,2.0048661800486616,1.215
481,41,7,5.0,1151602,7388167,4,0.41125,,,1.7027027027027026,0.4725,2.0091185410334345,,,0.82625
482,41,7,7.1,1151602,7388167,6,0.5691666666666667,0.394875,0.7001250000000001,1.7515527950310559,0.705,2.004392386530015,2.0,2.0070935160661505,1.1408333333333334
483,41,7,10.2,1151602,7388167,5,0.515,,,1.9293785310734464,0.683,2.0019417475728156,,,1.031
484,41,7,14.6,1151602,7388167,9,0.48277777777777786,0.40199166666666664,0.5783392857142856,1.7820945945945945,0.5861111111111111,2.003452243958573,2.0,2.008099447225699,0.9672222222222222
485,41,7,20.9,1151602,7388167,5,0.49700000000000005,0.32833333333333337,0.6650892857142857,1.7936046511627908,0.617,2.0020120724346078,2.0,2.0125,0.995
486,41,7,29.9,1151602,7388167,5,0.45200000000000007,,,1.778546712802768,0.514,2.002212389380531,,,0.905
487,41,7,42.7,1151602,7388167,2,0.5325,,,1.7924528301886793,0.7125,2.0,,,1.065
488,41,7,61.0,1151602,7388167,5,0.454,,,1.832797427652733,0.57,2.004405286343612,,,0.91
489,41,7,87.4,1151602,7388167,3,0.525,,,1.8504672897196262,0.66,2.0,,,1.05
490,41,7,125.0,1151602,7388167,4,0.42499999999999993,,,1.8418803418803418,0.53875,2.0029411764705882,,,0.85125
491,26,4,5.0,786242,338431,4,0.36125000000000007,,,1.7424242424242424,0.43125,2.013840830449827,,,0.7275
492,26,4,7.1,786242,338431,6,0.5216666666666666,0.395,0.6483333333333333,1.841025641025641,0.5983333333333334,2.0047923322683707,2.0,2.011539492194202,1.0458333333333334
493,26,4,10.2,786242,338431,3,0.39666666666666667,,,1.705521472392638,0.4633333333333333,2.004201680672269,,,0.795
494,26,4,14.6,786242,338431,4,0.425,,,1.8034934497816595,0.51625,2.0088235294117647,,,0.85375
495,26,4,20.9,786242,338431,6,0.5016666666666666,0.40238333333333337,0.6472000000000001,1.7241379310344827,0.5416666666666666,2.0083056478405314,2.0023895169578623,2.013979033347756,1.0075
496,26,4,29.9,786242,338431,3,0.6216666666666667,,,1.8114754098360655,0.7366666666666667,2.005361930294906,,,1.2466666666666666
497,26,4,42.7,786242,338431,4,0.50625,,,1.7625899280575539,0.6125,2.0024691358024693,,,1.01375
498,26,4,61.0,786242,338431,7,0.5264285714285715,0.4491625,0.618375,1.836935166994106,0.6678571428571428,2.004070556309362,2.0011484227948335,2.007383312719808,1.055
499,26,4,87.4,786242,338431,1,0.265,,,1.8181818181818181,0.3,2.0,,,0.53
500,26,4,125.0,786242,338431,3,0.43333333333333335,,,1.7391304347826086,0.4666666666666667,2.0076923076923077,,,0.87
501,636,4,5.0,983429,1947501,6,0.5358333333333333,0.4216666666666667,0.6316750000000001,1.8452655889145497,0.6658333333333334,2.004665629860031,2.0,2.0106648511760215,1.0741666666666667
502,636,4,7.1,983429,1947501,4,0.4725,,,1.875,0.6,2.005291005291005,,,0.9475
503,636,4,10.2,983429,1947501,4,0.53625,,,1.7933579335793357,0.6075,2.0046620046620047,,,1.075
504,636,4,14.6,983429,1947501,4,0.525,,,1.9211469534050178,0.67,2.011904761904762,,,1.05625
505,636,4,20.9,983429,1947501,3,0.465,,,1.9411764705882353,0.605,2.010752688172043,,,0.935
506,636,4,29.9,983429,1947501,2,0.47,,,1.744360902255639,0.58,2.015957446808511,,,0.9475
507,636,4,42.7,983429,1947501,5,0.534,,,1.8828571428571428,0.659,2.00749063670412,,,1.072
508,636,4,61.0,983429,1947501,5,0.49799999999999994,0.33466666666666667,0.6569375000000001,1.8653295128939829,0.651,2.0120481927710845,2.0,2.020844189682126,1.002
509,636,4,87.4,983429,1947501,4,0.46125,,,1.7808764940239044,0.55875,2.0,,,0.9225
511,984,8,5.0,116439,5472286,5,0.51,,,1.7678100263852243,0.67,2.0058823529411764,,,1.023
512,984,8,7.1,116439,5472286,4,0.47625,,,1.9275862068965517,0.69875,2.005249343832021,,,0.955
513,984,8,10.2,116439,5472286,7,0.4692857142857143,0.3623541666666667,0.5766666666666665,1.829268292682927,0.6428571428571429,2.010654490106545,2.0035288971231537,2.0194280694203797,0.9435714285714286
514,984,8,14.6,116439,5472286,4,0.5275,,,1.7939189189189189,0.66375,2.0023696682464456,,,1.05625
515,984,8,20.9,116439,5472286,4,0.39625,,,1.7828282828282829,0.44125,2.0,,,0.7925
516,984,8,29.9,116439,5472286,5,0.507,,,1.9131736526946108,0.639,2.001972386587771,,,1.015
517,984,8,42.7,116439,5472286,2,0.4975,,,1.8905109489051095,0.6475,2.0100502512562812,,,1.0
518,984,8,61.0,116439,5472286,4,0.46125,,,1.846774193548387,0.5725,2.005420054200542,,,0.925
519,984,8,87.4,116439,5472286,3,0.4283333333333334,,,1.8324022346368716,0.5466666666666666,2.0038910505836576,,,0.8583333333333333
520,984,8,125.0,116439,5472286,5,0.47400000000000003,0.35746249999999996,0.5802916666666668,1.853968253968254,0.584,2.0,2.0,2.0,0.948
521,404,8,5.0,261804,2429479,3,0.3166666666666667,,,1.7153846153846153,0.37166666666666665,2.0,,,0.6333333333333333
522,404,8,7.1,261804,2429479,7,0.4121428571428572,0.311859375,0.5084107142857143,1.7524752475247525,0.5057142857142857,2.0,2.0,2.0,0.8242857142857143
523,404,8,10.2,261804,2429479,3,0.49333333333333335,,,1.9174757281553398,0.6583333333333333,2.0,,,0.9866666666666667
524,404,8,14.6,261804,2429479,2,0.33999999999999997,,,1.6021505376344085,0.3725,2.0,,,0.68
525,404,8,20.9,261804,2429479,4,0.57875,,,1.906158357771261,0.8125,2.002159827213823,,,1.15875
526,404,8,29.9,261804,2429479,3,0.5016666666666666,,,1.8423645320197044,0.6233333333333333,2.0033222591362128,,,1.005
527,404,8,42.7,261804,2429479,4,0.465,,,1.927710843373494,0.6,2.002688172043011,,,0.93125
528,404,8,61.0,261804,2429479,4,0.45125000000000004,,,1.875,0.58125,2.0,,,0.9025
529,404,8,87.4,261804,2429479,4,0.5562499999999999,,,1.8778135048231512,0.73,2.004494382022472,,,1.115
530,404,8,125.0,261804,2429479,4,0.43125,,,1.7366255144032923,0.5275,2.0,,,0.8625
531,245,5,5.0,345160,5433288,7,0.415,0.34475,0.4896535714285716,1.8474178403755868,0.5621428571428572,2.0068846815834767,2.0,2.017215209359606,0.8328571428571429
532,245,5,7.1,345160,5433288,1,0.645,,,1.851063829787234,0.87,2.0,,,1.29
533,245,5,10.2,345160,5433288,5,0.487,0.3636083333333333,0.5950000000000001,1.8685714285714285,0.654,2.008213552361396,2.0,2.0144729542302358,0.978
534,245,5,14.6,345160,5433288,6,0.3708333333333333,,,1.810897435897436,0.4708333333333333,2.002247191011236,,,0.7425
535,245,5,20.9,345160,5433288,4,0.39625,,,1.7477477477477477,0.485,2.006309148264984,,,0.795
536,245,5,29.9,345160,5433288,5,0.44299999999999995,,,1.842622950819672,0.562,2.00451467268623,,,0.888
537,245,5,42.7,345160,5433288,4,0.5725,,,1.8709677419354838,0.725,2.006550218340611,,,1.14875
538,245,5,61.0,345160,5433288,4,0.5375000000000001,,,1.8963210702341138,0.70875,2.0,,,1.075
539,245,5,87.4,345160,5433288,9,0.4583333333333333,0.4060378787878788,0.51805,1.737649063032368,0.5666666666666667,2.0036363636363634,2.0,2.008808979743083,0.9183333333333333
540,245,5,125.0,345160,5433288,1,0.555,,,1.654320987654321,0.67,2.0,,,1.11
541,749,5,5.0,991651,3043360,3,0.44333333333333336,,,1.8042328042328042,0.5683333333333334,2.011278195488722,,,0.8916666666666667
542,749,5,7.1,991651,3043360,3,0.41,,,1.8275862068965518,0.53,2.0,,,0.82
543,749,5,10.2,991651,3043360,2,0.44000000000000006,,,1.72,0.5375,2.0056818181818183,,,0.8825
544,749,5,14.6,991651,3043360,3,0.40166666666666667,,,1.7770700636942676,0.465,2.004149377593361,,,0.805
545,749,5,20.9,991651,3043360,6,0.3875,0.275,0.46707499999999996,1.8594249201277955,0.485,2.010752688172043,2.0,2.021461233729485,0.7791666666666667
546,749,5,29.9,991651,3043360,4,0.39875000000000005,,,1.7096774193548387,0.46375,2.0094043887147337,,,0.80125
547,749,5,42.7,991651,3043360,7,0.4635714285714286,0.39992500000000003,0.5335863095238097,1.8365384615384615,0.5457142857142857,2.00462249614792,2.0,2.01017316017316,0.9292857142857143
548,749,5,61.0,991651,3043360,2,0.645,,,1.837837837837838,0.85,2.007751937984496,,,1.295
549,749,5,87.4,991651,3043360,3,0.3933333333333333,,,1.7428571428571429,0.5083333333333333,2.0084745762711864,,,0.79
550,749,5,125.0,991651,3043360,6,0.5083333333333333,0.393775,0.59,1.8337531486146095,0.6066666666666667,2.001639344262295,2.0,2.005649717514124,1.0175
551,475,7,5.0,857879,2331062,2,0.5175,,,1.8111888111888113,0.6475,2.0,,,1.035
552,475,7,7.1,857879,2331062,5,0.49000000000000005,,,1.8584615384615384,0.604,2.0020408163265304,,,0.981
553,475,7,10.2,857879,2331062,5,0.516,0.407675,0.620125,1.8864864864864865,0.698,2.011627906976744,2.006150194498973,2.0172047233245154,1.038
554,475,7,14.6,857879,2331062,5,0.524,0.4345833333333334,0.6025,1.9291784702549575,0.681,2.0,2.0,2.0,1.048
555,475,7,20.9,857879,2331062,2,0.4525,,,1.8991596638655461,0.565,2.005524861878453,,,0.9075
556,475,7,29.9,857879,2331062,4,0.51875,,,1.8196078431372549,0.58,2.0072289156626506,,,1.04125
557,475,7,42.7,857879,2331062,3,0.4916666666666667,,,1.8172588832487309,0.5966666666666667,2.006779661016949,,,0.9866666666666667
558,475,7,61.0,857879,2331062,7,0.5064285714285713,0.44470312500000003,0.5810863636363637,1.8436781609195403,0.5728571428571428,2.002820874471086,2.0,2.008321854912764,1.0142857142857142
559,475,7,87.4,857879,2331062,4,0.4875,,,1.8805970149253732,0.63,2.0025641025641026,,,0.97625
560,475,7,125.0,857879,2331062,2,0.59,,,1.875,0.75,2.0211864406779663,,,1.1925
561,323,8,5.0,621098,7452855,5,0.475,,,1.8821752265861027,0.623,2.0042105263157897,,,0.952
562,323,8,7.1,621098,7452855,1,0.385,,,1.8,0.45,2.0,,,0.77
563,323,8,10.2,621098,7452855,5,0.445,,,1.8971061093247588,0.59,2.006741573033708,,,0.893
564,323,8,14.6,621098,7452855,6,0.40666666666666673,,,1.849112426035503,0.5208333333333334,2.0,,,0.8133333333333334
565,323,8,20.9,621098,7452855,4,0.37374999999999997,,,1.8592233009708738,0.47875,2.0066889632107023,,,0.75
566,323,8,29.9,621098,7452855,5,0.43200000000000005,0.3016666666666667,0.5751875000000001,1.7987220447284344,0.563,2.0,2.0,2.0,0.864
567,323,8,42.7,621098,7452855,4,0.44499999999999995,,,1.794238683127572,0.545,2.0,,,0.89
568,323,8,61.0,621098,7452855,4,0.4975,,,1.8674242424242424,0.61625,2.0025125628140703,,,0.99625
569,323,8,87.4,621098,7452855,4,0.48999999999999994,,,1.8397212543554007,0.66,2.002551020408163,,,0.98125
570,323,8,125.0,621098,7452855,4,0.5049999999999999,,,1.9130434782608696,0.66,2.0024752475247523,,,1.01125
571,183,4,5.0,558235,7891629,2,0.595,,,1.8907103825136613,0.865,2.0126050420168067,,,1.1975
572,183,4,7.1,558235,7891629,4,0.4325,0.2,0.71,1.8583333333333334,0.5575,2.005780346820809,2.0,2.0140845070422535,0.8675
573,183,4,10.2,558235,7891629,5,0.46099999999999997,0.305,0.5834583333333334,1.8338557993730407,0.585,2.0086767895878523,2.0,2.018771187562901,0.926
574,183,4,14.6,558235,7891629,3,0.45166666666666666,,,1.7872340425531914,0.56,2.003690036900369,,,0.905
575,183,4,20.9,558235,7891629,1,0.445,,,1.85,0.555,2.0,,,0.89
576,183,4,29.9,558235,7891629,7,0.3871428571428571,0.30194999999999994,0.475125,1.8123324396782843,0.4828571428571429,2.0055350553505535,2.0,2.011880149812734,0.7764285714285715
577,183,4,42.7,558235,7891629,4,0.5,,,1.7870722433460076,0.5875,2.0025,,,1.00125
578,183,4,61.0,558235,7891629,4,0.44999999999999996,,,1.8117154811715481,0.54125,2.0027777777777778,,,0.90125
579,183,4,87.4,558235,7891629,5,0.542,0.44121875000000005,0.6485000000000001,1.9035812672176309,0.691,2.0,2.0,2.0,1.084
580,183,4,125.0,558235,7891629,5,0.453,,,1.8549848942598188,0.614,2.011037527593819,,,0.911
581,555,2,5.0,1149320,4915645,4,0.68125,,,2.1489971346704873,0.9375,2.095412844036697,,,1.4275
582,555,2,7.1,1149320,4915645,1,0.81,,,1.736842105263158,0.825,2.074074074074074,,,1.68
583,555,2,10.2,1149320,4915645,3,0.6833333333333335,,,1.7419354838709677,0.72,2.053658536585366,,,1.4033333333333333
584,555,2,14.6,1149320,4915645,4,0.44,,,1.4790697674418605,0.3975,2.022727272727273,,,0.89
585,555,2,20.9,1149320,4915645,5,0.633,,,1.6732186732186731,0.681,2.018957345971564,,,1.278
586,555,2,29.9,1149320,4915645,2,0.5425,,,1.619047619047619,0.595,2.0046082949308754,,,1.0875
587,555,2,42.7,1149320,4915645,2,0.7124999999999999,,,1.507936507936508,0.7125,2.007017543859649,,,1.43
588,555,2,61.0,1149320,4915645,3,0.5766666666666667,,,1.6076555023923444,0.56,2.0028901734104045,,,1.155
589,555,2,87.4,1149320,4915645,4,0.5599999999999999,,,1.5567375886524824,0.54875,2.002232142857143,,,1.12125
590,555,2,125.0,1149320,4915645,4,0.5825,,,1.5170068027210883,0.5575,2.0064377682403434,,,1.16875
591,203,3,5.0,1025262,7304156,4,0.525,,,1.8364312267657992,0.6175,2.0047619047619047,,,1.0525
592,203,3,7.1,1025262,7304156,5,0.475,,,1.7018633540372672,0.548,2.0042105263157897,,,0.952
593,203,3,10.2,1025262,7304156,4,0.44249999999999995,,,1.7530864197530864,0.5325,2.0,,,0.885
594,203,3,14.6,1025262,7304156,5,0.492,,,1.6780185758513932,0.542,2.0040650406504064,,,0.986
595,203,3,20.9,1025262,7304156,5,0.36500000000000005,,,1.7344398340248963,0.418,2.010958904109589,,,0.734
596,203,3,29.9,1025262,7304156,4,0.48,,,1.8095238095238095,0.57,2.015625,,,0.9675
597,203,3,42.7,1025262,7304156,4,0.5562499999999999,,,1.75503355704698,0.65375,2.002247191011236,,,1.11375
598,203,3,61.0,1025262,7304156,4,0.55125,,,1.795774647887324,0.6375,2.0113378684807257,,,1.10875
599,203,3,87.4,1025262,7304156,3,0.5633333333333334,,,1.845132743362832,0.695,2.002958579881657,,,1.1283333333333334
600,203,3,125.0,1025262,7304156,8,0.458125,0.32560937500000003,0.6030397727272729,1.6962025316455696,0.5025,2.0027285129604366,2.0,2.0087719298245617,0.9175
601,879,5,5.0,697312,4456442,5,0.457,0.29,0.5301250000000001,1.8682432432432432,0.553,2.00218818380744,2.0,2.006308411214953,0.915
602,879,5,7.1,697312,4456442,4,0.29625,,,1.7724550898203593,0.37,2.0042194092827006,,,0.59375
603,879,5,10.2,697312,4456442,3,0.37833333333333335,,,1.901840490797546,0.5166666666666667,2.0220264317180616,,,0.765
604,879,5,14.6,697312,4456442,3,0.4483333333333333,,,1.7760416666666667,0.5683333333333334,2.003717472118959,,,0.8983333333333333
605,879,5,20.9,697312,4456442,5,0.42800000000000005,,,1.9288256227758007,0.542,2.0070093457943927,,,0.859
606,879,5,29.9,697312,4456442,4,0.44625000000000004,,,1.9065040650406504,0.58625,2.0056022408963585,,,0.895
607,879,5,42.7,697312,4456442,4,0.4475,,,1.7574468085106383,0.51625,2.0083798882681565,,,0.89875
608,879,5,61.0,697312,4456442,1,0.54,,,1.8428571428571427,0.645,2.0,,,1.08
609,879,5,87.4,697312,4456442,4,0.43624999999999997,,,1.8983050847457628,0.56,2.008595988538682,,,0.87625
610,879,5,125.0,697312,4456442,4,0.45625000000000004,,,1.9130434782608696,0.605,2.0054794520547947,,,0.915
611,539,4,5.0,564144,5898035,3,0.5216666666666667,,,1.8823529411764706,0.6933333333333334,2.0031948881789137,,,1.045
612,539,4,7.1,564144,5898035,6,0.44083333333333335,0.28993749999999996,0.5925,1.8125,0.5558333333333333,2.0056710775047257,2.0,2.014364540936643,0.8841666666666667
613,539,4,10.2,564144,5898035,3,0.4483333333333333,,,1.7934782608695652,0.55,2.003717472118959,,,0.8983333333333333
614,539,4,14.6,564144,5898035,1,0.365,,,1.7647058823529411,0.45,2.0,,,0.73
615,539,4,20.9,564144,5898035,2,0.47250000000000003,,,1.8413793103448275,0.6675,2.0,,,0.945
616,539,4,29.9,564144,5898035,2,0.4125,,,1.6952380952380952,0.445,2.0,,,0.825
617,539,4,42.7,564144,5898035,3,0.47000000000000003,,,1.9154228855721394,0.6416666666666667,2.00709219858156,,,0.9433333333333334
618,539,4,61.0,564144,5898035,6,0.39749999999999996,0.34194642857142865,0.46003125,1.765472312703583,0.45166666666666666,2.0041928721174003,2.0,2.014842300556586,0.7966666666666666
619,539,4,87.4,564144,5898035,1,0.595,,,2.0,0.79,2.008403361344538,,,1.195
620,539,4,125.0,564144,5898035,4,0.54625,,,1.7745454545454546,0.61,2.002288329519451,,,1.09375
621,742,4,5.0,972266,6502101,7,0.485,0.37368749999999995,0.6031035714285714,1.7730061349693251,0.6192857142857143,2.004418262150221,2.0,2.0078783922568,0.9721428571428572
622,742,4,7.1,972266,6502101,7,0.45142857142857146,,,1.7737226277372262,0.5207142857142857,2.0047468354430378,,,0.905
623,742,4,10.2,972266,6502101,9,0.3666666666666667,0.29488461538461536,0.4391875,1.7752808988764044,0.4388888888888889,2.003030303030303,2.0,2.0135135135135136,0.7344444444444445
624,742,4,14.6,972266,6502101,3,0.39166666666666666,,,1.8622754491017963,0.5183333333333333,2.0042553191489363,,,0.785
625,742,4,20.9,972266,6502101,4,0.3725,,,1.7305699481865284,0.4175,2.0033557046979866,,,0.74625
626,742,4,29.9,972266,6502101,2,0.45,,,1.8527131782945736,0.5975,2.0055555555555555,,,0.9025
627,742,4,42.7,972266,6502101,1,0.32,,,1.6666666666666667,0.325,2.03125,,,0.65
629,742,4,87.4,972266,6502101,5,0.458,,,1.8686868686868687,0.555,2.004366812227074,,,0.918
630,742,4,125.0,972266,6502101,5,0.45200000000000007,,,1.8179012345679013,0.589,2.002212389380531,,,0.905
631,328,2,5.0,388142,4020608,7,0.7392857142857141,0.6657125,0.81878125,2.8152327221438647,1.4257142857142857,2.0917874396135265,2.0753943577724066,2.1222485347925937,1.5464285714285715
632,328,2,7.1,388142,4020608,5,0.68,0.58660625,0.7775267857142858,2.1948356807511735,0.935,2.097058823529412,2.0638228067236275,2.1199154947341867,1.426
633,328,2,10.2,388142,4020608,4,0.55,,,1.7279693486590038,0.56375,2.0681818181818183,,,1.1375
634,328,2,14.6,388142,4020608,4,0.60875,,,1.771523178807947,0.66875,2.0533880903490758,,,1.25
635,328,2,20.9,388142,4020608,5,0.4959999999999999,,,1.5787671232876712,0.461,2.0463709677419355,,,1.015
636,328,2,29.9,388142,4020608,4,0.5275,,,1.5491525423728814,0.57125,2.028436018957346,,,1.07
637,328,2,42.7,388142,4020608,4,0.5650000000000001,,,1.6503496503496504,0.59,2.017699115044248,,,1.14
638,328,2,61.0,388142,4020608,5,0.4870000000000001,,,1.5296052631578947,0.465,2.008213552361396,,,0.978
639,328,2,87.4,388142,4020608,1,0.455,,,1.4307692307692308,0.465,2.0,,,0.91
640,328,2,125.0,388142,4020608,5,0.6120000000000001,,,1.5183246073298429,0.58,2.0049019607843137,,,1.227
641,587,3,5.0,663189,4363208,8,0.48875,0.40213095238095237,0.5751944444444446,1.7702970297029703,0.55875,2.0051150895140664,2.0,2.0120162393162393,0.98
642,587,3,7.1,663189,4363208,3,0.48166666666666663,,,1.9567567567567568,0.6033333333333334,2.0069204152249136,,,0.9666666666666667
643,587,3,10.2,663189,4363208,5,0.461,0.36,0.5702916666666666,1.7337461300309598,0.56,2.002169197396963,2.0,2.0128205128205128,0.923
644,587,3,14.6,663189,4363208,3,0.5,,,1.8265306122448979,0.5966666666666667,2.006666666666667,,,1.0033333333333334
645,587,3,20.9,663189,4363208,3,0.5949999999999999,,,1.6570247933884297,0.6683333333333333,2.019607843137255,,,1.2016666666666667
646,587,3,29.9,663189,4363208,5,0.43100000000000005,0.2764375,0.6283333333333334,1.8245614035087718,0.52,2.0069605568445477,2.0,2.01884021243612,0.865
648,587,3,61.0,663189,4363208,7,0.42857142857142855,0.354975,0.5066875000000001,1.7802197802197801,0.46285714285714286,2.006666666666667,2.0014772727272727,2.013349034164398,0.86
649,587,3,87.4,663189,4363208,3,0.4716666666666667,,,1.7135416666666667,0.5483333333333333,2.0141342756183747,,,0.95
650,587,3,125.0,663189,4363208,6,0.44916666666666666,0.3025,0.61113125,1.803921568627451,0.5366666666666666,2.0092764378478662,2.0,2.0171999674320142,0.9025
651,488,5,5.0,60818,6314311,5,0.623,,,1.9685990338164252,0.815,2.0208667736757624,,,1.259
652,488,5,7.1,60818,6314311,3,0.4066666666666667,,,1.7045454545454546,0.5,2.0081967213114753,,,0.8166666666666667
653,488,5,10.2,60818,6314311,4,0.43625,,,1.715953307392996,0.55125,2.002865329512894,,,0.87375
654,488,5,14.6,60818,6314311,6,0.4708333333333334,0.36166666666666664,0.56884375,1.900232018561485,0.6825,2.0035398230088495,2.0,2.011904761904762,0.9433333333333334
655,488,5,20.9,60818,6314311,2,0.625,,,1.8786127167630058,0.8125,2.008,,,1.255
656,488,5,29.9,60818,6314311,3,0.395,,,1.7176470588235293,0.4866666666666667,2.0042194092827006,,,0.7916666666666666
657,488,5,42.7,60818,6314311,5,0.554,0.49695,0.6385000000000001,1.905852417302799,0.749,2.009025270758123,2.0035449242210595,2.014678448699067,1.113
658,488,5,61.0,60818,6314311,4,0.515,,,1.8098360655737704,0.69,2.004854368932039,,,1.0325
659,488,5,87.4,60818,6314311,6,0.40750000000000003,0.245,0.5550416666666668,1.8213256484149856,0.5266666666666666,2.0081799591002043,2.0,2.015653654558279,0.8183333333333334
660,488,5,125.0,60818,6314311,3,0.47666666666666674,,,1.8486486486486486,0.57,2.0,,,0.9533333333333334
661,424,7,5.0,754181,7594924,3,0.39999999999999997,,,1.6772151898734178,0.44166666666666665,2.004166666666667,,,0.8016666666666666
662,424,7,7.1,754181,7594924,1,0.355,,,1.673913043478261,0.385,2.0,,,0.71
663,424,7,10.2,754181,7594924,2,0.4675,,,1.795275590551181,0.57,2.0053475935828877,,,0.9375
664,424,7,14.6,754181,7594924,1,0.665,,,1.83,0.915,2.007518796992481,,,1.335
665,424,7,20.9,754181,7594924,4,0.48250000000000004,,,1.8326530612244898,0.56125,2.0025906735751295,,,0.96625
666,424,7,29.9,754181,7594924,4,0.57875,,,1.846875,0.73875,2.0086393088552916,,,1.1625
667,424,7,42.7,754181,7594924,3,0.4266666666666667,,,1.7664670658682635,0.49166666666666664,2.0,,,0.8533333333333334
668,424,7,61.0,754181,7594924,1,0.37,,,1.7843137254901962,0.455,2.0,,,0.74
669,424,7,87.4,754181,7594924,4,0.47874999999999995,,,1.8201438848920863,0.6325,2.0026109660574414,,,0.95875
670,424,7,125.0,754181,7594924,2,0.3425,,,1.6914893617021276,0.3975,2.0,,,0.685
671,655,4,5.0,898154,1751566,3,0.4000000000000001,,,1.7961783439490446,0.47,2.004166666666667,,,0.8016666666666666
672,655,4,7.1,898154,1751566,4,0.515,,,1.8534798534798536,0.6325,2.0072815533980584,,,1.03375
673,655,4,10.2,898154,1751566,3,0.4066666666666667,,,1.8421052631578947,0.525,2.0,,,0.8133333333333334
674,655,4,14.6,898154,1751566,2,0.495,,,1.8275862068965518,0.6625,2.0202020202020203,,,1.0
675,655,4,20.9,898154,1751566,4,0.5325,,,1.8173076923076923,0.70875,2.0093896713615025,,,1.07
676,655,4,29.9,898154,1751566,7,0.46,0.3687916666666667,0.5466071428571428,1.8470319634703196,0.5778571428571428,2.0031055900621118,2.0,2.0123456790123457,0.9214285714285714
677,655,4,42.7,898154,1751566,3,0.51,,,1.8423645320197044,0.6233333333333333,2.0,,,1.02
678,655,4,61.0,898154,1751566,5,0.4789999999999999,,,1.7544378698224852,0.593,2.002087682672234,,,0.959
679,655,4,87.4,898154,1751566,6,0.42416666666666664,,,1.7390029325513197,0.49416666666666664,2.005893909626719,,,0.8508333333333333
680,655,4,125.0,898154,1751566,4,0.37374999999999997,0.303125,0.450125,1.7486910994764397,0.4175,2.0066889632107023,2.0,2.0159574468085104,0.75
681,399,7,5.0,365033,6882073,3,0.41500000000000004,,,1.8131868131868132,0.55,2.004016064257028,,,0.8316666666666667
682,399,7,7.1,365033,6882073,3,0.45333333333333337,,,1.826086956521739,0.56,2.0,,,0.9066666666666666
683,399,7,10.2,365033,6882073,5,0.485,,,1.8705882352941177,0.636,2.002061855670103,,,0.971
684,399,7,14.6,365033,6882073,5,0.397,0.327375,0.4490041666666667,1.7363013698630136,0.507,2.005037783375315,2.0,2.0152833556448018,0.796
685,399,7,20.9,365033,6882073,2,0.5875,,,1.8816568047337279,0.795,2.0042553191489363,,,1.1775
686,399,7,29.9,365033,6882073,8,0.5218750000000001,,,1.7926829268292683,0.643125,2.0035928143712574,,,1.045625
687,399,7,42.7,365033,6882073,5,0.595,,,1.9034653465346534,0.769,2.0016806722689076,,,1.191
688,399,7,61.0,365033,6882073,1,0.24,,,1.5161290322580645,0.235,2.0,,,0.48
689,399,7,87.4,365033,6882073,2,0.3375,,,1.7272727272727273,0.38,2.0,,,0.675
691,463,4,5.0,1083875,360924,1,0.625,,,1.8666666666666667,0.84,2.0,,,1.25
692,463,4,7.1,1083875,360924,3,0.5416666666666667,,,1.852017937219731,0.6883333333333334,2.0092307692307694,,,1.0883333333333334
693,463,4,10.2,1083875,360924,4,0.555,,,1.8344370860927153,0.6925,2.0067567567567566,,,1.11375
694,463,4,14.6,1083875,360924,3,0.505,,,1.776190476190476,0.6216666666666667,2.00990099009901,,,1.015
695,463,4,20.9,1083875,360924,2,0.62,,,1.8538011695906433,0.7925,2.004032258064516,,,1.2425
696,463,4,29.9,1083875,360924,6,0.5016666666666666,0.404875,0.570075,1.8165374677002584,0.5858333333333333,2.004983388704319,2.0,2.0107852965747703,1.0058333333333334
697,463,4,42.7,1083875,360924,2,0.6225,,,1.8524590163934427,0.8475,2.004016064257028,,,1.2475
699,463,4,87.4,1083875,360924,5,0.40700000000000003,0.34222916666666664,0.49020833333333336,1.8228782287822878,0.494,2.0098280098280097,2.004566210045662,2.01443179801706,0.818
700,463,4,125.0,1083875,360924,4,0.38375,,,1.5865384615384615,0.4125,2.006514657980456,,,0.77
701,975,5,5.0,589887,4392660,5,0.387,,,1.75503355704698,0.523,2.0025839793281652,,,0.775
702,975,5,7.1,589887,4392660,5,0.4600000000000001,,,1.9075342465753424,0.557,2.0043478260869567,,,0.922
703,975,5,10.2,589887,4392660,5,0.41,,,1.8472222222222223,0.532,2.002439024390244,,,0.821
704,975,5,14.6,589887,4392660,3,0.5183333333333333,,,1.8026315789473684,0.685,2.0,,,1.0366666666666666
705,975,5,20.9,589887,4392660,4,0.49874999999999997,,,1.856164383561644,0.6775,2.007518796992481,,,1.00125
706,975,5,29.9,589887,4392660,3,0.41500000000000004,,,1.8493975903614457,0.5116666666666667,2.004016064257028,,,0.8316666666666667
707,975,5,42.7,589887,4392660,7,0.525,0.464875,0.5950892857142857,1.861328125,0.6807142857142857,2.0081632653061225,2.0041278435416854,2.0126887730436893,1.0542857142857143
708,975,5,61.0,589887,4392660,2,0.4575,,,1.8592592592592592,0.6275,2.0054644808743167,,,0.9175
709,975,5,87.4,589887,4392660,4,0.5599999999999999,,,1.9639344262295082,0.74875,2.0,,,1.12
710,975,5,125.0,589887,4392660,4,0.52,,,1.8007246376811594,0.62125,2.0,,,1.04
711,353,7,5.0,447493,1716934,3,0.5216666666666666,,,1.7302325581395348,0.62,2.0,,,1.0433333333333332
712,353,7,7.1,447493,1716934,4,0.41125,,,1.8067632850241546,0.4675,2.0,,,0.8225
713,353,7,10.2,447493,1716934,2,0.51,,,1.873134328358209,0.6275,2.0,,,1.02
714,353,7,14.6,447493,1716934,4,0.39125000000000004,,,1.7525773195876289,0.425,2.0,,,0.7825
715,353,7,20.9,447493,1716934,3,0.35666666666666663,,,1.720496894409938,0.46166666666666667,2.0,,,0.7133333333333334
716,353,7,29.9,447493,1716934,3,0.59,,,1.7469387755102042,0.7133333333333334,2.0084745762711864,,,1.185
717,353,7,42.7,447493,1716934,6,0.4725,,,1.8734177215189873,0.6166666666666667,2.00352733686067,,,0.9466666666666667
718,353,7,61.0,447493,1716934,3,0.5083333333333333,,,1.819047619047619,0.6366666666666667,2.0,,,1.0166666666666666
719,353,7,87.4,447493,1716934,6,0.42083333333333334,,,1.8171428571428572,0.53,2.001980198019802,,,0.8425
720,353,7,125.0,447493,1716934,4,0.4925,,,1.7437722419928825,0.6125,2.00253807106599,,,0.98625
721,250,8,5.0,911140,5410068,2,0.49,,,1.7410071942446044,0.605,2.0051020408163267,,,0.9825
722,250,8,7.1,911140,5410068,4,0.43000000000000005,,,1.8814229249011858,0.595,2.011627906976744,,,0.865
723,250,8,10.2,911140,5410068,3,0.48666666666666664,,,1.8461538461538463,0.56,2.0034246575342465,,,0.975
724,250,8,14.6,911140,5410068,2,0.42500000000000004,,,1.954954954954955,0.5425,2.0,,,0.85
725,250,8,20.9,911140,5410068,6,0.3925,,,1.8068535825545171,0.48333333333333334,2.0042462845010616,,,0.7866666666666666
726,250,8,29.9,911140,5410068,3,0.44166666666666665,,,1.8333333333333333,0.55,2.0075471698113208,,,0.8866666666666667
727,250,8,42.7,911140,5410068,5,0.532,0.4023541666666666,0.67,1.9036458333333333,0.731,2.007518796992481,2.0,2.021939936241125,1.068
728,250,8,61.0,911140,5410068,4,0.39625,,,1.7053571428571428,0.4775,2.003154574132492,,,0.79375
729,250,8,87.4,911140,5410068,4,0.5237499999999999,,,1.7937062937062938,0.64125,2.0023866348448687,,,1.04875
730,250,8,125.0,911140,5410068,4,0.53,,,1.8646864686468647,0.70625,2.0023584905660377,,,1.06125
731,898,7,5.0,760639,4056088,3,0.41,,,1.8771929824561404,0.535,2.0,,,0.82
732,898,7,7.1,760639,4056088,5,0.4779999999999999,,,1.8882175226586102,0.625,2.00418410041841,,,0.958
733,898,7,10.2,760639,4056088,5,0.44000000000000006,,,1.7898305084745763,0.528,2.006818181818182,,,0.883
734,898,7,14.6,760639,4056088,5,0.4629999999999999,,,1.9274924471299093,0.638,2.0,,,0.926
735,898,7,20.9,760639,4056088,6,0.405,0.32493749999999993,0.4961625,1.7896253602305476,0.5175,2.0020576131687244,2.0,2.0042948717948716,0.8108333333333333
736,898,7,29.9,760639,4056088,2,0.43,,,1.7452830188679245,0.4625,2.005813953488372,,,0.8625
737,898,7,42.7,760639,4056088,3,0.4616666666666667,,,1.9191919191919191,0.6333333333333333,2.0072202166064983,,,0.9266666666666666
738,898,7,61.0,760639,4056088,4,0.44875,,,1.916,0.59875,2.0083565459610027,,,0.90125
739,898,7,87.4,760639,4056088,6,0.5316666666666667,,,1.92018779342723,0.6816666666666666,2.0094043887147337,,,1.0683333333333334
740,898,7,125.0,760639,4056088,6,0.5099999999999999,0.42625,0.5825625,1.8771929824561404,0.6241666666666666,2.003267973856209,2.0,2.006699889258029,1.0216666666666667
741,351,4,5.0,935689,642421,6,0.5016666666666666,0.38825000000000004,0.6262604166666667,1.8152709359605912,0.6141666666666666,2.004983388704319,2.0,2.00800078501612,1.0058333333333334
742,351,4,7.1,935689,642421,2,0.45999999999999996,,,1.910569105691057,0.5875,2.005434782608696,,,0.9225
743,351,4,10.2,935689,642421,5,0.502,,,1.7567567567567568,0.585,2.00796812749004,,,1.008
744,351,4,14.6,935689,642421,2,0.3575,,,1.7010309278350515,0.4125,2.0,,,0.715
745,351,4,20.9,935689,642421,7,0.5114285714285715,0.41816666666666663,0.6080357142857143,1.8443983402489628,0.635,2.005586592178771,2.0,2.0098694097330423,1.0257142857142858
746,351,4,29.9,935689,642421,2,0.53,,,1.7862068965517242,0.6475,2.009433962264151,,,1.065
747,351,4,42.7,935689,642421,5,0.429,,,1.7604562737642586,0.463,2.0046620046620047,,,0.86
748,351,4,61.0,935689,642421,2,0.5,,,1.7737226277372262,0.6075,2.005,,,1.0025
749,351,4,87.4,935689,642421,2,0.5,,,1.803030303030303,0.595,2.005,,,1.0025
750,351,4,125.0,935689,642421,6,0.5375,0.42312500000000003,0.6466666666666666,1.8461538461538463,0.66,2.007751937984496,2.0,2.01230362205279,1.0791666666666666
751,755,6,5.0,815771,5006363,3,0.49666666666666665,,,1.9310344827586208,0.6533333333333333,2.0033557046979866,,,0.995
752,755,6,7.1,815771,5006363,2,0.5825,,,1.8816568047337279,0.795,2.004291845493562,,,1.1675
753,755,6,10.2,815771,5006363,4,0.5075,,,1.8612099644128113,0.65375,2.0,,,1.015
754,755,6,14.6,815771,5006363,4,0.48250000000000004,,,1.8833333333333333,0.565,2.0,,,0.965
755,755,6,20.9,815771,5006363,2,0.4275,,,1.8278688524590163,0.5575,2.0,,,0.855
756,755,6,29.9,815771,5006363,4,0.49999999999999994,,,1.828996282527881,0.615,2.005,,,1.0025
757,755,6,42.7,815771,5006363,5,0.39399999999999996,,,1.7003610108303249,0.471,2.00253807106599,,,0.789
758,755,6,61.0,815771,5006363,5,0.44800000000000006,,,1.8113207547169812,0.576,2.002232142857143,,,0.897
759,755,6,87.4,815771,5006363,3,0.5433333333333333,,,1.8475336322869955,0.6866666666666666,2.0,,,1.0866666666666667
760,755,6,125.0,815771,5006363,2,0.4975,,,2.056,0.6425,2.0100502512562812,,,0.9999999999999999
761,381,6,5.0,612977,1098150,1,0.305,,,1.8,0.36,2.0,,,0.61
762,381,6,7.1,612977,1098150,7,0.5242857142857144,,,1.8455445544554456,0.6657142857142857,2.0136239782016347,,,1.0557142857142856
763,381,6,10.2,612977,1098150,3,0.5166666666666666,,,1.7971698113207548,0.635,2.003225806451613,,,1.035
764,381,6,14.6,612977,1098150,4,0.48375,,,1.9166666666666667,0.6325,2.007751937984496,,,0.97125
765,381,6,20.9,612977,1098150,4,0.4175,,,1.764957264957265,0.51625,2.0119760479041915,,,0.84
766,381,6,29.9,612977,1098150,3,0.47333333333333333,,,1.8171428571428572,0.53,2.0035211267605635,,,0.9483333333333334
767,381,6,42.7,612977,1098150,5,0.49000000000000005,0.38375000000000004,0.5871517857142857,1.8523076923076922,0.602,2.0040816326530613,2.0,2.0091698473282444,0.982
768,381,6,61.0,612977,1098150,8,0.44499999999999995,0.32332670454545454,0.5827291666666667,1.8853503184713376,0.555,2.00561797752809,2.0,2.009053376758314,0.8925
769,381,6,87.4,612977,1098150,1,0.36,,,1.7272727272727273,0.38,2.0,,,0.72
770,381,6,125.0,612977,1098150,3,0.4283333333333333,,,1.8876404494382022,0.56,2.0116731517509727,,,0.8616666666666667
771,285,7,5.0,479437,1362798,3,0.47333333333333333,,,1.9839572192513368,0.6183333333333333,2.0,,,0.9466666666666667
772,285,7,7.1,479437,1362798,2,0.39249999999999996,,,1.8878504672897196,0.505,2.0,,,0.785
773,285,7,10.2,479437,1362798,3,0.38666666666666666,,,1.9271523178807948,0.485,2.0,,,0.7733333333333333
774,285,7,14.6,479437,1362798,4,0.41000000000000003,,,1.8053097345132743,0.51,2.0,,,0.82
775,285,7,20.9,479437,1362798,3,0.36000000000000004,,,1.9402985074626866,0.43333333333333335,2.0,,,0.72
776,285,7,29.9,479437,1362798,4,0.49124999999999996,,,1.8714285714285714,0.655,2.0,,,0.9825
777,285,7,42.7,479437,1362798,5,0.42600000000000005,,,1.6879194630872483,0.503,2.0023474178403755,,,0.853
778,285,7,61.0,479437,1362798,3,0.4833333333333332,,,1.8253968253968254,0.575,2.0,,,0.9666666666666667
779,285,7,87.4,479437,1362798,4,0.42875,,,1.9181818181818182,0.5275,2.0,,,0.8575
780,285,7,125.0,479437,1362798,5,0.5050000000000001,0.40991666666666665,0.5951562500000002,1.9040697674418605,0.655,2.005940594059406,2.0,2.0175986842105265,1.013
781,594,4,5.0,240540,7147011,4,0.39125000000000004,,,1.7372881355932204,0.5125,2.0031948881789137,,,0.78375
782,594,4,7.1,240540,7147011,2,0.48250000000000004,,,1.7687074829931972,0.65,2.0207253886010363,,,0.975
783,594,4,10.2,240540,7147011,5,0.39,0.255,0.49926250000000005,1.8036363636363637,0.496,2.0076923076923077,2.0,2.0196088204752307,0.783
784,594,4,14.6,240540,7147011,3,0.41,,,1.7513812154696133,0.5283333333333333,2.008130081300813,,,0.8233333333333334
785,594,4,20.9,240540,7147011,8,0.4575,0.388921875,0.5216875,1.811088295687885,0.55125,2.0040983606557377,2.0,2.00750734861846,0.916875
786,594,4,29.9,240540,7147011,7,0.3514285714285714,,,1.74,0.435,2.0101626016260163,,,0.7064285714285714
787,594,4,42.7,240540,7147011,3,0.4366666666666667,,,1.715846994535519,0.5233333333333333,2.0114503816793894,,,0.8783333333333333
788,594,4,61.0,240540,7147011,3,0.48166666666666663,,,1.7673267326732673,0.595,2.0069204152249136,,,0.9666666666666667
789,594,4,87.4,240540,7147011,4,0.455,,,1.8795180722891567,0.585,2.010989010989011,,,0.915
790,594,4,125.0,240540,7147011,4,0.40375,,,1.7777777777777777,0.5,2.0,,,0.8075
791,528,8,5.0,748694,1322580,6,0.4750000000000001,0.3574375,0.6501875,1.7989556135770235,0.5741666666666667,2.0052631578947366,2.0,2.010589927562809,0.9525
792,528,8,7.1,748694,1322580,4,0.38749999999999996,0.275,0.505,1.853658536585366,0.475,2.003225806451613,2.0,2.018181818181818,0.77625
793,528,8,10.2,748694,1322580,2,0.3975,,,1.8108108108108107,0.5025,2.0,,,0.795
794,528,8,14.6,748694,1322580,8,0.533125,0.4298214285714286,0.6183928571428571,1.81657848324515,0.64375,2.0,2.0,2.0,1.06625
795,528,8,20.9,748694,1322580,5,0.487,0.3732321428571429,0.5800833333333333,1.8085714285714285,0.633,2.0020533880903493,2.0,2.0050988700564973,0.975
796,528,8,29.9,748694,1322580,1,0.4,,,1.7916666666666667,0.43,2.0,,,0.8
797,528,8,42.7,748694,1322580,1,0.595,,,2.0416666666666665,0.735,2.0,,,1.19
798,528,8,61.0,748694,1322580,3,0.46,,,1.7653061224489797,0.5766666666666667,2.0,,,0.92
799,528,8,87.4,748694,1322580,4,0.5225,,,1.7316176470588236,0.58875,2.0,,,1.045
800,528,8,125.0,748694,1322580,6,0.48500000000000004,0.35162499999999997,0.617075,1.8089330024813897,0.6075,2.0,2.0,2.0,0.97
801,836,8,5.0,521879,6151711,4,0.5449999999999999,,,1.8871473354231976,0.7525,2.0045871559633026,,,1.0925
802,836,8,7.1,521879,6151711,4,0.5112500000000001,,,1.9034749034749034,0.61625,2.002444987775061,,,1.02375
803,836,8,10.2,521879,6151711,4,0.43875,,,1.8170731707317074,0.55875,2.0,,,0.8775
804,836,8,14.6,521879,6151711,4,0.36625,,,1.801980198019802,0.455,2.0,,,0.7325
805,836,8,20.9,521879,6151711,4,0.3925,,,1.6787330316742082,0.46375,2.0031847133757963,,,0.78625
806,836,8,29.9,521879,6151711,4,0.4275,,,1.759825327510917,0.50375,2.002923976608187,,,0.85625
807,836,8,42.7,521879,6151711,4,0.51625,,,1.8385964912280701,0.655,2.0,,,1.0325
808,836,8,61.0,521879,6151711,4,0.37125,,,1.809782608695652,0.41625,2.0033670033670035,,,0.74375
809,836,8,87.4,521879,6151711,4,0.47,,,1.8774703557312253,0.59375,2.0,,,0.94
810,836,8,125.0,521879,6151711,4,0.40249999999999997,,,1.8101851851851851,0.48875,2.0031055900621118,,,0.80625
811,687,2,5.0,1029800,4329160,6,0.6875,0.6248333333333334,0.7650416666666666,2.4887640449438204,1.1075,2.0884848484848484,2.058997822613894,2.1114816138549,1.4358333333333333
812,687,2,7.1,1029800,4329160,5,0.746,,,2.054989816700611,1.009,2.0737265415549597,,,1.547
813,687,2,10.2,1029800,4329160,3,0.7000000000000001,,,2.053030303030303,0.9033333333333333,2.0476190476190474,,,1.4333333333333333
814,687,2,14.6,1029800,4329160,3,0.5116666666666667,,,1.50990099009901,0.5083333333333333,2.045602605863192,,,1.0466666666666666
815,687,2,20.9,1029800,4329160,6,0.5616666666666666,,,1.6148325358851674,0.5625,2.0341246290801185,,,1.1425
816,687,2,29.9,1029800,4329160,5,0.585,,,1.5835616438356164,0.578,2.0256410256410255,,,1.185
817,687,2,42.7,1029800,4329160,1,0.575,,,1.639344262295082,0.5,2.0,,,1.15
818,687,2,61.0,1029800,4329160,4,0.6225,,,1.6111111111111112,0.6525,2.0200803212851404,,,1.2575
819,687,2,87.4,1029800,4329160,6,0.57,0.4964062500000001,0.6461,1.5707656612529002,0.5641666666666667,2.008771929824561,2.0022655122655126,2.014925373134328,1.145
820,687,2,125.0,1029800,4329160,4,0.69375,,,1.6275659824046922,0.69375,2.0036036036036036,,,1.39
821,994,4,5.0,707499,5760580,5,0.364,0.31329999999999997,0.43009375000000005,1.8040816326530613,0.442,2.008241758241758,2.0,2.015686274509804,0.731
822,994,4,7.1,707499,5760580,5,0.483,0.365184375,0.63,1.8019169329073483,0.564,2.012422360248447,2.0090849093774623,2.0165847665847663,0.972
823,994,4,10.2,707499,5760580,5,0.512,,,1.8425414364640884,0.667,2.00390625,,,1.026
824,994,4,14.6,707499,5760580,6,0.5091666666666667,0.3579,0.6210625000000001,1.8275,0.6091666666666666,2.0016366612111294,2.0,2.003846153846154,1.0191666666666668
825,994,4,20.9,707499,5760580,2,0.41000000000000003,,,1.588235294117647,0.405,2.0121951219512195,,,0.825
826,994,4,29.9,707499,5760580,6,0.43166666666666664,0.3532916666666666,0.5301562500000001,1.7306590257879657,0.5033333333333333,2.0,2.0,2.0,0.8633333333333333
827,994,4,42.7,707499,5760580,3,0.4083333333333334,,,1.9617834394904459,0.5133333333333333,2.0,,,0.8166666666666667
828,994,4,61.0,707499,5760580,6,0.41,0.30340625000000004,0.5529375000000001,1.7469135802469136,0.4716666666666667,2.0060975609756095,2.0,2.012506280401946,0.8225
829,994,4,87.4,707499,5760580,5,0.534,,,1.8315217391304348,0.674,2.00561797752809,,,1.071
830,994,4,125.0,707499,5760580,2,0.495,,,1.7925925925925925,0.605,2.0,,,0.99
831,782,2,5.0,416203,7873062,3,0.4916666666666667,,,17.32336956521739,10.625,2.176271186440678,,,1.07
832,782,2,7.1,416203,7873062,5,0.7449999999999999,0.6449583333333333,0.8243660714285715,11.818181818181818,7.8,2.2174496644295303,2.2020777303169328,2.253567464721738,1.652
833,782,2,10.2,416203,7873062,6,0.8058333333333333,0.70865625,0.8925937500000001,6.73224043715847,4.1066666666666665,2.2057911065149947,2.184022596783565,2.2539221014492754,1.7775
834,782,2,14.6,416203,7873062,4,0.8025,,,4.20682302771855,2.46625,2.155763239875389,,,1.73
835,782,2,20.9,416203,7873062,4,0.69125,,,3.013440860215054,1.40125,2.1265822784810124,,,1.47
836,782,2,29.9,416203,7873062,4,0.595,,,2.1198630136986303,0.77375,2.077731092436975,,,1.23625
837,782,2,42.7,416203,7873062,5,0.5369999999999999,,,1.9113924050632911,0.604,2.0577281191806334,,,1.105
838,782,2,61.0,416203,7873062,4,0.4975,0.4065000000000001,0.71,1.7272727272727273,0.5225,2.0603015075376883,2.035211267605634,2.108695652173913,1.025
839,782,2,87.4,416203,7873062,4,0.6724999999999999,,,1.6296296296296295,0.715,2.0520446096654275,,,1.38
840,782,2,125.0,416203,7873062,2,0.4375,,,1.4660194174757282,0.3775,2.0171428571428573,,,0.8825
841,948,6,5.0,1102116,3964761,5,0.465,,,1.8181818181818181,0.56,2.0043010752688173,,,0.932
842,948,6,7.1,1102116,3964761,3,0.3183333333333333,,,1.6783216783216783,0.4,2.0,,,0.6366666666666667
843,948,6,10.2,1102116,3964761,5,0.542,0.4186979166666666,0.6426875000000001,1.7688311688311689,0.681,2.0,2.0,2.0,1.084
844,948,6,14.6,1102116,3964761,5,0.5570000000000002,0.5299583333333334,0.5836321428571428,1.8848167539267016,0.72,2.005385996409336,2.0,2.0119074675324673,1.117
845,948,6,20.9,1102116,3964761,5,0.449,,,1.8827586206896552,0.546,2.0044543429844097,,,0.9
846,948,6,29.9,1102116,3964761,7,0.4828571428571428,0.41095312500000003,0.54834375,1.7426160337552743,0.59,2.0059171597633134,2.0,2.0142217027079683,0.9685714285714285
847,948,6,42.7,1102116,3964761,3,0.38166666666666665,,,1.64,0.41,2.0,,,0.7633333333333333
848,948,6,61.0,1102116,3964761,3,0.36333333333333334,,,1.8294573643410852,0.3933333333333333,2.0045871559633026,,,0.7283333333333334
849,948,6,87.4,1102116,3964761,4,0.4375,,,1.8049792531120332,0.54375,2.0028571428571427,,,0.87625
850,948,6,125.0,1102116,3964761,5,0.558,,,1.7866323907455013,0.695,2.003584229390681,,,1.118
851,945,7,5.0,829011,2599119,5,0.425,,,1.8456375838926173,0.55,2.0047058823529413,,,0.852
853,945,7,10.2,829011,2599119,6,0.505,0.39353125,0.6267499999999999,1.8846153846153846,0.6533333333333333,2.0115511551155114,2.002083333333333,2.0204265955173244,1.0158333333333334
854,945,7,14.6,829011,2599119,1,0.54,,,1.9589041095890412,0.715,2.0,,,1.08
855,945,7,20.9,829011,2599119,5,0.41000000000000003,,,1.85,0.518,2.0121951219512195,,,0.825
856,945,7,29.9,829011,2599119,5,0.458,0.305,0.5726875,1.9487179487179487,0.608,2.002183406113537,2.0,2.005501373626374,0.917
857,945,7,42.7,829011,2599119,4,0.43500000000000005,,,1.860655737704918,0.5675,2.0028735632183907,,,0.87125
858,945,7,61.0,829011,2599119,2,0.32499999999999996,,,1.7951807228915662,0.3725,2.0,,,0.65
859,945,7,87.4,829011,2599119,7,0.4278571428571428,0.36248749999999996,0.510859375,1.8962025316455695,0.535,2.011686143572621,2.0039770260198955,2.0220366341795093,0.8607142857142858
860,945,7,125.0,829011,2599119,7,0.4935714285714286,,,1.8847826086956523,0.6192857142857143,2.007235890014472,,,0.9907142857142858
861,120,3,5.0,918714,2820493,7,0.48071428571428576,0.3856093750000001,0.5689947916666666,1.7444444444444445,0.5607142857142857,2.0044576523031203,2.0,2.0107597998204576,0.9635714285714285
862,120,3,7.1,918714,2820493,3,0.5016666666666666,,,1.7377049180327868,0.53,2.0132890365448506,,,1.01
863,120,3,10.2,918714,2820493,9,0.49277777777777776,0.4044573863636364,0.59398125,1.6940966010733454,0.5261111111111111,2.006764374295378,2.0010416666666666,2.011297065254435,0.9888888888888889
864,120,3,14.6,918714,2820493,5,0.575,,,1.7945945945945947,0.664,2.0052173913043476,,,1.153
865,120,3,20.9,918714,2820493,2,0.41000000000000003,,,1.849056603773585,0.49,2.0,,,0.82
866,120,3,29.9,918714,2820493,4,0.45499999999999996,,,1.6085106382978724,0.4725,2.0027472527472527,,,0.91125
867,120,3,42.7,918714,2820493,3,0.4383333333333333,,,1.7430167597765363,0.52,2.0038022813688214,,,0.8783333333333333
868,120,3,61.0,918714,2820493,2,0.4075,,,1.6923076923076923,0.44,2.0061349693251533,,,0.8175
869,120,3,87.4,918714,2820493,3,0.54,,,1.5938864628820961,0.6083333333333333,2.0,,,1.08
870,120,3,125.0,918714,2820493,5,0.47000000000000003,,,1.7341772151898733,0.548,2.002127659574468,,,0.941
871,574,8,5.0,109802,874266,1,0.375,,,1.607843137254902,0.41,2.0,,,0.75
872,574,8,7.1,109802,874266,9,0.445,,,1.740608228980322,0.5405555555555556,2.0024968789013733,,,0.8911111111111111
873,574,8,10.2,109802,874266,3,0.5700000000000001,,,1.8225806451612903,0.7533333333333333,2.0,,,1.14
874,574,8,14.6,109802,874266,7,0.5271428571428571,0.424365625,0.61885625,1.8512720156555773,0.6757142857142857,2.0,2.0,2.0,1.0542857142857143
875,574,8,20.9,109802,874266,2,0.3375,,,1.7333333333333334,0.39,2.0074074074074075,,,0.6775
876,574,8,29.9,109802,874266,4,0.45625000000000004,,,1.7469879518072289,0.54375,2.0027397260273974,,,0.91375
877,574,8,42.7,109802,874266,6,0.5458333333333334,0.454975,0.6300625,1.841628959276018,0.6783333333333333,2.0,2.0,2.0,1.0916666666666666
878,574,8,61.0,109802,874266,3,0.44333333333333336,,,1.8160919540229885,0.5266666666666666,2.0037593984962405,,,0.8883333333333333
879,574,8,87.4,109802,874266,3,0.5583333333333332,,,1.854077253218884,0.72,2.002985074626866,,,1.1183333333333334
880,574,8,125.0,109802,874266,1,0.365,,,1.6938775510204083,0.415,2.0,,,0.73
881,301,8,5.0,124793,3805108,5,0.43899999999999995,,,1.834355828220859,0.598,2.0,,,0.878
882,301,8,7.1,124793,3805108,4,0.4337500000000001,,,1.8784313725490196,0.59875,2.0028818443804033,,,0.86875
883,301,8,10.2,124793,3805108,4,0.5125000000000001,,,1.8706293706293706,0.66875,2.004878048780488,,,1.0275
884,301,8,14.6,124793,3805108,5,0.45500000000000007,,,1.9104938271604939,0.619,2.002197802197802,,,0.911
885,301,8,20.9,124793,3805108,4,0.4425,,,1.8653061224489795,0.57125,2.005649717514124,,,0.8875
886,301,8,29.9,124793,3805108,4,0.37875000000000003,,,1.869767441860465,0.5025,2.0,,,0.7575
887,301,8,42.7,124793,3805108,3,0.4716666666666667,,,1.9154929577464788,0.68,2.0035335689045937,,,0.945
888,301,8,61.0,124793,3805108,3,0.5483333333333333,,,1.9173913043478261,0.735,2.0030395136778116,,,1.0983333333333334
889,301,8,87.4,124793,3805108,2,0.3875,,,1.875,0.525,2.0,,,0.775
890,301,8,125.0,124793,3805108,4,0.40249999999999997,,,1.826086956521739,0.525,2.0,,,0.805
891,396,7,5.0,222489,4978659,4,0.49375,,,1.7818181818181817,0.6125,2.0025316455696203,,,0.98875
892,396,7,7.1,222489,4978659,5,0.489,,,1.7566765578635015,0.592,2.0,,,0.978
893,396,7,10.2,222489,4978659,3,0.4716666666666667,,,1.792626728110599,0.6483333333333333,2.0035335689045937,,,0.945
894,396,7,14.6,222489,4978659,2,0.49750000000000005,,,2.0277777777777777,0.73,2.0,,,0.995
895,396,7,20.9,222489,4978659,4,0.38875000000000004,,,1.7878787878787878,0.4425,2.0032154340836015,,,0.77875
896,396,7,29.9,222489,4978659,1,0.245,,,1.8918918918918919,0.35,2.0,,,0.49
897,396,7,42.7,222489,4978659,2,0.5549999999999999,,,1.8627450980392157,0.7125,2.0,,,1.11
898,396,7,61.0,222489,4978659,8,0.4743750000000001,0.3548125,0.5565625000000002,1.8029739776951672,0.60625,2.0013175230566533,2.0,2.003056615776081,0.949375
899,396,7,87.4,222489,4978659,5,0.524,,,1.8010752688172043,0.67,2.0019083969465647,,,1.049
900,396,7,125.0,222489,4978659,5,0.45099999999999996,0.3246666666666667,0.58175,1.7625418060200668,0.527,2.002217294900222,2.0,2.0125786163522013,0.903
901,144,5,5.0,736515,7713830,5,0.493,,,1.891304347826087,0.696,2.002028397565923,,,0.987
902,144,5,7.1,736515,7713830,2,0.6000000000000001,,,1.891566265060241,0.785,2.0,,,1.2
903,144,5,10.2,736515,7713830,5,0.549,,,1.8078947368421052,0.687,2.0036429872495445,,,1.1
904,144,5,14.6,736515,7713830,2,0.3325,,,1.707070707070707,0.4225,2.0,,,0.665
905,144,5,20.9,736515,7713830,4,0.4925,,,1.9438202247191012,0.64875,2.012690355329949,,,0.99125
906,144,5,29.9,736515,7713830,4,0.545,,,1.8419354838709678,0.71375,2.0091743119266057,,,1.095
907,144,5,42.7,736515,7713830,1,0.36,,,1.8666666666666667,0.56,2.013888888888889,,,0.725
908,144,5,61.0,736515,7713830,6,0.5016666666666666,,,1.8292079207920793,0.6158333333333333,2.006644518272425,,,1.0066666666666666
909,144,5,87.4,736515,7713830,4,0.405,,,1.7410714285714286,0.4875,2.006172839506173,,,0.8125
910,144,5,125.0,736515,7713830,2,0.51,,,1.7622377622377623,0.63,2.0,,,1.02
911,662,4,5.0,103542,6259861,4,0.5762499999999999,,,1.853658536585366,0.76,2.0065075921908893,,,1.15625
912,662,4,7.1,103542,6259861,5,0.399,,,1.861842105263158,0.566,2.0050125313283207,,,0.8
913,662,4,10.2,103542,6259861,5,0.441,,,1.7863501483679525,0.602,2.00453514739229,,,0.884
914,662,4,14.6,103542,6259861,4,0.475,,,1.7894736842105263,0.595,2.0105263157894737,,,0.955
915,662,4,20.9,103542,6259861,3,0.33166666666666667,,,1.6598639455782314,0.4066666666666667,2.0,,,0.6633333333333333
916,662,4,29.9,103542,6259861,4,0.48875,,,1.7210144927536233,0.59375,2.002557544757033,,,0.97875
917,662,4,42.7,103542,6259861,2,0.4475,,,1.8130081300813008,0.5575,2.011173184357542,,,0.9
918,662,4,61.0,103542,6259861,4,0.63125,,,1.8977272727272727,0.835,2.003960396039604,,,1.265
919,662,4,87.4,103542,6259861,3,0.5166666666666666,,,1.8155339805825244,0.6233333333333333,2.0,,,1.0333333333333334
920,662,4,125.0,103542,6259861,6,0.42,0.30234375,0.5614866071428573,1.8851540616246498,0.5608333333333333,2.005952380952381,2.0,2.011657166439689,0.8425
921,162,6,5.0,653866,7977897,1,0.59,,,1.8255813953488371,0.785,2.0,,,1.18
922,162,6,7.1,653866,7977897,2,0.47750000000000004,,,1.864,0.5825,2.0104712041884816,,,0.96
923,162,6,10.2,653866,7977897,3,0.525,,,1.9154929577464788,0.68,2.003174603174603,,,1.0516666666666667
924,162,6,14.6,653866,7977897,2,0.535,,,1.8980891719745223,0.745,2.0093457943925235,,,1.075
925,162,6,20.9,653866,7977897,8,0.47875000000000006,0.37981250000000005,0.55378125,1.8197343453510437,0.599375,2.006527415143603,2.0023966648524434,2.0111458448025625,0.960625
926,162,6,29.9,653866,7977897,4,0.495,,,1.8581560283687943,0.655,2.01010101010101,,,0.995
927,162,6,42.7,653866,7977897,2,0.6599999999999999,,,1.9947368421052631,0.9475,2.0,,,1.32
928,162,6,61.0,653866,7977897,3,0.61,,,1.8770491803278688,0.7633333333333333,2.0027322404371586,,,1.2216666666666667
930,162,6,125.0,653866,7977897,4,0.475,,,1.8185328185328185,0.58875,2.0078947368421054,,,0.95375
931,153,8,5.0,541337,1076629,5,0.5259999999999999,0.37365625,0.644025,1.8413978494623655,0.685,2.005703422053232,2.0,2.012297664967626,1.055
932,153,8,7.1,541337,1076629,6,0.5016666666666666,0.39865625000000005,0.5862723214285714,1.813299232736573,0.5908333333333333,2.006644518272425,2.0,2.012822252374491,1.0066666666666666
933,153,8,10.2,541337,1076629,3,0.47333333333333333,,,1.796116504854369,0.6166666666666667,2.0035211267605635,,,0.9483333333333334
934,153,8,14.6,541337,1076629,4,0.5225,,,1.8461538461538463,0.6,2.0095693779904304,,,1.05
935,153,8,20.9,541337,1076629,2,0.32999999999999996,,,1.5747126436781609,0.3425,2.0,,,0.66
936,153,8,29.9,541337,1076629,3,0.5316666666666667,,,1.7584541062801933,0.6066666666666667,2.006269592476489,,,1.0666666666666667
937,153,8,42.7,541337,1076629,6,0.5516666666666666,0.44417857142857137,0.6391875,1.806741573033708,0.67,2.0075528700906347,2.0,2.015345238095238,1.1075
938,153,8,61.0,541337,1076629,4,0.40750000000000003,,,1.813397129186603,0.47375,2.0,,,0.815
939,153,8,87.4,541337,1076629,5,0.45699999999999996,,,1.7857142857142858,0.55,2.00218818380744,,,0.915
940,153,8,125.0,541337,1076629,5,0.532,,,1.9054054054054055,0.705,2.0093984962406015,,,1.069
941,440,4,5.0,966243,3484389,4,0.345,,,1.7365853658536585,0.445,2.0,,,0.69
942,440,4,7.1,966243,3484389,4,0.44000000000000006,,,1.871244635193133,0.545,2.008522727272727,,,0.88375
943,440,4,10.2,966243,3484389,6,0.4475,0.3374125,0.605,1.7681940700808625,0.5466666666666666,2.005586592178771,2.0,2.0089424581760733,0.8975
944,440,4,14.6,966243,3484389,3,0.47333333333333333,,,2.0497512437810945,0.6866666666666666,2.01056338028169,,,0.9516666666666667
945,440,4,20.9,966243,3484389,2,0.4625,,,1.8943089430894309,0.5825,2.016216216216216,,,0.9325
946,440,4,29.9,966243,3484389,4,0.45375,,,1.7698744769874477,0.52875,2.002754820936639,,,0.90875
947,440,4,42.7,966243,3484389,3,0.4633333333333334,,,1.8128342245989304,0.565,2.0071942446043165,,,0.93
948,440,4,61.0,966243,3484389,3,0.4683333333333333,,,1.7640449438202248,0.5233333333333333,2.0106761565836297,,,0.9416666666666667
949,440,4,87.4,966243,3484389,3,0.5516666666666667,,,1.7136363636363636,0.6283333333333333,2.0,,,1.1033333333333333
950,440,4,125.0,966243,3484389,4,0.3825,,,1.755980861244019,0.45875,2.0065359477124183,,,0.7675
951,155,7,5.0,878853,2674948,5,0.47800000000000004,0.3574375,0.5917187500000002,1.8209876543209877,0.59,2.00836820083682,2.0,2.0162438094370003,0.96
952,155,7,7.1,878853,2674948,5,0.514,,,1.8135593220338984,0.642,2.0058365758754864,,,1.031
953,155,7,10.2,878853,2674948,4,0.51625,0.485,0.555,1.8551724137931034,0.6725,2.0,2.0,2.0,1.0325
954,155,7,14.6,878853,2674948,2,0.405,,,1.794392523364486,0.48,2.0,,,0.81
955,155,7,20.9,878853,2674948,5,0.5269999999999999,,,1.905149051490515,0.703,2.0056925996204935,,,1.057
956,155,7,29.9,878853,2674948,3,0.5033333333333333,,,1.9473684210526316,0.6783333333333333,2.006622516556291,,,1.01
957,155,7,42.7,878853,2674948,6,0.57,0.4998,0.6518125000000001,1.9581589958158996,0.78,2.007309941520468,2.0021944035346095,2.0124741799328887,1.1441666666666668
958,155,7,61.0,878853,2674948,3,0.63,,,1.878787878787879,0.8266666666666667,2.007936507936508,,,1.265
959,155,7,87.4,878853,2674948,4,0.4025,,,1.841860465116279,0.495,2.0031055900621118,,,0.80625
960,155,7,125.0,878853,2674948,4,0.40125,,,1.7254901960784315,0.44,2.0062305295950154,,,0.805
961,613,3,5.0,393902,2016547,5,0.433,0.3381875,0.5625625,1.8079470198675496,0.546,2.004618937644342,2.0,2.0144927536231885,0.868
962,613,3,7.1,393902,2016547,6,0.39916666666666667,0.3315892857142857,0.49749999999999994,1.709480122324159,0.4658333333333333,2.012526096033403,2.0030437860468346,2.0207273643249257,0.8033333333333333
963,613,3,10.2,393902,2016547,2,0.52,,,1.8266666666666667,0.685,2.0048076923076925,,,1.0425
964,613,3,14.6,393902,2016547,3,0.4716666666666667,,,1.6903553299492386,0.555,2.0035335689045937,,,0.945
965,613,3,20.9,393902,2016547,1,0.635,,,1.7176470588235293,0.73,2.0,,,1.27
966,613,3,29.9,393902,2016547,5,0.48999999999999994,0.37445833333333334,0.605025,1.7857142857142858,0.55,2.0040816326530613,2.0,2.008346554459543,0.982
967,613,3,42.7,393902,2016547,4,0.47875,,,1.716,0.53625,2.0078328981723237,,,0.96125
968,613,3,61.0,393902,2016547,2,0.48750000000000004,,,1.8376068376068375,0.5375,2.01025641025641,,,0.98
969,613,3,87.4,393902,2016547,6,0.5241666666666668,,,1.7348484848484849,0.5725,2.0031796502384736,,,1.05
970,613,3,125.0,393902,2016547,2,0.6375,,,1.7885714285714285,0.7825,2.003921568627451,,,1.2775
971,530,8,5.0,1098735,4618356,6,0.4133333333333333,0.3133333333333333,0.5253750000000001,1.760932944606414,0.5033333333333333,2.0,2.0,2.0,0.8266666666666667
972,530,8,7.1,1098735,4618356,3,0.525,,,1.9207920792079207,0.6466666666666666,2.0,,,1.05
973,530,8,10.2,1098735,4618356,3,0.465,,,1.8290155440414508,0.5883333333333334,2.0,,,0.93
974,530,8,14.6,1098735,4618356,1,0.31,,,1.725,0.345,2.0,,,0.62
975,530,8,20.9,1098735,4618356,3,0.5216666666666666,,,1.8181818181818181,0.6,2.0,,,1.0433333333333332
976,530,8,29.9,1098735,4618356,5,0.434,0.347375,0.5017812500000001,1.7665505226480835,0.507,2.0,2.0,2.0,0.868
977,530,8,42.7,1098735,4618356,5,0.514,,,1.8550295857988166,0.627,2.0,,,1.028
978,530,8,61.0,1098735,4618356,4,0.3625,,,1.7421052631578948,0.41375,2.0,,,0.725
979,530,8,87.4,1098735,4618356,6,0.4716666666666667,0.36071875000000003,0.5884375000000001,1.7963446475195823,0.5733333333333334,2.0,2.0,2.0,0.9433333333333334
980,530,8,125.0,1098735,4618356,3,0.4566666666666667,,,1.7747252747252746,0.5383333333333333,2.0,,,0.9133333333333333
981,990,3,5.0,625697,7489363,6,0.4133333333333333,0.319975,0.5438645833333333,1.7252747252747254,0.5233333333333333,2.002016129032258,2.0,2.008928571428571,0.8275
982,990,3,7.1,625697,7489363,4,0.505,,,1.855595667870036,0.6425,2.0024752475247523,,,1.01125
983,990,3,10.2,625697,7489363,2,0.275,,,1.6179775280898876,0.36,2.0090909090909093,,,0.5525
984,990,3,14.6,625697,7489363,5,0.579,0.51360625,0.6635,1.7428571428571429,0.671,2.003454231433506,2.0,2.0095238095238095,1.16
985,990,3,20.9,625697,7489363,7,0.5242857142857142,0.427702380952381,0.5892556818181818,1.8323586744639375,0.6714285714285714,2.0095367847411443,2.0014254385964914,2.014873820807487,1.0535714285714286
986,990,3,29.9,625697,7489363,4,0.44999999999999996,,,1.7447698744769875,0.52125,2.0027777777777778,,,0.90125
987,990,3,42.7,625697,7489363,2,0.47250000000000003,,,1.7927927927927927,0.4975,2.0,,,0.945
988,990,3,61.0,625697,7489363,4,0.5475,,,1.8571428571428572,0.69875,2.009132420091324,,,1.1
989,990,3,87.4,625697,7489363,4,0.5325,,,1.7537313432835822,0.5875,2.0,,,1.065
990,990,3,125.0,625697,7489363,2,0.5275,,,1.7258064516129032,0.535,2.0,,,1.055
991,111,7,5.0,901370,2165039,7,0.49785714285714283,0.384925,0.6078541666666667,1.854122621564482,0.6264285714285714,2.0071736011477763,2.0022584586466166,2.0123762547349524,0.9992857142857143
992,111,7,7.1,901370,2165039,4,0.5325000000000001,,,1.7767295597484276,0.70625,2.004694835680751,,,1.0675
993,111,7,10.2,901370,2165039,2,0.475,,,1.7007299270072993,0.5825,2.0157894736842104,,,0.9575
994,111,7,14.6,901370,2165039,1,0.345,,,1.553191489361702,0.365,2.0,,,0.69
995,111,7,20.9,901370,2165039,6,0.5608333333333333,0.460928125,0.645,1.7417943107221006,0.6633333333333333,2.0074294205052006,2.002216467696629,2.0166481604771636,1.1258333333333332
996,111,7,29.9,901370,2165039,2,0.5325,,,1.9259259259259258,0.65,2.0093896713615025,,,1.07
997,111,7,42.7,901370,2165039,7,0.4250000000000001,0.305,0.54105,1.763959390862944,0.49642857142857144,2.008403361344538,2.00156,2.0138703150112502,0.8535714285714285
998,111,7,61.0,901370,2165039,3,0.4533333333333333,,,1.8518518518518519,0.5833333333333334,2.011029411764706,,,0.9116666666666666
999,111,7,87.4,901370,2165039,4,0.4375,,,1.7754237288135593,0.52375,2.0085714285714285,,,0.87875
1000,111,7,125.0,901370,2165039,2,0.6275,,,1.7808988764044944,0.7925,2.00398406374502,,,1.2575
1001,720,4,5.0,218275,4426223,4,0.49249999999999994,,,1.77,0.66375,2.0076142131979697,,,0.98875
1002,720,4,7.1,218275,4426223,3,0.385,,,1.748502994011976,0.4866666666666667,2.0,,,0.77
1003,720,4,10.2,218275,4426223,3,0.5516666666666666,,,1.7357723577235773,0.7116666666666667,2.012084592145015,,,1.11
1004,720,4,14.6,218275,4426223,5,0.42400000000000004,,,1.7657342657342658,0.505,2.0047169811320753,,,0.85
1005,720,4,20.9,218275,4426223,6,0.42416666666666664,0.34068333333333334,0.5245625,1.7893175074183976,0.5025,2.0078585461689586,2.0,2.0339885986925674,0.8516666666666667
1006,720,4,29.9,218275,4426223,5,0.46699999999999997,,,1.7777777777777777,0.56,2.0042826552462527,,,0.936
1007,720,4,42.7,218275,4426223,3,0.39499999999999996,,,1.7239263803680982,0.4683333333333333,2.0042194092827006,,,0.7916666666666666
1008,720,4,61.0,218275,4426223,7,0.48714285714285716,0.40066865079365077,0.5625625,1.8701594533029613,0.5864285714285714,2.002932551319648,2.0,2.0070232873851293,0.9757142857142858
1009,720,4,87.4,218275,4426223,2,0.56,,,1.9078947368421053,0.725,2.0089285714285716,,,1.125
1010,720,4,125.0,218275,4426223,4,0.5237499999999999,,,1.9236111111111112,0.6925,2.007159904534606,,,1.05125
1011,887,5,5.0,554442,3210555,4,0.475,,,1.875,0.61875,2.0,,,0.95
1012,887,5,7.1,554442,3210555,2,0.33499999999999996,,,1.6868686868686869,0.4175,2.0,,,0.67
1013,887,5,10.2,554442,3210555,6,0.4716666666666667,0.37483333333333335,0.5683906250000001,1.855297157622739,0.5983333333333334,2.001766784452297,2.0,2.009090909090909,0.9441666666666667
1014,887,5,14.6,554442,3210555,7,0.45214285714285707,0.3299166666666667,0.5839479166666667,1.841726618705036,0.5485714285714286,2.0031595576619274,2.0,2.008742933793236,0.9057142857142857
1015,887,5,20.9,554442,3210555,1,0.315,,,1.7924528301886793,0.475,2.015873015873016,,,0.635
1016,887,5,29.9,554442,3210555,4,0.33749999999999997,,,1.761658031088083,0.425,2.0,,,0.675
1017,887,5,42.7,554442,3210555,1,0.665,,,1.8863636363636365,0.83,2.0,,,1.33
1018,887,5,61.0,554442,3210555,5,0.45200000000000007,,,1.8911564625850341,0.556,2.004424778761062,,,0.906
1019,887,5,87.4,554442,3210555,5,0.40800000000000003,,,1.8078291814946619,0.508,2.0049019607843137,,,0.818
1020,887,5,125.0,554442,3210555,6,0.44999999999999996,,,1.8387978142076502,0.5608333333333333,2.0037037037037035,,,0.9016666666666666
1021,741,5,5.0,427985,6135317,3,0.46,,,1.8265306122448979,0.5966666666666667,2.0072463768115942,,,0.9233333333333333
1022,741,5,7.1,427985,6135317,3,0.4216666666666667,,,1.7751479289940828,0.5,2.0039525691699605,,,0.845
1023,741,5,10.2,427985,6135317,7,0.42571428571428566,0.345,0.5009375,1.7990543735224587,0.5435714285714286,2.0083892617449663,2.003702714576397,2.014479935524019,0.855
1024,741,5,14.6,427985,6135317,4,0.515,,,1.8020477815699658,0.66,2.004854368932039,,,1.0325
1025,741,5,20.9,427985,6135317,3,0.435,,,1.8806818181818181,0.5516666666666666,2.0,,,0.87
1026,741,5,29.9,427985,6135317,2,0.47250000000000003,,,1.7933884297520661,0.5425,2.0,,,0.945
1027,741,5,42.7,427985,6135317,3,0.45166666666666666,,,1.8972972972972972,0.585,2.011070110701107,,,0.9083333333333333
1028,741,5,61.0,427985,6135317,4,0.39375,,,1.8513513513513513,0.51375,2.0,,,0.7875
1029,741,5,87.4,427985,6135317,4,0.43124999999999997,,,1.7622950819672132,0.5375,2.0028985507246375,,,0.86375
1030,741,5,125.0,427985,6135317,5,0.48,,,1.9400630914826498,0.615,2.0083333333333333,,,0.964
1031,429,4,5.0,543574,3645522,2,0.5025,,,1.7341772151898733,0.685,2.009950248756219,,,1.01
1032,429,4,7.1,543574,3645522,5,0.4779999999999999,,,1.7432835820895523,0.584,2.002092050209205,,,0.957
1033,429,4,10.2,543574,3645522,4,0.45125000000000004,,,1.8073770491803278,0.55125,2.0,,,0.9025
1034,429,4,14.6,543574,3645522,7,0.41000000000000003,0.3134895833333333,0.5012500000000001,1.75,0.485,2.0017421602787455,2.0,2.0080985052683165,0.8207142857142857
1035,429,4,20.9,543574,3645522,4,0.47000000000000003,,,1.7530364372469636,0.54125,2.007978723404255,,,0.94375
1036,429,4,29.9,543574,3645522,3,0.4033333333333333,,,1.7005988023952097,0.47333333333333333,2.0,,,0.8066666666666666
1037,429,4,42.7,543574,3645522,6,0.42500000000000004,,,1.8646408839779005,0.5625,2.007843137254902,,,0.8533333333333334
1038,429,4,61.0,543574,3645522,5,0.541,0.3965833333333334,0.6650312500000001,1.8026666666666666,0.676,2.0055452865064693,2.0,2.015103617843344,1.085
1039,429,4,87.4,543574,3645522,1,0.515,,,1.8484848484848484,0.61,2.0,,,1.03
1040,429,4,125.0,543574,3645522,3,0.6516666666666667,,,1.7949640287769784,0.8316666666666667,2.0051150895140664,,,1.3066666666666666
1041,900,6,5.0,1105037,4657678,7,0.465,0.3757142857142857,0.5587708333333334,1.7955555555555556,0.5771428571428572,2.0061443932411676,2.0012896825396824,2.011827360448684,0.9328571428571428
1042,900,6,7.1,1105037,4657678,4,0.51375,,,1.7472527472527473,0.59625,2.002433090024331,,,1.02875
1043,900,6,10.2,1105037,4657678,4,0.49874999999999997,,,1.811387900355872,0.63625,2.0025062656641603,,,0.99875
1044,900,6,14.6,1105037,4657678,4,0.36875,,,1.7989690721649485,0.43625,2.0033898305084747,,,0.73875
1045,900,6,20.9,1105037,4657678,5,0.41200000000000003,0.3116666666666667,0.5580937500000002,1.7849462365591398,0.498,2.0,2.0,2.0,0.824
1046,900,6,29.9,1105037,4657678,4,0.48624999999999996,,,1.8517110266159695,0.60875,2.005141388174807,,,0.975
1047,900,6,42.7,1105037,4657678,4,0.56125,,,1.840531561461794,0.6925,2.0,,,1.1225
1048,900,6,61.0,1105037,4657678,7,0.42142857142857143,,,1.8290155440414508,0.5042857142857143,2.0016949152542374,,,0.8435714285714285
1049,900,6,87.4,1105037,4657678,4,0.4475,,,1.9327731092436975,0.575,2.0,,,0.895
1050,900,6,125.0,1105037,4657678,2,0.45499999999999996,,,1.7142857142857142,0.54,2.0054945054945055,,,0.9125
1051,423,3,5.0,956458,1985502,8,0.478125,0.3729040178571429,0.5837165178571428,1.7906066536203522,0.571875,2.011764705882353,2.0046943110948297,2.017521180822891,0.961875
1052,423,3,7.1,956458,1985502,5,0.589,,,1.7678571428571428,0.693,2.0101867572156196,,,1.184
1053,423,3,10.2,956458,1985502,4,0.5,,,1.7617328519855595,0.61,2.005,,,1.0025
1054,423,3,14.6,956458,1985502,5,0.433,,,1.708185053380783,0.48,2.0069284064665127,,,0.869
1055,423,3,20.9,956458,1985502,5,0.4680000000000001,,,1.7586206896551724,0.561,2.0042735042735043,,,0.938
1056,423,3,29.9,956458,1985502,2,0.52,,,1.7462686567164178,0.585,2.0048076923076925,,,1.0425
1057,423,3,42.7,956458,1985502,6,0.4166666666666667,,,1.749271137026239,0.5,2.002,,,0.8341666666666666
1058,423,3,61.0,956458,1985502,6,0.555,,,1.7847222222222223,0.6425,2.003003003003003,,,1.1116666666666666
1059,423,3,87.4,956458,1985502,2,0.4,,,1.6019417475728155,0.4125,2.00625,,,0.8025
1060,423,3,125.0,956458,1985502,1,0.485,,,1.7727272727272727,0.585,2.0,,,0.97
1061,869,3,5.0,1071557,2325030,5,0.5269999999999999,,,1.75,0.616,2.0037950664136623,,,1.056
1062,869,3,7.1,1071557,2325030,7,0.4464285714285715,0.371475,0.5191875,1.7920792079207921,0.5171428571428571,2.0048,2.0,2.0117341440886696,0.895
1063,869,3,10.2,1071557,2325030,4,0.5725,,,1.7474402730375427,0.64,2.006550218340611,,,1.14875
1064,869,3,14.6,1071557,2325030,3,0.5266666666666667,,,1.8691588785046729,0.6666666666666666,2.009493670886076,,,1.0583333333333333
1065,869,3,20.9,1071557,2325030,4,0.5175000000000001,,,1.6443661971830985,0.58375,2.0072463768115942,,,1.03875
1066,869,3,29.9,1071557,2325030,6,0.4191666666666667,0.3216666666666667,0.5259791666666668,1.6676646706586826,0.46416666666666667,2.003976143141153,2.0,2.0105263157894737,0.84
1067,869,3,42.7,1071557,2325030,4,0.495,,,1.8068181818181819,0.59625,2.007575757575758,,,0.99375
1068,869,3,61.0,1071557,2325030,5,0.45899999999999996,,,1.7904761904761906,0.564,2.002178649237473,,,0.919
1069,869,3,87.4,1071557,2325030,5,0.479,,,1.7746031746031745,0.559,2.0041753653444676,,,0.96
1070,869,3,125.0,1071557,2325030,6,0.45083333333333336,0.34,0.58,1.8369565217391304,0.5633333333333334,2.0018484288354896,2.0,2.005,0.9025
1071,914,7,5.0,459582,798328,5,0.526,,,1.8985915492957746,0.674,2.0038022813688214,,,1.054
1072,914,7,7.1,459582,798328,8,0.439375,0.3471875,0.5530499999999999,1.874751491053678,0.589375,2.004267425320057,2.001392857142857,2.012086677733294,0.880625
1073,914,7,10.2,459582,798328,2,0.42,,,1.9224137931034482,0.5575,2.011904761904762,,,0.845
1074,914,7,14.6,459582,798328,5,0.417,,,1.7758007117437722,0.499,2.0071942446043165,,,0.837
1075,914,7,20.9,459582,798328,5,0.47300000000000003,,,1.9105431309904153,0.598,2.0063424947145876,,,0.949
1076,914,7,29.9,459582,798328,2,0.5800000000000001,,,1.950310559006211,0.785,2.0043103448275863,,,1.1625
1077,914,7,42.7,459582,798328,3,0.5366666666666666,,,1.8844444444444444,0.7066666666666667,2.0093167701863353,,,1.0783333333333334
1078,914,7,61.0,459582,798328,9,0.3783333333333333,0.30926562500000004,0.4580321428571429,1.884861407249467,0.4911111111111111,2.001468428781204,2.0,2.004081632653061,0.7572222222222222
1079,914,7,87.4,459582,798328,4,0.41875,,,1.8565022421524664,0.5175,2.005970149253731,,,0.84
1080,914,7,125.0,459582,798328,3,0.47333333333333333,,,1.8088235294117647,0.615,2.0140845070422535,,,0.9533333333333334
1081,776,4,5.0,356555,4899302,7,0.49428571428571433,0.4300000000000001,0.5516666666666666,1.8677354709418839,0.6657142857142857,2.0072254335260116,2.0,2.0166666666666666,0.9921428571428571
1082,776,4,7.1,356555,4899302,3,0.34833333333333333,,,1.7534246575342465,0.4266666666666667,2.0095693779904304,,,0.7
1083,776,4,10.2,356555,4899302,4,0.535,,,1.745819397993311,0.6525,2.0,,,1.07
1084,776,4,14.6,356555,4899302,8,0.39624999999999994,0.3162178571428571,0.4776250000000001,1.825986078886311,0.491875,2.0078864353312302,2.0019607843137255,2.013331040428498,0.795625
1085,776,4,20.9,356555,4899302,6,0.4566666666666667,,,1.9216216216216215,0.5925,2.0018248175182483,,,0.9141666666666667
1086,776,4,29.9,356555,4899302,2,0.5825,,,1.7738095238095237,0.745,2.0,,,1.165
1087,776,4,42.7,356555,4899302,4,0.455,,,1.807843137254902,0.57625,2.0054945054945055,,,0.9125
1088,776,4,61.0,356555,4899302,6,0.4575,0.32983333333333337,0.6028125,1.8426666666666667,0.5758333333333333,2.0036429872495445,2.0,2.010749805749806,0.9166666666666666
1089,776,4,87.4,356555,4899302,4,0.54625,,,1.8082191780821917,0.66,2.0068649885583523,,,1.09625
1090,776,4,125.0,356555,4899302,2,0.3375,,,1.8651685393258426,0.415,2.0074074074074075,,,0.6775
1091,170,3,5.0,1079442,4649627,3,0.3433333333333333,,,1.6163522012578617,0.42833333333333334,2.004854368932039,,,0.6883333333333334
1092,170,3,7.1,1079442,4649627,4,0.4925,,,1.6958174904942966,0.5575,2.0076142131979697,,,0.98875
1093,170,3,10.2,1079442,4649627,3,0.46666666666666673,,,1.7903225806451613,0.555,2.0,,,0.9333333333333333
1094,170,3,14.6,1079442,4649627,6,0.5333333333333333,0.4254843749999999,0.645,1.7239709443099274,0.5933333333333334,2.003125,2.0,2.006978139802842,1.0683333333333334
1095,170,3,20.9,1079442,4649627,5,0.417,,,1.821561338289963,0.49,2.002398081534772,,,0.835
1096,170,3,29.9,1079442,4649627,7,0.4435714285714286,0.3662053571428572,0.527075,1.7849740932642486,0.49214285714285716,2.0080515297906603,2.0043473915940098,2.011302440906706,0.8907142857142857
1097,170,3,42.7,1079442,4649627,6,0.3875,0.324875,0.4406593750000001,1.7806451612903227,0.46,2.0043010752688173,2.0,2.0100166897867178,0.7766666666666666
1098,170,3,61.0,1079442,4649627,7,0.5471428571428572,0.48365624999999995,0.6125486111111111,1.72,0.6142857142857143,2.0052219321148823,2.0,2.0100063063063063,1.0971428571428572
1099,170,3,87.4,1079442,4649627,6,0.5191666666666667,0.405,0.605,1.7897310513447433,0.61,2.0064205457463884,2.002194510035419,2.0128611646402836,1.0416666666666667
1100,170,3,125.0,1079442,4649627,2,0.3825,,,1.6936936936936937,0.47,2.0,,,0.765
1101,199,6,5.0,330337,6019297,6,0.45500000000000007,0.32991666666666664,0.5781541666666667,1.8184143222506395,0.5925,2.0,2.0,2.0,0.91
1102,199,6,7.1,330337,6019297,4,0.635,,,1.8833819241982508,0.8075,2.0098425196850394,,,1.27625
1103,199,6,10.2,330337,6019297,6,0.4583333333333333,,,1.8641025641025641,0.6058333333333333,2.0072727272727273,,,0.92
1104,199,6,14.6,330337,6019297,5,0.499,,,1.7611464968152866,0.553,2.002004008016032,,,0.999
1105,199,6,20.9,330337,6019297,3,0.3933333333333333,,,1.7218543046357615,0.43333333333333335,2.0,,,0.7866666666666666
1106,199,6,29.9,330337,6019297,5,0.379,0.30160000000000003,0.475,1.8345864661654134,0.488,2.0,2.0,2.0,0.758
1107,199,6,42.7,330337,6019297,2,0.5874999999999999,,,1.875,0.75,2.008510638297872,,,1.18
1108,199,6,61.0,330337,6019297,5,0.5399999999999999,,,1.8579234972677596,0.68,2.001851851851852,,,1.081
1109,199,6,87.4,330337,6019297,6,0.49833333333333335,,,1.7444717444717446,0.5916666666666667,2.0016722408026757,,,0.9975
1110,199,6,125.0,330337,6019297,9,0.4883333333333333,0.42797187499999995,0.5531897321428572,1.8100649350649352,0.6194444444444445,2.0022753128555175,2.0,2.007843137254902,0.9777777777777777
1111,569,6,5.0,132204,7633868,4,0.3425,,,1.8151658767772512,0.47875,2.0,,,0.685
1112,569,6,7.1,132204,7633868,7,0.4071428571428572,0.28745833333333337,0.54009375,1.8940886699507389,0.5492857142857143,2.001754385964912,2.0,2.005813953488372,0.815
1113,569,6,10.2,132204,7633868,6,0.5299999999999999,0.45495833333333335,0.64025,1.8747152619589977,0.6858333333333333,2.006289308176101,2.0,2.0163273639819432,1.0633333333333332
1114,569,6,14.6,132204,7633868,4,0.49625,,,1.8204225352112675,0.64625,2.005037783375315,,,0.995
1115,569,6,20.9,132204,7633868,4,0.5487500000000001,,,1.87012987012987,0.72,2.002277904328018,,,1.09875
1116,569,6,29.9,132204,7633868,3,0.5833333333333334,,,1.903225806451613,0.7866666666666666,2.0085714285714285,,,1.1716666666666666
1118,569,6,61.0,132204,7633868,3,0.5016666666666667,,,1.853080568720379,0.6516666666666666,2.006644518272425,,,1.0066666666666666
1119,569,6,87.4,132204,7633868,5,0.44800000000000006,,,1.764516129032258,0.547,2.0,,,0.896
1120,569,6,125.0,132204,7633868,3,0.5750000000000001,,,1.8448979591836734,0.7533333333333333,2.0028985507246375,,,1.1516666666666666
1121,297,4,5.0,510042,7802290,4,0.36249999999999993,,,1.9345794392523366,0.5175,2.0068965517241377,,,0.7275
1122,297,4,7.1,510042,7802290,6,0.5466666666666667,,,1.947939262472885,0.7483333333333333,2.004573170731707,,,1.0958333333333334
1123,297,4,10.2,510042,7802290,2,0.405,,,1.9210526315789473,0.5475,2.0,,,0.81
1124,297,4,14.6,510042,7802290,4,0.54375,,,1.8412698412698412,0.725,2.004597701149425,,,1.09
1125,297,4,20.9,510042,7802290,2,0.4125,,,1.819047619047619,0.4775,2.0,,,0.825
1126,297,4,29.9,510042,7802290,4,0.58375,,,1.81,0.67875,2.0042826552462527,,,1.17
1127,297,4,42.7,510042,7802290,6,0.5875,,,1.8652631578947367,0.7383333333333333,2.0127659574468084,,,1.1825
1128,297,4,61.0,510042,7802290,2,0.5800000000000001,,,1.7891566265060241,0.7425,2.0086206896551726,,,1.165
1129,297,4,87.4,510042,7802290,7,0.44642857142857145,0.36871875000000004,0.5240250000000001,1.805896805896806,0.525,2.0032,2.0,2.007496797534967,0.8942857142857142
1131,236,3,5.0,233308,2755253,3,0.275,,,1.5948275862068966,0.30833333333333335,2.0,,,0.55
1132,236,3,7.1,233308,2755253,3,0.5216666666666666,,,1.7841409691629957,0.675,2.009584664536741,,,1.0483333333333333
1133,236,3,10.2,233308,2755253,4,0.495,,,1.7054545454545456,0.58625,2.005050505050505,,,0.9925
1134,236,3,14.6,233308,2755253,5,0.55,0.41487500000000005,0.642625,1.6593406593406594,0.604,2.0054545454545454,2.0,2.0111085074626867,1.103
1135,236,3,20.9,233308,2755253,5,0.5149999999999999,,,1.7126436781609196,0.596,2.0019417475728156,,,1.031
1136,236,3,29.9,233308,2755253,4,0.43624999999999997,,,1.7787610619469028,0.5025,2.002865329512894,,,0.87375
1137,236,3,42.7,233308,2755253,6,0.4316666666666667,0.334875,0.5404687500000002,1.7363896848137537,0.505,2.001930501930502,2.0,2.003787878787879,0.8641666666666666
1138,236,3,61.0,233308,2755253,1,0.55,,,1.9452054794520548,0.71,2.0,,,1.1
1139,236,3,87.4,233308,2755253,3,0.42333333333333334,,,1.8148148148148149,0.49,2.0039370078740157,,,0.8483333333333334
1140,236,3,125.0,233308,2755253,5,0.47700000000000004,,,1.8079268292682926,0.593,2.006289308176101,,,0.957
1141,693,6,5.0,313310,3455741,4,0.48,,,1.84375,0.59,2.0,,,0.96
1142,693,6,7.1,313310,3455741,5,0.429,0.3516666666666666,0.5787500000000001,1.8349514563106797,0.567,2.0,2.0,2.0,0.858
1143,693,6,10.2,313310,3455741,4,0.47624999999999995,,,1.8248175182481752,0.625,2.0,,,0.9525
1144,693,6,14.6,313310,3455741,4,0.5175000000000001,,,1.8737541528239203,0.705,2.004830917874396,,,1.0375
1145,693,6,20.9,313310,3455741,6,0.44,0.31225,0.5470250000000002,1.7808219178082192,0.5416666666666666,2.0018939393939394,2.0,2.0096153846153846,0.8808333333333334
1146,693,6,29.9,313310,3455741,4,0.34249999999999997,,,1.8423913043478262,0.42375,2.0,,,0.685
1147,693,6,42.7,313310,3455741,1,0.64,,,1.8518518518518519,0.75,2.0,,,1.28
1148,693,6,61.0,313310,3455741,4,0.37124999999999997,,,1.7733990147783252,0.45,2.01010101010101,,,0.74625
1149,693,6,87.4,313310,3455741,8,0.42562500000000003,,,1.7274678111587982,0.503125,2.0073421439060204,,,0.854375
1150,693,6,125.0,313310,3455741,2,0.485,,,1.7304964539007093,0.61,2.0051546391752577,,,0.9725
1151,669,2,5.0,923356,530268,3,0.45999999999999996,,,1.4973544973544974,0.4716666666666667,2.0181159420289854,,,0.9283333333333333
1152,669,2,7.1,923356,530268,4,0.55,,,1.4645390070921986,0.51625,2.0204545454545455,,,1.11125
1153,669,2,10.2,923356,530268,3,0.6633333333333333,,,1.5793991416309012,0.6133333333333333,2.0025125628140703,,,1.3283333333333334
1154,669,2,14.6,923356,530268,4,0.6737500000000001,,,1.5611940298507463,0.65375,2.0074211502782933,,,1.3525
1155,669,2,20.9,923356,530268,3,0.6233333333333334,,,1.4513274336283186,0.5466666666666666,2.0053475935828877,,,1.25
1156,669,2,29.9,923356,530268,4,0.5425,,,1.5962962962962963,0.53875,2.0,,,1.085
1157,669,2,42.7,923356,530268,9,0.5877777777777777,0.5273839285714286,0.6421642857142856,1.5456026058631922,0.5272222222222223,2.000945179584121,2.0,2.002415458937198,1.176111111111111
1158,669,2,61.0,923356,530268,4,0.46625,,,1.4817813765182186,0.4575,2.0,,,0.9325
1159,669,2,87.4,923356,530268,2,0.5925,,,1.5833333333333333,0.57,2.0,,,1.185
1160,669,2,125.0,923356,530268,5,0.644,,,1.4854881266490765,0.563,2.0,,,1.288
1161,448,3,5.0,111694,7118183,2,0.7325,,,1.9813084112149533,1.06,2.013651877133106,,,1.475
1162,448,3,7.1,111694,7118183,1,0.645,,,1.8777777777777778,0.845,2.0155038759689923,,,1.3
1163,448,3,10.2,111694,7118183,3,0.6150000000000001,,,1.9015151515151516,0.8366666666666667,2.0,,,1.23
1164,448,3,14.6,111694,7118183,3,0.5916666666666667,,,1.66798418972332,0.7033333333333334,2.008450704225352,,,1.1883333333333332
1165,448,3,20.9,111694,7118183,6,0.35916666666666663,,,1.746177370030581,0.47583333333333333,2.0046403712296983,,,0.72
1166,448,3,29.9,111694,7118183,5,0.4710000000000001,,,1.7378048780487805,0.57,2.0042462845010616,,,0.944
1167,448,3,42.7,111694,7118183,3,0.5183333333333334,,,1.7488372093023257,0.6266666666666667,2.009646302250804,,,1.0416666666666667
1168,448,3,61.0,111694,7118183,3,0.465,,,1.7700534759358288,0.5516666666666666,2.007168458781362,,,0.9333333333333333
1169,448,3,87.4,111694,7118183,6,0.48499999999999993,0.35250000000000004,0.6050416666666667,1.7364341085271318,0.56,2.0034364261168385,2.0,2.0119875159597105,0.9716666666666667
1170,448,3,125.0,111694,7118183,8,0.47375,0.38931249999999995,0.5476041666666667,1.7726396917148362,0.575,2.005277044854881,2.0,2.0095421318447637,0.95
1171,267,3,5.0,727643,6078227,7,0.42857142857142855,0.32,0.5309166666666666,1.7518248175182483,0.5142857142857142,2.0083333333333333,2.0018262461444283,2.013254770748969,0.8607142857142858
1172,267,3,7.1,727643,6078227,2,0.46249999999999997,,,1.8,0.54,2.016216216216216,,,0.9325
1173,267,3,10.2,727643,6078227,4,0.48874999999999996,,,1.8074074074074074,0.61,2.0076726342710995,,,0.98125
1174,267,3,14.6,727643,6078227,5,0.48100000000000004,,,1.691131498470948,0.553,2.0145530145530146,,,0.969
1175,267,3,20.9,727643,6078227,6,0.3625,,,1.7665505226480835,0.4225,2.0022988505747126,,,0.7258333333333333
1176,267,3,29.9,727643,6078227,4,0.5175000000000001,,,1.7569444444444444,0.6325,2.0072463768115942,,,1.03875
1177,267,3,42.7,727643,6078227,6,0.5091666666666667,0.41792500000000005,0.59840625,1.7908653846153846,0.6208333333333333,2.009819967266776,2.004445830675459,2.013382231468208,1.0233333333333334
1178,267,3,61.0,727643,6078227,4,0.55,,,1.740072202166065,0.6025,2.0,,,1.1
1179,267,3,87.4,727643,6078227,7,0.46642857142857147,,,1.7087155963302751,0.5321428571428571,2.006125574272588,,,0.9357142857142857
1180,267,3,125.0,727643,6078227,5,0.476,,,1.671641791044776,0.56,2.0,,,0.952
1181,928,4,5.0,604298,3884319,4,0.58125,,,1.7564102564102564,0.685,2.0021505376344084,,,1.16375
1182,928,4,7.1,604298,3884319,3,0.385,,,1.9673202614379084,0.5016666666666667,2.0086580086580086,,,0.7733333333333333
1183,928,4,10.2,604298,3884319,4,0.495,,,1.8265682656826567,0.61875,2.007575757575758,,,0.99375
1184,928,4,14.6,604298,3884319,3,0.5216666666666666,,,1.8976744186046512,0.68,2.0063897763578273,,,1.0466666666666666
1185,928,4,20.9,604298,3884319,6,0.3666666666666667,,,1.7848101265822784,0.47,2.0022727272727274,,,0.7341666666666666
1186,928,4,29.9,604298,3884319,1,0.435,,,1.6065573770491803,0.49,2.0114942528735633,,,0.875
1187,928,4,42.7,604298,3884319,6,0.48416666666666663,0.40249999999999997,0.5902916666666668,1.9381443298969072,0.6266666666666667,2.017211703958692,2.0058222966363157,2.0275136025826934,0.9766666666666667
1189,928,4,87.4,604298,3884319,4,0.43000000000000005,,,1.8157894736842106,0.5175,2.005813953488372,,,0.8625
1190,928,4,125.0,604298,3884319,4,0.39499999999999996,,,1.797029702970297,0.45375,2.0,,,0.79
1191,766,7,5.0,798663,7949417,4,0.34625,,,1.7580645161290323,0.40875,2.0180505415162453,,,0.69875
1192,766,7,7.1,798663,7949417,4,0.35250000000000004,,,1.8743718592964824,0.46625,2.0141843971631204,,,0.71
1193,766,7,10.2,798663,7949417,5,0.519,,,1.9090909090909092,0.672,2.0115606936416186,,,1.044
1194,766,7,14.6,798663,7949417,2,0.48250000000000004,,,1.7833333333333334,0.535,2.005181347150259,,,0.9675
1195,766,7,20.9,798663,7949417,4,0.5175,,,2.0,0.68,2.0096618357487923,,,1.04
1196,766,7,29.9,798663,7949417,5,0.528,,,1.9510086455331412,0.677,2.007575757575758,,,1.06
1197,766,7,42.7,798663,7949417,2,0.3775,,,1.7798165137614679,0.485,2.006622516556291,,,0.7575
1198,766,7,61.0,798663,7949417,3,0.5716666666666667,,,1.929460580912863,0.775,2.0058309037900877,,,1.1466666666666667
1199,766,7,87.4,798663,7949417,5,0.5069999999999999,,,1.8524590163934427,0.678,2.0118343195266273,,,1.02
1200,766,7,125.0,798663,7949417,5,0.46900000000000003,0.38393750000000004,0.575,1.8664596273291925,0.601,2.008528784648188,2.0,2.015907859753177,0.942
1201,86,2,5.0,300907,2913285,5,0.663,,,1.6700251889168767,0.663,2.0301659125188536,,,1.346
1202,86,2,7.1,300907,2913285,1,0.75,,,1.6893203883495145,0.87,2.046666666666667,,,1.535
1203,86,2,10.2,300907,2913285,3,0.5266666666666667,,,1.6288659793814433,0.5266666666666666,2.0031645569620253,,,1.055
1204,86,2,14.6,300907,2913285,2,0.48,,,1.5075757575757576,0.4975,2.0104166666666665,,,0.965
1205,86,2,20.9,300907,2913285,3,0.5816666666666667,,,1.6,0.52,2.0,,,1.1633333333333333
1206,86,2,29.9,300907,2913285,6,0.5949999999999999,0.520975,0.6725,1.5630841121495327,0.5575,2.008403361344538,2.0,2.014005632211059,1.195
1207,86,2,42.7,300907,2913285,5,0.5980000000000001,,,1.5164835164835164,0.552,2.0033444816053514,,,1.198
1208,86,2,61.0,300907,2913285,4,0.6425,,,1.5480769230769231,0.60375,2.0038910505836576,,,1.2875
1209,86,2,87.4,300907,2913285,3,0.59,,,1.5555555555555556,0.5833333333333334,2.0,,,1.18
1210,86,2,125.0,300907,2913285,3,0.6066666666666666,,,1.6384976525821595,0.5816666666666667,2.0,,,1.2133333333333334
1211,338,3,5.0,742603,5594567,4,0.35375,,,1.7225130890052356,0.41125,2.0,,,0.7075
1212,338,3,7.1,742603,5594567,2,0.6025,,,1.8053691275167785,0.6725,2.004149377593361,,,1.2075
1213,338,3,10.2,742603,5594567,1,0.505,,,1.903225806451613,0.59,2.0,,,1.01
1214,338,3,14.6,742603,5594567,5,0.479,,,1.7925696594427245,0.579,2.012526096033403,,,0.964
1215,338,3,20.9,742603,5594567,3,0.5383333333333333,,,1.8458149779735682,0.6983333333333334,2.0061919504643964,,,1.08
1216,338,3,29.9,742603,5594567,4,0.5625,,,1.8854166666666667,0.67875,2.011111111111111,,,1.13125
1217,338,3,42.7,742603,5594567,3,0.6666666666666666,,,1.8199233716475096,0.7916666666666666,2.005,,,1.3366666666666667
1218,338,3,61.0,742603,5594567,6,0.44166666666666665,0.36417857142857146,0.5272142857142857,1.8179190751445087,0.5241666666666667,2.009433962264151,2.0,2.018834274350693,0.8875
1219,338,3,87.4,742603,5594567,3,0.33666666666666667,,,1.7297297297297298,0.4266666666666667,2.0,,,0.6733333333333333
1220,338,3,125.0,742603,5594567,2,0.47,,,1.7179487179487178,0.5025,2.00531914893617,,,0.9425
1221,956,3,5.0,1118010,1467651,3,0.5233333333333333,,,1.78743961352657,0.6166666666666667,2.0,,,1.0466666666666666
1222,956,3,7.1,1118010,1467651,4,0.46749999999999997,,,1.7991967871485943,0.56,2.0053475935828877,,,0.9375
1223,956,3,10.2,1118010,1467651,3,0.395,,,1.6643835616438356,0.405,2.0,,,0.79
1224,956,3,14.6,1118010,1467651,3,0.375,,,1.6428571428571428,0.4216666666666667,2.0044444444444443,,,0.7516666666666667
1225,956,3,20.9,1118010,1467651,5,0.44299999999999995,0.33999999999999997,0.5398660714285716,1.7242524916943522,0.519,2.0022573363431153,2.0,2.006944444444444,0.887
1226,956,3,29.9,1118010,1467651,2,0.3925,,,1.7628865979381443,0.4275,2.0,,,0.785
1227,956,3,42.7,1118010,1467651,4,0.48875,,,1.6964980544747081,0.545,2.0076726342710995,,,0.98125
1228,956,3,61.0,1118010,1467651,4,0.51,,,1.8592592592592592,0.6275,2.0073529411764706,,,1.02375
1229,956,3,87.4,1118010,1467651,5,0.418,,,1.7007299270072993,0.466,2.0,,,0.836
1230,956,3,125.0,1118010,1467651,6,0.48499999999999993,,,1.7803617571059431,0.5741666666666667,2.0051546391752577,,,0.9725
1231,759,4,5.0,288973,5169495,1,0.3,,,1.7659574468085106,0.415,2.0,,,0.6
1232,759,4,7.1,288973,5169495,5,0.398,,,1.7593984962406015,0.468,2.0,,,0.796
1233,759,4,10.2,288973,5169495,2,0.5225,,,1.7852348993288591,0.665,2.0,,,1.045
1234,759,4,14.6,288973,5169495,3,0.5433333333333333,,,1.9775784753363228,0.735,2.003067484662577,,,1.0883333333333334
1235,759,4,20.9,288973,5169495,1,0.61,,,1.8902439024390243,0.775,2.0081967213114753,,,1.225
1236,759,4,29.9,288973,5169495,4,0.39875000000000005,,,1.8685446009389672,0.4975,2.0031347962382444,,,0.79875
1237,759,4,42.7,288973,5169495,4,0.36,,,1.803921568627451,0.46,2.0034722222222223,,,0.72125
1239,759,4,87.4,288973,5169495,2,0.405,,,1.8396226415094339,0.4875,2.006172839506173,,,0.8125
1240,759,4,125.0,288973,5169495,6,0.4775,,,1.773936170212766,0.5558333333333333,2.005235602094241,,,0.9575
1241,544,6,5.0,732235,1872344,7,0.5057142857142857,0.370975,0.6163020833333333,1.931958762886598,0.6692857142857143,2.0070621468926553,2.0008463541666663,2.0095521925542705,1.015
1242,544,6,7.1,732235,1872344,1,0.33,,,1.8541666666666667,0.445,2.0,,,0.66
1243,544,6,10.2,732235,1872344,2,0.4125,,,1.9279279279279282,0.535,2.006060606060606,,,0.8275
1244,544,6,14.6,732235,1872344,4,0.47624999999999995,,,1.9312977099236641,0.6325,2.005249343832021,,,0.955
1245,544,6,20.9,732235,1872344,6,0.445,0.33121875,0.5601,1.7678571428571428,0.495,2.0037453183520597,2.0,2.0114942528735633,0.8916666666666667
1246,544,6,29.9,732235,1872344,5,0.485,,,1.8885542168674698,0.627,2.002061855670103,,,0.971
1247,544,6,42.7,732235,1872344,7,0.38714285714285707,0.2929875,0.48906666666666665,1.8306451612903225,0.48642857142857143,2.0055350553505535,2.0,2.0111907103057547,0.7764285714285715
1248,544,6,61.0,732235,1872344,7,0.45142857142857146,0.32987500000000003,0.5579626623376625,1.8108747044917257,0.5471428571428572,2.0015822784810124,2.0,2.003556670602125,0.9035714285714286
1249,544,6,87.4,732235,1872344,3,0.32833333333333337,,,1.72992700729927,0.395,2.015228426395939,,,0.6616666666666666
1250,544,6,125.0,732235,1872344,5,0.551,,,1.8248730964467006,0.719,2.0018148820326678,,,1.103
1251,716,4,5.0,1135398,5288526,1,0.625,,,1.7078651685393258,0.76,2.008,,,1.255
1252,716,4,7.1,1135398,5288526,3,0.38166666666666665,,,1.8060606060606061,0.49666666666666665,2.0,,,0.7633333333333333
1253,716,4,10.2,1135398,5288526,3,0.3666666666666667,,,1.7857142857142858,0.5,2.0045454545454544,,,0.735
1254,716,4,14.6,1135398,5288526,4,0.545,,,1.7898305084745763,0.66,2.0091743119266057,,,1.095
1255,716,4,20.9,1135398,5288526,3,0.5566666666666666,,,1.837719298245614,0.6983333333333334,2.002994011976048,,,1.115
1256,716,4,29.9,1135398,5288526,6,0.4575,0.365,0.5725,1.7921348314606742,0.5316666666666666,2.0054644808743167,2.0,2.0145323129251698,0.9175
1257,716,4,42.7,1135398,5288526,4,0.4675,,,1.8932806324110671,0.59875,2.0053475935828877,,,0.9375
1258,716,4,61.0,1135398,5288526,6,0.39000000000000007,0.294875,0.48533333333333345,1.7178683385579938,0.45666666666666667,2.0042735042735043,2.0,2.0109203560456437,0.7816666666666666
1259,716,4,87.4,1135398,5288526,7,0.38571428571428573,0.291625,0.5043174603174604,1.7819148936170213,0.4785714285714286,2.0055555555555555,2.0,2.012865497076023,0.7735714285714286
1260,716,4,125.0,1135398,5288526,3,0.4066666666666667,,,1.9135802469135803,0.5166666666666667,2.0040983606557377,,,0.815
1261,671,6,5.0,267508,2498978,3,0.38666666666666666,,,1.7975460122699387,0.48833333333333334,2.0086206896551726,,,0.7766666666666666
1262,671,6,7.1,267508,2498978,5,0.475,,,1.8945686900958467,0.593,2.0042105263157897,,,0.952
1263,671,6,10.2,267508,2498978,8,0.593125,0.533096875,0.6567522321428573,1.9174454828660437,0.769375,2.0073761854583774,2.003001694253975,2.012489595250518,1.190625
1264,671,6,14.6,267508,2498978,3,0.4483333333333333,,,1.9508196721311475,0.595,2.003717472118959,,,0.8983333333333333
1265,671,6,20.9,267508,2498978,2,0.3325,,,1.956989247311828,0.455,2.0,,,0.665
1266,671,6,29.9,267508,2498978,1,0.655,,,1.936842105263158,0.92,2.0,,,1.31
1267,671,6,42.7,267508,2498978,3,0.48500000000000004,,,1.8900523560209423,0.6016666666666667,2.0034364261168385,,,0.9716666666666667
1268,671,6,61.0,267508,2498978,4,0.49124999999999996,,,1.8517110266159695,0.60875,2.005089058524173,,,0.985
1269,671,6,87.4,267508,2498978,3,0.5299999999999999,,,1.823008849557522,0.6866666666666666,2.00314465408805,,,1.0616666666666668
1270,671,6,125.0,267508,2498978,1,0.405,,,1.934782608695652,0.445,2.0,,,0.81
1271,434,6,5.0,709298,6394202,2,0.33499999999999996,,,1.83,0.4575,2.0,,,0.67
1272,434,6,7.1,709298,6394202,6,0.5133333333333333,0.4275,0.5925446428571429,1.834090909090909,0.6725,2.0064935064935066,2.0,2.0110072771486642,1.03
1273,434,6,10.2,709298,6394202,6,0.49499999999999994,0.39647916666666666,0.6318125000000001,1.8605200945626477,0.6558333333333334,2.005050505050505,2.0,2.014237355635205,0.9925
1274,434,6,14.6,709298,6394202,8,0.42437500000000006,0.3199375,0.5362604166666666,1.851931330472103,0.539375,2.011782032400589,2.0072875758985758,2.0168746724831985,0.85375
1275,434,6,20.9,709298,6394202,3,0.39166666666666666,,,1.7933333333333332,0.4483333333333333,2.0042553191489363,,,0.785
1276,434,6,29.9,709298,6394202,7,0.38642857142857145,,,1.7774725274725274,0.46214285714285713,2.0055452865064693,,,0.775
1277,434,6,42.7,709298,6394202,6,0.3983333333333334,,,1.8,0.51,2.010460251046025,,,0.8008333333333333
1278,434,6,61.0,709298,6394202,4,0.43625,,,1.8085106382978724,0.53125,2.002865329512894,,,0.87375
1279,434,6,87.4,709298,6394202,4,0.41,,,1.86784140969163,0.53,2.0,,,0.82
1280,434,6,125.0,709298,6394202,8,0.485625,0.41278571428571426,0.5807172619047618,1.845724907063197,0.620625,2.009009009009009,2.00314465408805,2.014335350657727,0.975625
1281,32,6,5.0,586809,1200154,6,0.4741666666666667,0.3261354166666667,0.6026625000000001,1.871212121212121,0.6175,2.0035149384885766,2.0,2.0104203847801263,0.95
1282,32,6,7.1,586809,1200154,5,0.5269999999999999,,,1.778393351800554,0.642,2.0037950664136623,,,1.056
1283,32,6,10.2,586809,1200154,3,0.4166666666666667,,,1.7961783439490446,0.47,2.0,,,0.8333333333333334
1284,32,6,14.6,586809,1200154,4,0.46624999999999994,,,1.7671755725190839,0.57875,2.008042895442359,,,0.93625
1285,32,6,20.9,586809,1200154,5,0.545,,,1.8206521739130435,0.67,2.001834862385321,,,1.091
1286,32,6,29.9,586809,1200154,7,0.5192857142857144,0.4048541666666666,0.6075625,1.8778004073319756,0.6585714285714286,2.0041265474552956,2.0,2.009107142857143,1.0407142857142857
1287,32,6,42.7,586809,1200154,2,0.62,,,1.8833333333333333,0.8475,2.0,,,1.24
1288,32,6,61.0,586809,1200154,3,0.59,,,1.8860759493670887,0.745,2.005649717514124,,,1.1833333333333333
1289,32,6,87.4,586809,1200154,3,0.45166666666666666,,,1.7349397590361446,0.48,2.003690036900369,,,0.905
1290,32,6,125.0,586809,1200154,5,0.488,,,1.8463855421686748,0.613,2.0081967213114753,,,0.98
1291,73,8,5.0,1137670,5324555,2,0.5549999999999999,,,1.7083333333333333,0.615,2.0,,,1.11
1292,73,8,7.1,1137670,5324555,3,0.3283333333333333,,,1.678082191780822,0.4083333333333333,2.0,,,0.6566666666666666
1293,73,8,10.2,1137670,5324555,5,0.5,0.3968666666666667,0.6110583333333334,1.790909090909091,0.591,2.006,2.0,2.0124853971962615,1.003
1294,73,8,14.6,1137670,5324555,3,0.48333333333333334,,,1.8021390374331552,0.5616666666666666,2.0,,,0.9666666666666667
1295,73,8,20.9,1137670,5324555,3,0.375,,,1.7608695652173914,0.405,2.0,,,0.75
1296,73,8,29.9,1137670,5324555,2,0.655,,,1.8186813186813187,0.8275,2.0,,,1.31
1297,73,8,42.7,1137670,5324555,4,0.47875,,,1.7530364372469636,0.54125,2.0026109660574414,,,0.95875
1298,73,8,61.0,1137670,5324555,5,0.517,,,1.8279883381924198,0.627,2.0,,,1.034
1299,73,8,87.4,1137670,5324555,6,0.5291666666666667,,,1.89058524173028,0.6191666666666666,2.0,,,1.0583333333333333
1300,73,8,125.0,1137670,5324555,2,0.5725,,,1.8104575163398693,0.6925,2.0,,,1.145
1301,979,6,5.0,304275,4165351,6,0.44416666666666665,,,1.8455284552845528,0.5675,2.0056285178236397,,,0.8908333333333334
1302,979,6,7.1,304275,4165351,5,0.5499999999999999,0.49374999999999997,0.6502500000000001,1.8525469168900803,0.691,2.0,2.0,2.0,1.1
1303,979,6,10.2,304275,4165351,4,0.5375,,,1.9261744966442953,0.7175,2.0,,,1.075
1304,979,6,14.6,304275,4165351,5,0.457,,,1.7570093457943925,0.564,2.00218818380744,,,0.915
1305,979,6,20.9,304275,4165351,2,0.3825,,,1.8369565217391304,0.4225,2.0,,,0.765
1306,979,6,29.9,304275,4165351,2,0.4325,,,1.7008547008547008,0.4975,2.0,,,0.865
1307,979,6,42.7,304275,4165351,2,0.4275,,,1.7787610619469028,0.5025,2.0,,,0.855
1308,979,6,61.0,304275,4165351,2,0.4325,,,1.7217391304347827,0.495,2.0,,,0.865
1309,979,6,87.4,304275,4165351,4,0.37875000000000003,,,1.7766990291262137,0.4575,2.0,,,0.7575
1310,979,6,125.0,304275,4165351,4,0.47000000000000003,,,1.902834008097166,0.5875,2.002659574468085,,,0.94125
1311,935,6,5.0,987351,6964607,5,0.495,,,1.9083333333333334,0.687,2.0,,,0.99
1312,935,6,7.1,987351,6964607,3,0.325,,,1.781021897810219,0.4066666666666667,2.0,,,0.65
1313,935,6,10.2,987351,6964607,8,0.46125,0.34367857142857144,0.5671642857142858,1.7944664031620554,0.5675,2.0013550135501355,2.0,2.006802721088435,0.923125
1314,935,6,14.6,987351,6964607,2,0.45499999999999996,,,1.7777777777777777,0.52,2.010989010989011,,,0.915
1315,935,6,20.9,987351,6964607,7,0.4692857142857143,0.3626964285714286,0.58525,1.8699551569506727,0.5957142857142858,2.0030441400304415,2.0,2.007046568627451,0.94
1316,935,6,29.9,987351,6964607,5,0.379,,,1.7761732851985559,0.492,2.0079155672823217,,,0.761
1317,935,6,42.7,987351,6964607,5,0.386,0.31495833333333334,0.4625,1.6153846153846154,0.42,2.0025906735751295,2.0,2.005785256410257,0.773
1318,935,6,61.0,987351,6964607,5,0.43,0.265,0.59,1.8122866894197953,0.531,2.0046511627906978,2.0,2.009930028462998,0.862
1319,935,6,87.4,987351,6964607,6,0.45166666666666666,0.30665624999999996,0.58175,1.894878706199461,0.5858333333333333,2.003690036900369,2.0,2.012297664967626,0.905
1320,935,6,125.0,987351,6964607,5,0.4010000000000001,0.2980520833333334,0.5250833333333333,1.816,0.454,2.0049875311720697,2.0,2.0117994100294987,0.804
1321,206,4,5.0,1093404,5572130,4,0.55,,,1.805111821086262,0.70625,2.0045454545454544,,,1.1025
1322,206,4,7.1,1093404,5572130,6,0.49000000000000005,0.3974791666666666,0.5790875,1.8759124087591241,0.6425,2.006802721088435,2.0012896825396824,2.012331487956488,0.9833333333333333
1323,206,4,10.2,1093404,5572130,2,0.575,,,1.8333333333333333,0.715,2.008695652173913,,,1.155
1324,206,4,14.6,1093404,5572130,5,0.475,0.32499999999999996,0.6284375000000001,1.761755485893417,0.562,2.006315789473684,2.0,2.0126529477196886,0.953
1325,206,4,20.9,1093404,5572130,5,0.497,,,1.8093841642228738,0.617,2.004024144869215,,,0.996
1326,206,4,29.9,1093404,5572130,2,0.5575,,,1.78125,0.7125,2.013452914798206,,,1.1225
1327,206,4,42.7,1093404,5572130,3,0.4566666666666666,,,1.9153439153439153,0.6033333333333334,2.0072992700729926,,,0.9166666666666666
1328,206,4,61.0,1093404,5572130,3,0.40166666666666667,,,1.5892857142857142,0.445,2.008298755186722,,,0.8066666666666666
1329,206,4,87.4,1093404,5572130,4,0.51,,,1.8333333333333333,0.6325,2.0073529411764706,,,1.02375
1330,206,4,125.0,1093404,5572130,5,0.541,,,1.8191489361702127,0.684,2.0036968576709797,,,1.084
1331,851,6,5.0,1020414,460080,1,0.675,,,2.0412371134020617,0.99,2.0,,,1.35
1332,851,6,7.1,1020414,460080,4,0.3625,,,1.6839378238341969,0.40625,2.003448275862069,,,0.72625
1333,851,6,10.2,1020414,460080,4,0.5475,,,1.8349514563106797,0.70875,2.006849315068493,,,1.09875
1334,851,6,14.6,1020414,460080,4,0.51625,,,1.8108108108108107,0.58625,2.0,,,1.0325
1335,851,6,20.9,1020414,460080,3,0.35833333333333334,,,1.6470588235294117,0.42,2.0046511627906978,,,0.7183333333333334
1336,851,6,29.9,1020414,460080,4,0.49750000000000005,,,1.8678571428571429,0.65375,2.0050251256281406,,,0.9975
1337,851,6,42.7,1020414,460080,4,0.44875,,,1.8680851063829786,0.54875,2.0,,,0.8975
1338,851,6,61.0,1020414,460080,1,0.455,,,1.719298245614035,0.49,2.0,,,0.91
1339,851,6,87.4,1020414,460080,4,0.49249999999999994,,,1.8785714285714286,0.6575,2.00507614213198,,,0.9875
1340,851,6,125.0,1020414,460080,6,0.44083333333333324,,,1.8524590163934427,0.565,2.0056710775047257,,,0.8841666666666667
1341,923,7,5.0,804969,6362730,4,0.34875,0.255,0.475,1.7453703703703705,0.47125,2.0,2.0,2.0,0.6975
1342,923,7,7.1,804969,6362730,6,0.4925,0.3548125,0.64634375,1.8135198135198136,0.6483333333333333,2.008460236886633,2.001923076923077,2.0135116179893195,0.9891666666666666
1343,923,7,10.2,804969,6362730,5,0.466,,,1.91640866873065,0.619,2.0064377682403434,,,0.935
1344,923,7,14.6,804969,6362730,6,0.4808333333333333,0.41235416666666663,0.5610062499999999,1.858942065491184,0.615,2.0051993067590987,2.0,2.009736557009629,0.9641666666666666
1345,923,7,20.9,804969,6362730,2,0.32999999999999996,,,1.8888888888888888,0.4675,2.0,,,0.66
1346,923,7,29.9,804969,6362730,5,0.48100000000000004,,,1.8892215568862276,0.631,2.0,,,0.962
1347,923,7,42.7,804969,6362730,5,0.441,,,1.934256055363322,0.559,2.0090702947845807,,,0.886
1348,923,7,61.0,804969,6362730,3,0.5483333333333335,,,1.9327354260089686,0.7183333333333334,2.0,,,1.0966666666666667
1349,923,7,87.4,804969,6362730,3,0.5283333333333333,,,1.9656862745098038,0.6683333333333333,2.003154574132492,,,1.0583333333333333
1350,923,7,125.0,804969,6362730,4,0.55375,,,1.9383561643835616,0.7075,2.0022573363431153,,,1.10875
1351,242,7,5.0,793672,2274167,7,0.48999999999999994,0.38182812499999996,0.6210625,1.9069767441860466,0.6442857142857142,2.0058309037900877,2.0,2.0132166562251306,0.9828571428571429
1352,242,7,7.1,793672,2274167,5,0.5030000000000001,,,1.8575418994413408,0.665,2.003976143141153,,,1.008
1353,242,7,10.2,793672,2274167,3,0.46833333333333327,,,1.8994708994708995,0.5983333333333334,2.0,,,0.9366666666666666
1354,242,7,14.6,793672,2274167,7,0.5385714285714285,0.4249642857142857,0.6194000000000001,1.8712871287128714,0.675,2.0053050397877983,2.0,2.010648741863402,1.08
1355,242,7,20.9,793672,2274167,5,0.531,,,1.879120879120879,0.684,2.005649717514124,,,1.065
1356,242,7,29.9,793672,2274167,4,0.55375,,,1.7755102040816326,0.6525,2.0022573363431153,,,1.10875
1357,242,7,42.7,793672,2274167,3,0.4716666666666667,,,1.8578199052132702,0.6533333333333333,2.0035335689045937,,,0.945
1358,242,7,61.0,793672,2274167,4,0.3925,,,1.7889908256880733,0.4875,2.0031847133757963,,,0.78625
1359,242,7,87.4,793672,2274167,2,0.5425,,,1.8590604026845639,0.6925,2.0,,,1.085
1360,242,7,125.0,793672,2274167,1,0.34,,,1.6818181818181819,0.37,2.0,,,0.68
1361,344,2,5.0,1046106,3685562,1,0.775,,,1.6938775510204083,0.83,2.032258064516129,,,1.575
1362,344,2,7.1,1046106,3685562,3,0.4816666666666667,,,1.5957446808510638,0.5,2.0449826989619377,,,0.985
1363,344,2,10.2,1046106,3685562,4,0.6387499999999999,,,1.6024464831804281,0.655,2.041095890410959,,,1.30375
1364,344,2,14.6,1046106,3685562,4,0.5525,,,1.6553030303030303,0.54625,2.013574660633484,,,1.1125
1365,344,2,20.9,1046106,3685562,3,0.6983333333333333,,,1.6332046332046333,0.705,2.016706443914081,,,1.4083333333333334
1366,344,2,29.9,1046106,3685562,4,0.6375000000000001,,,1.5268456375838926,0.56875,2.0137254901960784,,,1.28375
1367,344,2,42.7,1046106,3685562,4,0.5712499999999999,,,1.5338078291814947,0.53875,2.0065645514223194,,,1.14625
1368,344,2,61.0,1046106,3685562,3,0.5883333333333333,,,1.5911330049261083,0.5383333333333333,2.008498583569405,,,1.1816666666666666
1369,344,2,87.4,1046106,3685562,7,0.5307142857142858,,,1.5207373271889402,0.4714285714285714,2.0026917900403767,,,1.062857142857143
1370,344,2,125.0,1046106,3685562,3,0.51,,,1.6134020618556701,0.5216666666666666,2.003267973856209,,,1.0216666666666667
1371,158,5,5.0,214456,4769636,3,0.5516666666666666,,,1.9061032863849765,0.6766666666666666,2.0060422960725077,,,1.1066666666666667
1372,158,5,7.1,214456,4769636,8,0.485625,0.369640625,0.586225,1.8485401459854014,0.633125,2.011583011583012,2.007449321898629,2.0186981821836048,0.976875
1373,158,5,10.2,214456,4769636,6,0.395,0.309703125,0.48909642857142865,1.6813880126182965,0.44416666666666665,2.0042194092827006,2.0,2.007302757302757,0.7916666666666666
1374,158,5,14.6,214456,4769636,1,0.47,,,1.9827586206896552,0.575,2.0106382978723403,,,0.945
1375,158,5,20.9,214456,4769636,4,0.4575,,,1.8300395256916997,0.57875,2.0081967213114753,,,0.91875
1376,158,5,29.9,214456,4769636,4,0.40499999999999997,,,1.8198198198198199,0.505,2.006172839506173,,,0.8125
1377,158,5,42.7,214456,4769636,3,0.5433333333333333,,,1.8923766816143497,0.7033333333333334,2.0061349693251533,,,1.09
1378,158,5,61.0,214456,4769636,1,0.61,,,1.7468354430379747,0.69,2.0081967213114753,,,1.225
1379,158,5,87.4,214456,4769636,6,0.42083333333333334,0.3216428571428572,0.5590875,1.85989010989011,0.5641666666666667,2.005940594059406,2.0,2.0119211314388457,0.8441666666666666
1380,158,5,125.0,214456,4769636,2,0.5900000000000001,,,1.8503401360544218,0.68,2.0084745762711864,,,1.185
1381,472,7,5.0,294506,3439131,5,0.44299999999999995,,,1.8415841584158417,0.558,2.0022573363431153,,,0.887
1382,472,7,7.1,294506,3439131,5,0.5269999999999999,0.3720625,0.6401875,1.7258064516129032,0.642,2.0,2.0,2.0,1.054
1383,472,7,10.2,294506,3439131,3,0.49500000000000005,,,1.811881188118812,0.61,2.0033670033670035,,,0.9916666666666667
1384,472,7,14.6,294506,3439131,4,0.5862499999999999,,,1.8540372670807452,0.74625,2.008528784648188,,,1.1775
1385,472,7,20.9,294506,3439131,7,0.4992857142857143,0.3922166666666666,0.5957901785714286,1.8900414937759336,0.6507142857142857,2.004291845493562,2.0,2.0119217182444,1.0007142857142857
1386,472,7,29.9,294506,3439131,2,0.5675,,,1.8986486486486487,0.7025,2.0176211453744495,,,1.145
1387,472,7,42.7,294506,3439131,6,0.3675,0.30995000000000006,0.445875,1.6966666666666668,0.4241666666666667,2.0,2.0,2.0,0.735
1388,472,7,61.0,294506,3439131,2,0.2675,,,1.7466666666666666,0.3275,2.0093457943925235,,,0.5375
1389,472,7,87.4,294506,3439131,4,0.41750000000000004,,,1.7991452991452992,0.52625,2.0059880239520957,,,0.8375
1390,472,7,125.0,294506,3439131,4,0.50875,,,1.859922178988327,0.5975,2.0,,,1.0175
1391,503,5,5.0,1051958,7084682,2,0.4,,,1.7622950819672132,0.5375,2.00625,,,0.8025
1392,503,5,7.1,1051958,7084682,4,0.39375,,,1.8577405857740585,0.555,2.003174603174603,,,0.78875
1393,503,5,10.2,1051958,7084682,6,0.4583333333333334,0.32571875000000006,0.6310166666666667,1.8753246753246753,0.6016666666666667,2.0036363636363634,2.0,2.0100855549294785,0.9183333333333333
1394,503,5,14.6,1051958,7084682,3,0.3833333333333333,,,1.8421052631578947,0.4666666666666667,2.0043478260869567,,,0.7683333333333333
1395,503,5,20.9,1051958,7084682,7,0.5171428571428571,,,1.8529411764705883,0.675,2.005524861878453,,,1.0371428571428571
1396,503,5,29.9,1051958,7084682,5,0.499,,,1.853731343283582,0.621,2.0080160320641283,,,1.002
1397,503,5,42.7,1051958,7084682,3,0.5866666666666668,,,1.838174273858921,0.7383333333333333,2.008522727272727,,,1.1783333333333332
1398,503,5,61.0,1051958,7084682,4,0.4475,,,1.8571428571428572,0.53625,2.0027932960893855,,,0.89625
1399,503,5,87.4,1051958,7084682,2,0.28,,,1.6097560975609757,0.33,2.0,,,0.56
1400,503,5,125.0,1051958,7084682,4,0.45,,,1.8408163265306123,0.56375,2.0027777777777778,,,0.90125
1401,821,5,5.0,1112297,3280514,3,0.5016666666666666,,,1.9267015706806283,0.6133333333333333,2.009966777408638,,,1.0083333333333333
1402,821,5,7.1,1112297,3280514,2,0.46499999999999997,,,1.9193548387096775,0.595,2.0053763440860215,,,0.9325
1403,821,5,10.2,1112297,3280514,4,0.56125,,,1.9288025889967637,0.745,2.002227171492205,,,1.12375
1404,821,5,14.6,1112297,3280514,5,0.44299999999999995,,,1.9801324503311257,0.598,2.015801354401806,,,0.893
1405,821,5,20.9,1112297,3280514,4,0.6000000000000001,,,1.966867469879518,0.81625,2.0083333333333333,,,1.205
1406,821,5,29.9,1112297,3280514,6,0.5758333333333333,,,1.9010309278350515,0.7683333333333333,2.008683068017366,,,1.1566666666666667
1407,821,5,42.7,1112297,3280514,4,0.385,,,1.8090452261306533,0.45,2.0,,,0.77
1408,821,5,61.0,1112297,3280514,2,0.47,,,1.8487394957983194,0.55,2.00531914893617,,,0.9425
1409,821,5,87.4,1112297,3280514,6,0.4349999999999999,,,1.8519553072625698,0.5525,2.003831417624521,,,0.8716666666666667
1410,821,5,125.0,1112297,3280514,4,0.5050000000000001,,,1.8430656934306568,0.63125,2.007425742574257,,,1.01375
1411,110,4,5.0,192223,6823941,4,0.38125,,,1.6596638655462186,0.49375,2.0,,,0.7625
1412,110,4,7.1,192223,6823941,2,0.535,,,1.679245283018868,0.6675,2.0093457943925235,,,1.075
1413,110,4,10.2,192223,6823941,7,0.46571428571428575,0.3723660714285714,0.5683571428571429,1.8008948545861299,0.575,2.003067484662577,2.0,2.008064516129032,0.9328571428571428
1414,110,4,14.6,192223,6823941,7,0.44357142857142856,0.3455922619047619,0.5490250000000001,1.7533333333333334,0.5635714285714286,2.003220611916264,2.0,2.007575757575758,0.8885714285714286
1415,110,4,20.9,192223,6823941,2,0.405,,,1.7864077669902914,0.46,2.0123456790123457,,,0.815
1416,110,4,29.9,192223,6823941,6,0.4633333333333333,,,1.7967914438502675,0.56,2.0053956834532376,,,0.9291666666666667
1417,110,4,42.7,192223,6823941,3,0.37833333333333324,,,1.7,0.51,2.004405286343612,,,0.7583333333333333
1418,110,4,61.0,192223,6823941,3,0.35666666666666663,,,1.7066666666666668,0.4266666666666667,2.0,,,0.7133333333333334
1419,110,4,87.4,192223,6823941,5,0.487,,,1.6904024767801857,0.546,2.0020533880903493,,,0.975
1420,110,4,125.0,192223,6823941,5,0.5040000000000001,,,1.8109756097560976,0.594,2.009920634920635,,,1.013
1421,883,5,5.0,823844,1584847,4,0.4475,,,1.8503937007874016,0.5875,2.005586592178771,,,0.8975
1422,883,5,7.1,823844,1584847,6,0.515,0.40498611111111116,0.6081361607142857,1.8210023866348448,0.6358333333333334,2.0032362459546924,2.0,2.005541726791727,1.0316666666666667
1423,883,5,10.2,823844,1584847,5,0.44600000000000006,,,1.929054054054054,0.571,2.0112107623318387,,,0.897
1424,883,5,14.6,823844,1584847,2,0.46499999999999997,,,1.92,0.6,2.0053763440860215,,,0.9325
1425,883,5,20.9,823844,1584847,4,0.4475,,,1.7641921397379912,0.505,2.0,,,0.895
1426,883,5,29.9,823844,1584847,5,0.517,,,1.8393939393939394,0.607,2.001934235976789,,,1.035
1427,883,5,42.7,823844,1584847,2,0.6675,,,1.9536082474226804,0.9475,2.00749063670412,,,1.34
1428,883,5,61.0,823844,1584847,2,0.6225,,,1.8258064516129033,0.7075,2.004016064257028,,,1.2475
1429,883,5,87.4,823844,1584847,5,0.476,,,1.8850931677018634,0.607,2.0021008403361344,,,0.953
1430,883,5,125.0,823844,1584847,4,0.48375,,,1.803030303030303,0.595,2.005167958656331,,,0.97
1431,658,3,5.0,949442,1690806,1,0.515,,,1.696969696969697,0.56,2.0,,,1.03
1432,658,3,7.1,949442,1690806,6,0.45916666666666667,0.37,0.5439375000000002,1.6253602305475505,0.47,2.0036297640653356,2.0,2.0085470085470085,0.92
1433,658,3,10.2,949442,1690806,2,0.5875,,,1.726027397260274,0.63,2.008510638297872,,,1.18
1434,658,3,14.6,949442,1690806,3,0.5583333333333333,,,1.8310502283105023,0.6683333333333333,2.005970149253731,,,1.12
1435,658,3,20.9,949442,1690806,4,0.4725,,,1.756,0.54875,2.005291005291005,,,0.9475
1436,658,3,29.9,949442,1690806,3,0.49666666666666665,,,1.7411167512690355,0.5716666666666667,2.0067114093959733,,,0.9966666666666667
1437,658,3,42.7,949442,1690806,5,0.48199999999999993,0.33499999999999996,0.5978437500000001,1.780327868852459,0.543,2.0103734439834025,2.0,2.016423076923077,0.969
1438,658,3,61.0,949442,1690806,4,0.4575,,,1.7148760330578512,0.51875,2.0,,,0.915
1439,658,3,87.4,949442,1690806,4,0.5237499999999999,,,1.7832699619771863,0.58625,2.0023866348448687,,,1.04875
1440,658,3,125.0,949442,1690806,1,0.71,,,1.7,0.765,2.0,,,1.42
1441,723,2,5.0,916560,6727167,5,0.7650000000000001,,,4.362595419847328,2.286,2.1673202614379083,,,1.658
1442,723,2,7.1,916560,6727167,3,0.7200000000000001,,,3.06993006993007,1.4633333333333334,2.1296296296296298,,,1.5333333333333334
1443,723,2,10.2,916560,6727167,2,0.725,,,2.2935323383084576,1.1524999999999999,2.110344827586207,,,1.53
1444,723,2,14.6,916560,6727167,4,0.55375,,,1.9452554744525548,0.66625,2.0609480812641086,,,1.14125
1445,723,2,20.9,916560,6727167,4,0.6925,,,1.8833819241982508,0.8075,2.0541516245487363,,,1.4225
1446,723,2,29.9,916560,6727167,4,0.4525,,,1.5657894736842106,0.44625,2.0386740331491713,,,0.9225
1447,723,2,42.7,916560,6727167,3,0.5583333333333333,,,1.5315315315315314,0.5666666666666667,2.026865671641791,,,1.1316666666666666
1448,723,2,61.0,916560,6727167,4,0.54375,,,1.5017182130584192,0.54625,2.0160919540229885,,,1.09625
1449,723,2,87.4,916560,6727167,4,0.6725,,,1.6656891495601174,0.71,2.020446096654275,,,1.35875
1450,723,2,125.0,916560,6727167,6,0.62,0.539875,0.71,1.5720164609053497,0.6366666666666667,2.0094086021505375,2.0,2.0208269913749364,1.2458333333333333
1451,315,7,5.0,1015407,4833322,2,0.3825,,,1.6759259259259258,0.4525,2.0065359477124183,,,0.7675
1452,315,7,7.1,1015407,4833322,3,0.4000000000000001,,,1.5868263473053892,0.44166666666666665,2.0,,,0.8
1453,315,7,10.2,1015407,4833322,2,0.505,,,1.8264462809917354,0.5525,2.0,,,1.01
1454,315,7,14.6,1015407,4833322,5,0.453,,,1.7938144329896908,0.522,2.0,,,0.906
1455,315,7,20.9,1015407,4833322,9,0.44166666666666665,0.38364880952380953,0.509175,1.8183520599250935,0.5394444444444444,2.0012578616352203,2.0,2.003980654761905,0.8838888888888888
1456,315,7,29.9,1015407,4833322,2,0.4125,,,1.8991596638655461,0.565,2.006060606060606,,,0.8275
1457,315,7,42.7,1015407,4833322,4,0.46,,,1.8416988416988418,0.59625,2.0,,,0.92
1458,315,7,61.0,1015407,4833322,3,0.45166666666666666,,,1.8932584269662922,0.5616666666666666,2.0,,,0.9033333333333333
1459,315,7,87.4,1015407,4833322,5,0.449,0.309875,0.615,1.8903225806451613,0.586,2.0,2.0,2.0,0.898
1460,315,7,125.0,1015407,4833322,7,0.4542857142857143,0.38333333333333336,0.5325624999999999,1.7775061124694376,0.5192857142857142,2.0,2.0,2.0,0.9085714285714286
1461,829,7,5.0,391716,4154663,1,0.28,,,1.7692307692307692,0.345,2.0,,,0.56
1462,829,7,7.1,391716,4154663,3,0.3,,,1.696969696969697,0.37333333333333335,2.0055555555555555,,,0.6016666666666667
1463,829,7,10.2,391716,4154663,3,0.5116666666666667,,,1.8681818181818182,0.685,2.003257328990228,,,1.025
1464,829,7,14.6,391716,4154663,2,0.455,,,1.656,0.5175,2.0,,,0.91
1465,829,7,20.9,391716,4154663,5,0.485,,,1.9912790697674418,0.685,2.0103092783505154,,,0.975
1466,829,7,29.9,391716,4154663,3,0.5033333333333333,,,1.8226600985221675,0.6166666666666667,2.0033112582781456,,,1.0083333333333333
1467,829,7,42.7,391716,4154663,2,0.4375,,,1.8879310344827587,0.5475,2.0114285714285716,,,0.88
1468,829,7,61.0,391716,4154663,3,0.47,,,1.8737373737373737,0.6183333333333333,2.00709219858156,,,0.9433333333333334
1469,829,7,87.4,391716,4154663,2,0.41000000000000003,,,1.588235294117647,0.405,2.0,,,0.82
1470,829,7,125.0,391716,4154663,3,0.395,,,1.7901234567901234,0.48333333333333334,2.0084388185654007,,,0.7933333333333333
1471,846,5,5.0,502650,6597787,2,0.535,,,1.8717948717948718,0.73,2.0093457943925235,,,1.075
1472,846,5,7.1,502650,6597787,6,0.5266666666666667,0.38983333333333337,0.6234687500000001,1.8872017353579176,0.725,2.0047468354430378,2.0,2.0091937836903186,1.0558333333333334
1473,846,5,10.2,502650,6597787,2,0.5175000000000001,,,1.8478260869565217,0.6375,2.0,,,1.035
1474,846,5,14.6,502650,6597787,2,0.43,,,1.7024793388429753,0.515,2.005813953488372,,,0.8625
1475,846,5,20.9,502650,6597787,6,0.4841666666666667,0.38823958333333336,0.5712812500000001,1.8126582278481012,0.5966666666666667,2.0034423407917386,2.0,2.0095238095238095,0.97
1476,846,5,29.9,502650,6597787,2,0.375,,,1.6607142857142858,0.465,2.0,,,0.75
1477,846,5,42.7,502650,6597787,10,0.398,0.3281772727272727,0.48729090909090916,1.786231884057971,0.493,2.008793969849246,2.0020897130038455,2.0177488642985493,0.7995
1478,846,5,61.0,502650,6597787,4,0.4575,,,1.6827309236947792,0.52375,2.0027322404371586,,,0.91625
1479,846,5,87.4,502650,6597787,4,0.4525,,,1.7984790874524714,0.59125,2.005524861878453,,,0.9075
1480,846,5,125.0,502650,6597787,3,0.43999999999999995,,,2.041176470588235,0.5783333333333334,2.003787878787879,,,0.8816666666666667
1481,501,2,5.0,660148,597832,4,0.6425,,,1.5348101265822784,0.60625,2.0136186770428015,,,1.29375
1482,501,2,7.1,660148,597832,4,0.5800000000000001,,,1.5320512820512822,0.5975,2.0129310344827585,,,1.1675
1483,501,2,10.2,660148,597832,4,0.53125,,,1.5454545454545454,0.51,2.0047058823529413,,,1.065
1484,501,2,14.6,660148,597832,4,0.61125,,,1.5292207792207793,0.58875,2.0081799591002043,,,1.2275
1485,501,2,20.9,660148,597832,4,0.56875,,,1.582375478927203,0.51625,2.0043956043956044,,,1.14
1486,501,2,29.9,660148,597832,4,0.56,0.425,0.678,1.5250965250965252,0.49375,2.0,2.0,2.0,1.12
1487,501,2,42.7,660148,597832,4,0.5587500000000001,,,1.486988847583643,0.5,2.0,,,1.1175
1488,501,2,61.0,660148,597832,4,0.6175,,,1.5265017667844523,0.54,2.0020242914979756,,,1.23625
1489,501,2,87.4,660148,597832,4,0.49875,,,1.5281385281385282,0.44125,2.0,,,0.9975
1490,501,2,125.0,660148,597832,4,0.665,,,1.597938144329897,0.58125,2.0018796992481205,,,1.33125
1491,408,6,5.0,744358,2087706,8,0.46562499999999996,0.36456249999999996,0.5568928571428572,1.7980582524271844,0.57875,2.0053691275167784,2.0,2.0164893302510465,0.93375
1492,408,6,7.1,744358,2087706,5,0.53,,,1.7950138504155124,0.648,2.0,,,1.06
1493,408,6,10.2,744358,2087706,5,0.517,,,1.7871148459383754,0.638,2.007736943907157,,,1.038
1494,408,6,14.6,744358,2087706,4,0.39000000000000007,0.3,0.54,1.7766497461928934,0.4375,2.0128205128205128,2.0,2.0294117647058822,0.785
1495,408,6,20.9,744358,2087706,1,0.315,,,1.763157894736842,0.335,2.0,,,0.63
1496,408,6,29.9,744358,2087706,1,0.525,,,1.6666666666666667,0.525,2.0,,,1.05
1497,408,6,42.7,744358,2087706,2,0.4525,,,1.8141592920353982,0.5125,2.0,,,0.905
1498,408,6,61.0,744358,2087706,3,0.5516666666666666,,,1.873913043478261,0.7183333333333334,2.0060422960725077,,,1.1066666666666667
1499,408,6,87.4,744358,2087706,5,0.5,,,1.8170731707317074,0.596,2.006,,,1.003
1500,408,6,125.0,744358,2087706,3,0.4766666666666666,,,1.8214285714285714,0.595,2.0,,,0.9533333333333334
1501,372,4,5.0,839325,3193563,5,0.471,0.32,0.581671875,1.7532051282051282,0.547,2.0042462845010616,2.0,2.011330409356725,0.944
1502,372,4,7.1,839325,3193563,3,0.43166666666666664,,,1.8011363636363635,0.5283333333333333,2.0077220077220077,,,0.8666666666666667
1503,372,4,10.2,839325,3193563,1,0.3,,,1.6904761904761905,0.355,2.0,,,0.6
1504,372,4,14.6,839325,3193563,7,0.4371428571428571,0.33,0.548919642857143,1.8652482269503545,0.5635714285714286,2.0065359477124183,2.001174645390071,2.012516469038208,0.8771428571428571
1505,372,4,20.9,839325,3193563,2,0.46499999999999997,,,1.9375,0.62,2.0,,,0.93
1506,372,4,29.9,839325,3193563,3,0.5483333333333333,,,1.8040201005025125,0.5983333333333334,2.0,,,1.0966666666666667
1507,372,4,42.7,839325,3193563,5,0.495,0.2866666666666667,0.645,1.8731117824773413,0.62,2.0,2.0,2.0,0.99
1508,372,4,61.0,839325,3193563,10,0.4585,0.41195000000000004,0.500171875,1.805084745762712,0.5325,2.0087241003271536,2.003416293346607,2.0129626812143284,0.921
1509,372,4,87.4,839325,3193563,3,0.4483333333333333,,,1.8555555555555556,0.5566666666666666,2.003717472118959,,,0.8983333333333333
1510,372,4,125.0,839325,3193563,3,0.6116666666666667,,,1.8313253012048192,0.76,2.002724795640327,,,1.225
1511,346,7,5.0,100369,480736,3,0.5299999999999999,,,1.8642533936651584,0.6866666666666666,2.0,,,1.06
1512,346,7,7.1,100369,480736,8,0.484375,0.405509375,0.5365580357142858,1.8342857142857143,0.601875,2.0038709677419355,2.0,2.0110113073732103,0.970625
1513,346,7,10.2,100369,480736,6,0.44333333333333336,0.33743749999999995,0.5451250000000001,1.67828418230563,0.5216666666666666,2.0018796992481205,2.0,2.007452876984127,0.8875
1514,346,7,14.6,100369,480736,4,0.45999999999999996,,,1.7890625,0.5725,2.0,,,0.92
1515,346,7,20.9,100369,480736,3,0.51,,,1.811881188118812,0.61,2.0,,,1.02
1516,346,7,29.9,100369,480736,6,0.44416666666666677,0.32075000000000004,0.5537500000000001,1.8106666666666666,0.5658333333333333,2.0,2.0,2.0,0.8883333333333333
1517,346,7,42.7,100369,480736,3,0.535,,,1.9400921658986174,0.7016666666666667,2.0031152647975077,,,1.0716666666666668
1518,346,7,61.0,100369,480736,3,0.4266666666666667,,,1.8159509202453987,0.49333333333333335,2.0,,,0.8533333333333334
1519,346,7,87.4,100369,480736,3,0.5750000000000001,,,1.8632478632478633,0.7266666666666667,2.0,,,1.15
1520,346,7,125.0,100369,480736,4,0.45375,,,1.7944664031620554,0.5675,2.002754820936639,,,0.90875
1521,909,5,5.0,351365,3358417,4,0.46125000000000005,,,1.7388059701492538,0.5825,2.002710027100271,,,0.92375
1522,909,5,7.1,351365,3358417,2,0.39749999999999996,,,1.8446601941747574,0.475,2.0,,,0.795
1523,909,5,10.2,351365,3358417,1,0.635,,,1.6989247311827957,0.79,2.0078740157480315,,,1.275
1524,909,5,14.6,351365,3358417,4,0.49125,,,1.8339222614840989,0.64875,2.0127226463104324,,,0.98875
1525,909,5,20.9,351365,3358417,7,0.47285714285714286,,,1.8717391304347826,0.615,2.013595166163142,,,0.9521428571428572
1526,909,5,29.9,351365,3358417,3,0.3566666666666667,,,1.8866666666666667,0.4716666666666667,2.0,,,0.7133333333333334
1527,909,5,42.7,351365,3358417,2,0.605,,,1.9520958083832336,0.815,2.0082644628099175,,,1.215
1528,909,5,61.0,351365,3358417,6,0.49500000000000005,0.3748125,0.61,1.9108433734939758,0.6608333333333334,2.006734006734007,2.0,2.012215737704918,0.9933333333333333
1529,909,5,87.4,351365,3358417,7,0.5085714285714286,,,1.7505154639175258,0.6064285714285714,2.002808988764045,,,1.0185714285714285
1530,909,5,125.0,351365,3358417,3,0.5733333333333334,,,1.7642276422764227,0.7233333333333334,2.005813953488372,,,1.15
1531,518,7,5.0,713907,6816403,4,0.4575,,,1.7595419847328244,0.57625,2.0027322404371586,,,0.91625
1532,518,7,7.1,713907,6816403,3,0.35333333333333333,,,1.674074074074074,0.37666666666666665,2.0047169811320753,,,0.7083333333333334
1533,518,7,10.2,713907,6816403,7,0.4714285714285714,,,1.8377777777777777,0.5907142857142857,2.0106060606060607,,,0.9478571428571428
1534,518,7,14.6,713907,6816403,3,0.38666666666666666,,,1.7712418300653594,0.45166666666666666,2.0043103448275863,,,0.775
1535,518,7,20.9,713907,6816403,7,0.5042857142857143,0.415,0.5982000000000002,1.7917525773195877,0.6207142857142857,2.002832861189802,2.0,2.0054222446359806,1.01
1536,518,7,29.9,713907,6816403,2,0.445,,,1.6615384615384616,0.54,2.0,,,0.89
1537,518,7,42.7,713907,6816403,2,0.44,,,1.7583333333333333,0.5275,2.0113636363636362,,,0.885
1538,518,7,61.0,713907,6816403,2,0.415,,,1.8521739130434782,0.5325,2.0060240963855422,,,0.8325
1539,518,7,87.4,713907,6816403,5,0.534,0.46665624999999994,0.607075,1.865546218487395,0.666,2.0,2.0,2.0,1.068
1540,518,7,125.0,713907,6816403,4,0.51125,,,1.7978339350180506,0.6225,2.002444987775061,,,1.02375
1541,611,3,5.0,406565,4495167,5,0.381,,,1.7346153846153847,0.451,2.010498687664042,,,0.766
1542,611,3,7.1,406565,4495167,2,0.365,,,1.7647058823529411,0.45,2.0,,,0.73
1543,611,3,10.2,406565,4495167,7,0.5471428571428572,0.39489583333333333,0.65265625,1.7969924812030076,0.6828571428571428,2.0013054830287205,2.0,2.0036496350364965,1.095
1544,611,3,14.6,406565,4495167,8,0.37500000000000006,0.27388541666666666,0.5007343750000001,1.7191283292978208,0.44375,2.006666666666667,2.0013369388974227,2.0136892181612445,0.7525
1545,611,3,20.9,406565,4495167,2,0.36,,,1.5666666666666667,0.3525,2.0069444444444446,,,0.7225
1546,611,3,29.9,406565,4495167,4,0.50375,,,1.7328244274809161,0.5675,2.002481389578164,,,1.00875
1547,611,3,42.7,406565,4495167,4,0.46125,,,1.7301587301587302,0.545,2.010840108401084,,,0.9275
1548,611,3,61.0,406565,4495167,3,0.4283333333333333,,,1.755813953488372,0.5033333333333333,2.0038910505836576,,,0.8583333333333333
1549,611,3,87.4,406565,4495167,3,0.425,,,1.7696629213483146,0.525,2.0,,,0.85
1550,611,3,125.0,406565,4495167,3,0.34,,,1.6879432624113475,0.39666666666666667,2.0,,,0.68
1551,985,8,5.0,870460,3389597,4,0.565,,,1.8675496688741722,0.705,2.0088495575221237,,,1.135
1552,985,8,7.1,870460,3389597,5,0.481,0.38666071428571436,0.5549999999999999,1.8996763754045307,0.587,2.006237006237006,2.0,2.013186873168808,0.965
1553,985,8,10.2,870460,3389597,2,0.405,,,1.9528301886792452,0.5175,2.0,,,0.81
1554,985,8,14.6,870460,3389597,6,0.45500000000000007,,,1.7362637362637363,0.5266666666666666,2.0054945054945055,,,0.9125
1555,985,8,20.9,870460,3389597,2,0.5800000000000001,,,1.9230769230769231,0.75,2.0043103448275863,,,1.1625
1556,985,8,29.9,870460,3389597,3,0.3833333333333333,,,1.757396449704142,0.495,2.0043478260869567,,,0.7683333333333333
1557,985,8,42.7,870460,3389597,5,0.5509999999999999,0.4445833333333334,0.66928125,1.848137535816619,0.645,2.0054446460980038,2.0,2.0103432252894207,1.105
1558,985,8,61.0,870460,3389597,6,0.45916666666666667,0.3028385416666667,0.6129625000000001,1.7974025974025973,0.5766666666666667,2.0036297640653356,2.0,2.00709219858156,0.92
1559,985,8,87.4,870460,3389597,4,0.47000000000000003,,,1.7813765182186234,0.55,2.00531914893617,,,0.9425
1560,985,8,125.0,870460,3389597,3,0.37833333333333335,,,1.8859060402684564,0.4683333333333333,2.0,,,0.7566666666666667
1561,462,8,5.0,1130029,2254688,5,0.5569999999999999,0.45999999999999996,0.6275,1.8469656992084433,0.7,2.0,2.0,2.0,1.114
1562,462,8,7.1,1130029,2254688,5,0.515,,,1.8174157303370786,0.647,2.0019417475728156,,,1.031
1563,462,8,10.2,1130029,2254688,4,0.47500000000000003,,,1.8267716535433072,0.58,2.0,,,0.95
1564,462,8,14.6,1130029,2254688,5,0.477,,,1.9253246753246753,0.593,2.0020964360587,,,0.955
1565,462,8,20.9,1130029,2254688,2,0.3675,,,1.7640449438202248,0.3925,2.0,,,0.735
1566,462,8,29.9,1130029,2254688,4,0.36750000000000005,,,1.7607655502392345,0.46,2.0,,,0.735
1567,462,8,42.7,1130029,2254688,3,0.43999999999999995,,,1.9740932642487046,0.635,2.0,,,0.88
1568,462,8,61.0,1130029,2254688,4,0.47,,,1.8088235294117647,0.615,2.002659574468085,,,0.94125
1569,462,8,87.4,1130029,2254688,6,0.36666666666666664,,,1.8122866894197953,0.4425,2.0022727272727274,,,0.7341666666666666
1570,462,8,125.0,1130029,2254688,6,0.46166666666666667,0.3620535714285715,0.575625,1.8686327077747988,0.5808333333333333,2.0,2.0,2.0,0.9233333333333333
1571,920,3,5.0,571111,1262197,2,0.5125,,,1.7777777777777777,0.68,2.0048780487804883,,,1.0275
1572,920,3,7.1,571111,1262197,2,0.4425,,,1.7796610169491525,0.525,2.005649717514124,,,0.8875
1573,920,3,10.2,571111,1262197,8,0.44312500000000005,0.31296874999999996,0.56625,1.7722567287784678,0.535,2.008462623413258,2.0,2.0142178753616657,0.89
1574,920,3,14.6,571111,1262197,6,0.40166666666666667,,,1.7165109034267914,0.45916666666666667,2.008298755186722,,,0.8066666666666666
1575,920,3,20.9,571111,1262197,3,0.43,,,1.7177914110429449,0.4666666666666667,2.003875968992248,,,0.8616666666666667
1576,920,3,29.9,571111,1262197,5,0.44399999999999995,0.3574791666666666,0.5626250000000002,1.8014440433212997,0.499,2.0112612612612613,2.003921130952381,2.0209402712571722,0.893
1577,920,3,42.7,571111,1262197,5,0.572,,,1.772609819121447,0.686,2.0052447552447554,,,1.147
1578,920,3,61.0,571111,1262197,2,0.4575,,,1.8782608695652174,0.54,2.0054644808743167,,,0.9175
1579,920,3,87.4,571111,1262197,5,0.406,,,1.7318840579710144,0.478,2.0049261083743843,,,0.814
1580,920,3,125.0,571111,1262197,5,0.495,,,1.8006430868167203,0.56,2.014141414141414,,,0.997
1581,875,3,5.0,284969,1642034,5,0.525,,,1.7595628415300546,0.644,2.0038095238095237,,,1.052
1582,875,3,7.1,284969,1642034,3,0.6316666666666667,,,1.7647058823529411,0.75,2.0026385224274406,,,1.265
1583,875,3,10.2,284969,1642034,3,0.54,,,1.7685185185185186,0.6366666666666667,2.003086419753086,,,1.0816666666666668
1584,875,3,14.6,284969,1642034,3,0.3,,,1.6538461538461537,0.35833333333333334,2.0,,,0.6
1585,875,3,20.9,284969,1642034,3,0.375,,,1.725,0.46,2.0,,,0.75
1586,875,3,29.9,284969,1642034,4,0.48750000000000004,,,1.7991803278688525,0.54875,2.0076923076923077,,,0.97875
1587,875,3,42.7,284969,1642034,6,0.38333333333333336,0.3083125,0.44330000000000014,1.7491749174917492,0.44166666666666665,2.002173913043478,2.0,2.006756756756757,0.7675
1588,875,3,61.0,284969,1642034,3,0.5083333333333333,,,1.7475728155339805,0.6,2.0065573770491802,,,1.02
1589,875,3,87.4,284969,1642034,6,0.39916666666666667,,,1.7401315789473684,0.44083333333333335,2.008350730688935,,,0.8016666666666666
1590,875,3,125.0,284969,1642034,4,0.3925,,,1.6751269035532994,0.4125,2.0031847133757963,,,0.78625
1591,624,3,5.0,680674,7660642,5,0.44699999999999995,,,1.705521472392638,0.556,2.004474272930649,,,0.896
1592,624,3,7.1,680674,7660642,4,0.495,,,1.7110266159695817,0.5625,2.005050505050505,,,0.9925
1593,624,3,10.2,680674,7660642,6,0.4433333333333333,0.36848863636363643,0.5226041666666668,1.7465181058495822,0.5225,2.005639097744361,2.0,2.015151515151515,0.8891666666666667
1595,624,3,20.9,680674,7660642,5,0.491,,,1.8173076923076923,0.567,2.0040733197556007,,,0.984
1596,624,3,29.9,680674,7660642,4,0.41874999999999996,,,1.6603773584905661,0.44,2.011940298507463,,,0.8425
1597,624,3,42.7,680674,7660642,2,0.6174999999999999,,,1.7358490566037736,0.69,2.0,,,1.235
1598,624,3,61.0,680674,7660642,3,0.5800000000000001,,,1.852813852813853,0.7133333333333334,2.0028735632183907,,,1.1616666666666666
1599,624,3,87.4,680674,7660642,2,0.5025,,,1.7832167832167831,0.6375,2.014925373134328,,,1.0125
1600,624,3,125.0,680674,7660642,7,0.48142857142857143,0.40871875,0.5685208333333334,1.7029478458049887,0.5364285714285715,2.0044510385756675,2.0,2.00834375,0.965
1601,685,4,5.0,779169,3347481,5,0.453,,,1.7841269841269842,0.562,2.0022075055187636,,,0.907
1602,685,4,7.1,779169,3347481,4,0.55,,,1.9059233449477353,0.68375,2.0045454545454544,,,1.1025
1603,685,4,10.2,779169,3347481,3,0.4766666666666666,,,1.8404907975460123,0.5,2.0104895104895104,,,0.9583333333333334
1604,685,4,14.6,779169,3347481,5,0.5469999999999999,,,1.9005376344086022,0.707,2.003656307129799,,,1.096
1605,685,4,20.9,779169,3347481,4,0.4375,,,1.793991416309013,0.5225,2.0028571428571427,,,0.87625
1606,685,4,29.9,779169,3347481,4,0.44125000000000003,0.4000000000000001,0.46671874999999996,1.8373983739837398,0.565,2.0056657223796033,2.0,2.0113636363636362,0.885
1607,685,4,42.7,779169,3347481,6,0.435,,,1.8426666666666667,0.5758333333333333,2.007662835249042,,,0.8733333333333333
1608,685,4,61.0,779169,3347481,3,0.5650000000000001,,,1.7188940092165899,0.6216666666666667,2.005899705014749,,,1.1333333333333333
1609,685,4,87.4,779169,3347481,5,0.5660000000000001,,,1.8522427440633245,0.702,2.0035335689045937,,,1.134
1610,685,4,125.0,779169,3347481,4,0.36,,,1.8274111675126903,0.45,2.0,,,0.72
1611,915,3,5.0,68533,7042491,5,0.699,,,2.1232032854209444,1.034,2.0257510729613735,,,1.416
1612,915,3,7.1,68533,7042491,6,0.5833333333333334,0.47693750000000007,0.7202083333333333,1.9579646017699115,0.7375,2.0185714285714287,2.0075139772508197,2.0272714480068803,1.1775
1613,915,3,10.2,68533,7042491,3,0.445,,,1.7317073170731707,0.47333333333333333,2.0037453183520597,,,0.8916666666666667
1614,915,3,14.6,68533,7042491,2,0.6525,,,1.7379679144385027,0.8125,2.0,,,1.305
1615,915,3,20.9,68533,7042491,1,0.345,,,1.6666666666666667,0.425,2.0144927536231885,,,0.695
1616,915,3,29.9,68533,7042491,5,0.5229999999999999,,,1.7241379310344827,0.65,2.0133843212237093,,,1.053
1617,915,3,42.7,68533,7042491,5,0.445,,,1.770967741935484,0.549,2.002247191011236,,,0.891
1618,915,3,61.0,68533,7042491,6,0.49500000000000005,0.40871875,0.5752750000000001,1.724705882352941,0.6108333333333333,2.006734006734007,2.0,2.011403580718798,0.9933333333333333
1619,915,3,87.4,68533,7042491,2,0.405,,,1.744,0.545,2.0185185185185186,,,0.8175
1620,915,3,125.0,68533,7042491,3,0.36166666666666664,,,1.657718120805369,0.4116666666666667,2.0046082949308754,,,0.725
1621,168,7,5.0,599707,4109857,5,0.48,,,1.8932926829268293,0.621,2.00625,,,0.963
1622,168,7,7.1,599707,4109857,3,0.5083333333333333,,,1.91,0.6366666666666667,2.0131147540983605,,,1.0233333333333334
1623,168,7,10.2,599707,4109857,3,0.5016666666666667,,,1.9634703196347032,0.7166666666666667,2.006644518272425,,,1.0066666666666666
1624,168,7,14.6,599707,4109857,6,0.3808333333333333,,,1.7598684210526316,0.44583333333333336,2.0,,,0.7616666666666667
1625,168,7,20.9,599707,4109857,5,0.445,,,1.875,0.585,2.004494382022472,,,0.892
1626,168,7,29.9,599707,4109857,4,0.46875000000000006,,,1.971774193548387,0.61125,2.008,,,0.94125
1627,168,7,42.7,599707,4109857,2,0.4925,,,1.806201550387597,0.5825,2.0,,,0.985
1628,168,7,61.0,599707,4109857,2,0.4325,,,1.782258064516129,0.5525,2.005780346820809,,,0.8675
1629,168,7,87.4,599707,4109857,3,0.5283333333333333,,,1.8796296296296295,0.6766666666666666,2.0,,,1.0566666666666666
1630,168,7,125.0,599707,4109857,4,0.58625,,,1.9014925373134328,0.79625,2.002132196162047,,,1.17375
1631,851,5,5.0,272177,3577978,4,0.385,,,1.897196261682243,0.5075,2.0064935064935066,,,0.7725
1632,851,5,7.1,272177,3577978,1,0.61,,,2.0224719101123596,0.9,2.0,,,1.22
1633,851,5,10.2,272177,3577978,6,0.3358333333333334,0.262,0.42363839285714283,1.8181818181818181,0.43333333333333335,2.0049627791563274,2.0,2.0086580086580086,0.6733333333333333
1634,851,5,14.6,272177,3577978,4,0.50375,,,1.7832699619771863,0.58625,2.002481389578164,,,1.00875
1635,851,5,20.9,272177,3577978,3,0.385,,,1.8238993710691824,0.48333333333333334,2.0043290043290045,,,0.7716666666666666
1636,851,5,29.9,272177,3577978,3,0.5066666666666666,,,1.8125,0.6283333333333333,2.0032894736842106,,,1.015
1637,851,5,42.7,272177,3577978,3,0.45500000000000007,,,2.0,0.63,2.0036630036630036,,,0.9116666666666666
1638,851,5,61.0,272177,3577978,9,0.45333333333333337,0.3817781250000001,0.5330083333333334,1.9376114081996434,0.6038888888888889,2.0,2.0,2.0,0.9066666666666666
1639,851,5,87.4,272177,3577978,3,0.5616666666666666,,,1.8944954128440368,0.6883333333333334,2.0118694362017804,,,1.13
1640,851,5,125.0,272177,3577978,3,0.4483333333333334,,,1.924731182795699,0.5966666666666667,2.0111524163568775,,,0.9016666666666666
1641,764,7,5.0,907441,5095093,4,0.375,,,1.8767123287671232,0.51375,2.01,,,0.75375
1642,764,7,7.1,907441,5095093,7,0.5271428571428571,0.37556249999999997,0.651225,1.7911025145067698,0.6614285714285715,2.002710027100271,2.0,2.00664300273636,1.0557142857142856
1643,764,7,10.2,907441,5095093,3,0.2916666666666667,,,1.6935483870967742,0.35,2.005714285714286,,,0.585
1644,764,7,14.6,907441,5095093,6,0.4175,,,1.800561797752809,0.5341666666666667,2.0099800399201597,,,0.8391666666666666
1645,764,7,20.9,907441,5095093,4,0.42124999999999996,,,1.7953488372093023,0.4825,2.0089020771513355,,,0.84625
1646,764,7,29.9,907441,5095093,3,0.4533333333333333,,,1.6808510638297873,0.5266666666666666,2.0036764705882355,,,0.9083333333333333
1647,764,7,42.7,907441,5095093,4,0.3825,,,1.8372093023255813,0.49375,2.0,,,0.765
1648,764,7,61.0,907441,5095093,1,0.5,,,2.028985507246377,0.7,2.01,,,1.005
1649,764,7,87.4,907441,5095093,4,0.4725,,,1.878228782287823,0.63625,2.002645502645503,,,0.94625
1650,764,7,125.0,907441,5095093,4,0.5725,,,1.8987730061349692,0.77375,2.0087336244541483,,,1.15
1651,713,5,5.0,970048,7440745,6,0.43333333333333335,0.34162499999999996,0.5150714285714286,1.912536443148688,0.5466666666666666,2.0076923076923077,2.0,2.012800751879699,0.87
1652,713,5,7.1,970048,7440745,3,0.4366666666666667,,,1.8489583333333333,0.5916666666666667,2.015267175572519,,,0.88
1653,713,5,10.2,970048,7440745,2,0.4225,,,1.8403361344537814,0.5475,2.0059171597633134,,,0.8475
1654,713,5,14.6,970048,7440745,4,0.4975,,,1.9025270758122743,0.65875,2.0,,,0.995
1655,713,5,20.9,970048,7440745,3,0.38666666666666666,,,1.8869047619047619,0.5283333333333333,2.0129310344827585,,,0.7783333333333333
1656,713,5,29.9,970048,7440745,10,0.5245,0.4582678571428571,0.58878125,1.8852005532503457,0.6815,2.0066730219256437,2.002193229757702,2.010452542954152,1.0525
1657,713,5,42.7,970048,7440745,7,0.4878571428571429,0.38423958333333336,0.5742875000000001,1.8233995584988962,0.59,2.0087847730600292,2.0009259259259258,2.017517231422268,0.98
1658,713,5,61.0,970048,7440745,3,0.38833333333333336,,,1.6928104575163399,0.43166666666666664,2.0085836909871246,,,0.78
1659,713,5,87.4,970048,7440745,6,0.44416666666666665,,,1.8201634877384196,0.5566666666666666,2.0018761726078798,,,0.8891666666666667
1660,713,5,125.0,970048,7440745,3,0.5983333333333334,,,1.8702928870292888,0.745,2.0055710306406684,,,1.2
1661,126,6,5.0,1041769,851521,6,0.5075,0.4309541666666666,0.575,1.8525798525798525,0.6283333333333333,2.0032840722495897,2.0,2.0096973365617434,1.0166666666666666
1662,126,6,7.1,1041769,851521,6,0.5033333333333333,,,1.9408983451536643,0.6841666666666667,2.006622516556291,,,1.01
1663,126,6,10.2,1041769,851521,3,0.5333333333333333,,,1.8061674008810573,0.6833333333333333,2.00625,,,1.07
1664,126,6,14.6,1041769,851521,3,0.47333333333333333,,,1.9010416666666667,0.6083333333333333,2.0,,,0.9466666666666667
1666,126,6,29.9,1041769,851521,2,0.48250000000000004,,,1.7272727272727273,0.57,2.005181347150259,,,0.9675
1667,126,6,42.7,1041769,851521,4,0.505,,,1.8763636363636365,0.645,2.0024752475247523,,,1.01125
1668,126,6,61.0,1041769,851521,2,0.515,,,1.7348484848484849,0.5725,2.004854368932039,,,1.0325
1669,126,6,87.4,1041769,851521,3,0.54,,,1.8630705394190872,0.7483333333333333,2.003086419753086,,,1.0816666666666668
1670,126,6,125.0,1041769,851521,2,0.5900000000000001,,,1.9464285714285714,0.8175,2.0084745762711864,,,1.185
1671,75,4,5.0,667815,6648498,6,0.5316666666666667,0.3899375,0.6134499999999999,1.7434782608695651,0.6683333333333333,2.010971786833856,2.0043128767474667,2.0222331116919023,1.0691666666666666
1672,75,4,7.1,667815,6648498,3,0.5616666666666666,,,1.798283261802575,0.6983333333333334,2.0029673590504453,,,1.125
1673,75,4,10.2,667815,6648498,4,0.52,,,1.8288590604026846,0.68125,2.016826923076923,,,1.04875
1674,75,4,14.6,667815,6648498,3,0.5283333333333333,,,1.8365384615384615,0.6366666666666667,2.003154574132492,,,1.0583333333333333
1675,75,4,20.9,667815,6648498,6,0.5458333333333333,0.42333333333333334,0.6436666666666668,1.8325688073394495,0.6658333333333334,2.0106870229007634,2.007796280678054,2.014055412988153,1.0975
1676,75,4,29.9,667815,6648498,3,0.47666666666666674,,,1.8737373737373737,0.6183333333333333,2.006993006993007,,,0.9566666666666667
1677,75,4,42.7,667815,6648498,5,0.476,,,1.8610271903323263,0.616,2.0063025210084033,,,0.955
1678,75,4,61.0,667815,6648498,5,0.449,,,1.7884615384615385,0.558,2.0066815144766146,,,0.901
1679,75,4,87.4,667815,6648498,9,0.5038888888888889,0.4140463286713287,0.5829607142857143,1.810641627543036,0.6427777777777778,2.0055126791620728,2.0012684240362812,2.0090130786415443,1.0105555555555557
1680,75,4,125.0,667815,6648498,3,0.5266666666666667,,,1.8101851851851851,0.6516666666666666,2.0063291139240507,,,1.0566666666666666
1681,548,5,5.0,473239,390126,3,0.38166666666666665,,,1.8209876543209877,0.49166666666666664,2.004366812227074,,,0.765
1682,548,5,7.1,473239,390126,5,0.44000000000000006,,,1.8417508417508417,0.547,2.006818181818182,,,0.883
1683,548,5,10.2,473239,390126,4,0.585,,,1.814569536423841,0.685,2.0064102564102564,,,1.17375
1684,548,5,14.6,473239,390126,5,0.48100000000000004,,,1.8603896103896105,0.573,2.0,,,0.962
1685,548,5,20.9,473239,390126,3,0.46666666666666673,,,1.8518518518518519,0.5833333333333334,2.007142857142857,,,0.9366666666666666
1686,548,5,29.9,473239,390126,3,0.4666666666666666,,,1.7853403141361257,0.5683333333333334,2.0,,,0.9333333333333333
1687,548,5,42.7,473239,390126,4,0.48500000000000004,,,1.9552845528455285,0.60125,2.0051546391752577,,,0.9725
1688,548,5,61.0,473239,390126,1,0.315,,,1.6470588235294117,0.28,2.0,,,0.63
1689,548,5,87.4,473239,390126,4,0.52875,,,1.8469750889679715,0.64875,2.00709219858156,,,1.06125
1692,310,3,7.1,1066981,2945118,6,0.435,0.354925,0.5038526785714287,1.8059701492537314,0.5041666666666667,2.007662835249042,2.0,2.0135424412094065,0.8733333333333333
1693,310,3,10.2,1066981,2945118,3,0.37833333333333335,,,1.75,0.42,2.0,,,0.7566666666666667
1694,310,3,14.6,1066981,2945118,3,0.5583333333333335,,,1.7695652173913043,0.6783333333333333,2.002985074626866,,,1.1183333333333334
1695,310,3,20.9,1066981,2945118,5,0.4779999999999999,,,1.8150470219435737,0.579,2.00418410041841,,,0.958
1696,310,3,29.9,1066981,2945118,6,0.47750000000000004,0.37809375000000006,0.5835758928571431,1.7875647668393781,0.575,2.0017452006980805,2.0,2.0037593984962405,0.9558333333333333
1697,310,3,42.7,1066981,2945118,4,0.41625,,,1.7592592592592593,0.475,2.003003003003003,,,0.83375
1698,310,3,61.0,1066981,2945118,2,0.33499999999999996,,,1.6938775510204083,0.415,2.0074626865671643,,,0.6725
1699,310,3,87.4,1066981,2945118,1,0.625,,,1.6746987951807228,0.695,2.0,,,1.25
1700,310,3,125.0,1066981,2945118,2,0.315,,,1.6705882352941177,0.355,2.007936507936508,,,0.6325
1701,780,3,5.0,820024,5229994,3,0.43333333333333335,,,1.7671957671957672,0.5566666666666666,2.0115384615384615,,,0.8716666666666667
1702,780,3,7.1,820024,5229994,3,0.37833333333333335,,,1.794871794871795,0.4666666666666667,2.004405286343612,,,0.7583333333333333
1703,780,3,10.2,820024,5229994,3,0.57,,,1.6733067729083666,0.7,2.002923976608187,,,1.1416666666666666
1704,780,3,14.6,820024,5229994,3,0.3116666666666667,,,1.6695652173913043,0.32,2.0,,,0.6233333333333333
1705,780,3,20.9,820024,5229994,6,0.4108333333333334,,,1.6377245508982037,0.4558333333333333,2.004056795131846,,,0.8233333333333334
1706,780,3,29.9,820024,5229994,2,0.6525000000000001,,,1.8333333333333333,0.7975,2.0114942528735633,,,1.3125
1707,780,3,42.7,820024,5229994,6,0.4958333333333333,0.37978125,0.605,1.7696078431372548,0.6016666666666667,2.0050420168067227,2.0,2.011111111111111,0.9941666666666666
1708,780,3,61.0,820024,5229994,2,0.5975,,,1.8310810810810811,0.6775,2.0,,,1.195
1709,780,3,87.4,820024,5229994,5,0.489,,,1.777049180327869,0.542,2.0102249488752557,,,0.983
1710,780,3,125.0,820024,5229994,4,0.49124999999999996,,,1.735632183908046,0.56625,2.0076335877862594,,,0.98625
1711,254,3,5.0,881963,3516523,6,0.3825,0.30600000000000005,0.44793154761904763,1.7588424437299035,0.4558333333333333,2.0043572984749454,2.0,2.0100281491907106,0.7666666666666667
1712,254,3,7.1,881963,3516523,5,0.445,0.3549583333333333,0.5425,1.7142857142857142,0.492,2.002247191011236,2.0,2.0071812596006144,0.891
1713,254,3,10.2,881963,3516523,4,0.5599999999999999,,,1.7338129496402879,0.6025,2.0089285714285716,,,1.125
1714,254,3,14.6,881963,3516523,4,0.56875,,,1.7679180887372015,0.6475,2.0065934065934066,,,1.14125
1715,254,3,20.9,881963,3516523,2,0.575,,,1.91156462585034,0.7025,2.008695652173913,,,1.155
1716,254,3,29.9,881963,3516523,5,0.4720000000000001,,,1.7097791798107256,0.542,2.0042372881355934,,,0.946
1717,254,3,42.7,881963,3516523,3,0.36000000000000004,,,1.7430555555555556,0.41833333333333333,2.0,,,0.72
1718,254,3,61.0,881963,3516523,4,0.42875,,,1.8053097345132743,0.51,2.011661807580175,,,0.8625
1719,254,3,87.4,881963,3516523,2,0.5875,,,1.7407407407407407,0.705,2.008510638297872,,,1.18
1720,254,3,125.0,881963,3516523,3,0.45,,,1.7361963190184049,0.4716666666666667,2.0037037037037035,,,0.9016666666666666
1721,54,7,5.0,643603,3716644,3,0.4333333333333333,,,1.868421052631579,0.5916666666666667,2.0,,,0.8666666666666667
1722,54,7,7.1,643603,3716644,4,0.5025,,,1.7802197802197801,0.6075,2.0024875621890548,,,1.00625
1723,54,7,10.2,643603,3716644,4,0.4774999999999999,,,1.8059701492537314,0.605,2.0026178010471205,,,0.95625
1724,54,7,14.6,643603,3716644,4,0.515,,,1.75,0.60375,2.0,,,1.03
1725,54,7,20.9,643603,3716644,2,0.51,,,1.900763358778626,0.6225,2.0049019607843137,,,1.0225
1726,54,7,29.9,643603,3716644,3,0.5416666666666666,,,1.9215686274509804,0.6533333333333333,2.0,,,1.0833333333333333
1727,54,7,42.7,643603,3716644,6,0.5366666666666666,0.3948750000000001,0.6760285714285714,1.7742663656884876,0.655,2.001552795031056,2.0,2.004696261682243,1.0741666666666667
1728,54,7,61.0,643603,3716644,4,0.4175,,,1.7889908256880733,0.4875,2.002994011976048,,,0.83625
1729,54,7,87.4,643603,3716644,5,0.599,,,1.8676844783715012,0.734,2.0,,,1.198
1730,54,7,125.0,643603,3716644,1,0.41,,,1.6290322580645162,0.505,2.0,,,0.82
1731,69,3,5.0,78209,5252486,7,0.5528571428571429,0.43554166666666666,0.6709583333333334,1.9092592592592592,0.7364285714285714,2.0219638242894056,2.015121167396697,2.029295400636753,1.1178571428571429
1732,69,3,7.1,78209,5252486,5,0.543,,,1.8383084577114428,0.739,2.005524861878453,,,1.089
1733,69,3,10.2,78209,5252486,6,0.52,0.41650000000000004,0.610175,1.7796208530805686,0.6258333333333334,2.0128205128205128,2.005770098441345,2.022953696107921,1.0466666666666666
1734,69,3,14.6,78209,5252486,4,0.5924999999999999,,,1.8328267477203648,0.75375,2.0042194092827006,,,1.1875
1735,69,3,20.9,78209,5252486,3,0.4716666666666667,,,1.7277227722772277,0.5816666666666667,2.0070671378091873,,,0.9466666666666667
1736,69,3,29.9,78209,5252486,5,0.437,,,1.6721854304635762,0.505,2.002288329519451,,,0.875
1737,69,3,42.7,78209,5252486,3,0.5933333333333334,,,1.8512396694214877,0.7466666666666667,2.008426966292135,,,1.1916666666666667
1738,69,3,61.0,78209,5252486,6,0.5358333333333333,0.4229040178571428,0.6091875000000001,1.7734553775743707,0.6458333333333334,2.001555209953344,2.0,2.0047169811320753,1.0725
1739,69,3,87.4,78209,5252486,4,0.40125,,,1.7129186602870814,0.4475,2.0062305295950154,,,0.805
1740,69,3,125.0,78209,5252486,3,0.545,,,1.7272727272727273,0.6016666666666667,2.0122324159021407,,,1.0966666666666667
1741,800,5,5.0,1126653,2224583,4,0.56125,,,1.8427672955974843,0.7325,2.0066815144766146,,,1.12625
1742,800,5,7.1,1126653,2224583,7,0.48928571428571427,0.34358125,0.6174999999999999,1.9006342494714588,0.6421428571428571,2.0087591240875913,2.0025062656641603,2.0215686274509803,0.9828571428571429
1743,800,5,10.2,1126653,2224583,2,0.46499999999999997,,,2.033333333333333,0.61,2.0,,,0.93
1744,800,5,14.6,1126653,2224583,5,0.5289999999999999,,,1.8892045454545454,0.665,2.003780718336484,,,1.06
1745,800,5,20.9,1126653,2224583,5,0.47800000000000004,,,1.7737003058103975,0.58,2.002092050209205,,,0.957
1746,800,5,29.9,1126653,2224583,5,0.477,0.35491666666666666,0.58525,1.7867867867867868,0.595,2.0020964360587,2.0,2.005899705014749,0.955
1747,800,5,42.7,1126653,2224583,5,0.442,,,1.9111842105263157,0.581,2.004524886877828,,,0.886
1748,800,5,61.0,1126653,2224583,6,0.46916666666666657,,,1.7775,0.5925,2.0,,,0.9383333333333334
1749,800,5,87.4,1126653,2224583,5,0.506,,,1.8629737609329446,0.639,2.0039525691699605,,,1.014
1750,800,5,125.0,1126653,2224583,6,0.49333333333333335,0.374953125,0.5975625,1.8181818181818181,0.6,2.008445945945946,2.0,2.0149800362704298,0.9908333333333333
1751,970,6,5.0,495295,4276973,2,0.3825,,,1.7570093457943925,0.47,2.0065359477124183,,,0.7675
1752,970,6,7.1,495295,4276973,7,0.4107142857142857,0.30615625,0.5025124999999999,1.7936507936507937,0.48428571428571426,2.0034782608695654,2.0,2.0075240401674823,0.8228571428571428
1753,970,6,10.2,495295,4276973,1,0.61,,,1.6533333333333333,0.62,2.0,,,1.22
1754,970,6,14.6,495295,4276973,4,0.45125,,,1.819672131147541,0.555,2.0,,,0.9025
1755,970,6,20.9,495295,4276973,3,0.5033333333333333,,,1.89247311827957,0.5866666666666667,2.0,,,1.0066666666666666
1756,970,6,29.9,495295,4276973,1,0.435,,,1.7118644067796611,0.505,2.0114942528735633,,,0.875
1757,970,6,42.7,495295,4276973,5,0.513,0.4365833333333334,0.6,1.8181818181818181,0.6,2.0,2.0,2.0,1.026
1758,970,6,61.0,495295,4276973,4,0.55,,,1.88,0.705,2.0,,,1.1
1759,970,6,87.4,495295,4276973,2,0.46,,,1.7480314960629921,0.555,2.0,,,0.92
1760,970,6,125.0,495295,4276973,3,0.6033333333333334,,,1.836,0.765,2.0,,,1.2066666666666668
1761,231,5,5.0,1004855,6681273,5,0.41100000000000003,0.37994999999999995,0.44768750000000007,1.8191489361702127,0.513,2.0,2.0,2.0,0.822
1762,231,5,7.1,1004855,6681273,4,0.47625,,,1.7854545454545454,0.61375,2.0026246719160103,,,0.95375
1763,231,5,10.2,1004855,6681273,1,0.67,,,1.7755102040816326,0.87,2.014925373134328,,,1.35
1764,231,5,14.6,1004855,6681273,6,0.5516666666666666,,,1.8413043478260869,0.7058333333333333,2.004531722054381,,,1.1058333333333332
1765,231,5,20.9,1004855,6681273,7,0.4664285714285715,0.3474196428571429,0.5801805555555555,1.751111111111111,0.5628571428571428,2.001531393568147,2.0,2.0064102564102564,0.9335714285714286
1766,231,5,29.9,1004855,6681273,3,0.37166666666666665,,,1.7702702702702702,0.43666666666666665,2.0,,,0.7433333333333333
1767,231,5,42.7,1004855,6681273,7,0.44642857142857134,0.355975,0.5408416666666668,1.8395061728395061,0.5321428571428571,2.0064,2.0,2.0123556666984976,0.8957142857142857
1768,231,5,61.0,1004855,6681273,4,0.52,,,1.8194945848375452,0.63,2.0048076923076925,,,1.0425
1769,231,5,87.4,1004855,6681273,2,0.6325000000000001,,,1.9441340782122905,0.87,2.0118577075098814,,,1.2725
1770,231,5,125.0,1004855,6681273,3,0.535,,,1.756218905472637,0.5883333333333334,2.0031152647975077,,,1.0716666666666668
1771,147,5,5.0,253111,2951164,7,0.49571428571428583,,,1.8404907975460123,0.6428571428571429,2.005763688760807,,,0.9942857142857143
1772,147,5,7.1,253111,2951164,4,0.38,,,1.7934272300469483,0.4775,2.0,,,0.76
1773,147,5,10.2,253111,2951164,2,0.3775,,,1.7407407407407407,0.47,2.006622516556291,,,0.7575
1774,147,5,14.6,253111,2951164,7,0.5371428571428571,,,1.784046692607004,0.655,2.0039893617021276,,,1.0764285714285715
1775,147,5,20.9,253111,2951164,4,0.4725,,,1.9523809523809523,0.56375,2.015873015873016,,,0.9525
1776,147,5,29.9,253111,2951164,7,0.5092857142857142,0.4388687500000001,0.5750208333333333,1.887966804979253,0.65,2.0042075736325384,2.0,2.008953826530612,1.0207142857142857
1777,147,5,42.7,253111,2951164,7,0.4607142857142857,0.36865625,0.5583273809523809,1.8506787330316743,0.5842857142857143,2.0046511627906978,2.0,2.010544050804979,0.9235714285714286
1778,147,5,61.0,253111,2951164,4,0.54125,,,1.7705479452054795,0.64625,2.004618937644342,,,1.085
1779,147,5,87.4,253111,2951164,3,0.38000000000000006,,,1.837837837837838,0.4533333333333333,2.008771929824561,,,0.7633333333333333
1780,147,5,125.0,253111,2951164,8,0.44375,0.33991666666666664,0.5286,1.731868131868132,0.4925,2.0042253521126763,2.0,2.0088204334365325,0.889375
1781,508,7,5.0,977045,406031,4,0.4325,,,1.849785407725322,0.53875,2.008670520231214,,,0.86875
1782,508,7,7.1,977045,406031,3,0.465,,,1.718232044198895,0.5183333333333333,2.010752688172043,,,0.935
1783,508,7,10.2,977045,406031,5,0.48199999999999993,0.3822916666666667,0.553625,1.8209876543209877,0.59,2.008298755186722,2.0,2.0155191631655662,0.968
1784,508,7,14.6,977045,406031,7,0.4664285714285715,0.36059226190476196,0.550046875,1.7960526315789473,0.585,2.006125574272588,2.0,2.0153846153846153,0.9357142857142857
1785,508,7,20.9,977045,406031,4,0.42124999999999996,0.325,0.57,1.8680851063829786,0.54875,2.0029673590504453,2.0,2.00906124497992,0.84375
1786,508,7,29.9,977045,406031,4,0.5087499999999999,,,1.7849462365591398,0.6225,2.004914004914005,,,1.02
1787,508,7,42.7,977045,406031,4,0.5025000000000001,,,1.8161764705882353,0.6175,2.0049751243781095,,,1.0075
1788,508,7,61.0,977045,406031,7,0.5578571428571428,0.47815,0.6501458333333334,1.8449612403100775,0.68,2.00640204865557,2.0010472610096675,2.011703168141517,1.1192857142857142
1789,508,7,87.4,977045,406031,5,0.515,,,1.804093567251462,0.617,2.0058252427184464,,,1.033
1790,508,7,125.0,977045,406031,6,0.42250000000000004,,,1.8477011494252873,0.5358333333333334,2.0059171597633134,,,0.8475
1791,46,2,5.0,862152,5853360,3,0.7416666666666666,,,1.6014492753623188,0.7366666666666667,2.004494382022472,,,1.4866666666666666
1792,46,2,7.1,862152,5853360,4,0.7012499999999999,,,1.6371681415929205,0.69375,2.0053475935828877,,,1.40625
1793,46,2,10.2,862152,5853360,5,0.6050000000000001,,,1.5722379603399435,0.555,2.0049586776859503,,,1.213
1794,46,2,14.6,862152,5853360,6,0.6766666666666667,,,1.6074380165289257,0.6483333333333333,2.0049261083743843,,,1.3566666666666667
1795,46,2,20.9,862152,5853360,5,0.5880000000000001,,,1.5698924731182795,0.584,2.001700680272109,,,1.177
1796,46,2,29.9,862152,5853360,2,0.6675,,,1.528301886792453,0.6075,2.00749063670412,,,1.34
1797,46,2,42.7,862152,5853360,6,0.6891666666666666,,,1.5206611570247934,0.6133333333333333,2.0024183796856105,,,1.38
1798,46,2,61.0,862152,5853360,2,0.63,,,1.64,0.615,2.003968253968254,,,1.2625
1799,46,2,87.4,862152,5853360,2,0.6575,,,1.481203007518797,0.4925,2.0,,,1.315
1800,46,2,125.0,862152,5853360,4,0.62625,,,1.5132450331125828,0.57125,2.0,,,1.2525
1801,535,5,5.0,577090,6729326,7,0.4928571428571428,0.354875,0.6163124999999999,1.846311475409836,0.6435714285714286,2.0,2.0,2.0,0.9857142857142858
1802,535,5,7.1,577090,6729326,3,0.47,,,1.7378640776699028,0.5966666666666667,2.017730496453901,,,0.9483333333333334
1803,535,5,10.2,577090,6729326,5,0.4720000000000001,0.357925,0.56646875,1.9053627760252365,0.604,2.0021186440677967,2.0,2.0068112244897955,0.945
1804,535,5,14.6,577090,6729326,4,0.485,,,1.7938931297709924,0.5875,2.002577319587629,,,0.97125
1805,535,5,20.9,577090,6729326,6,0.40666666666666673,,,1.8159509202453987,0.49333333333333335,2.0061475409836067,,,0.8158333333333333
1806,535,5,29.9,577090,6729326,4,0.47875,,,1.8527131782945736,0.5975,2.0,,,0.9575
1807,535,5,42.7,577090,6729326,5,0.521,0.3745625,0.5883333333333333,1.8621621621621622,0.689,2.001919385796545,2.0,2.005698005698006,1.043
1808,535,5,61.0,577090,6729326,5,0.48600000000000004,,,1.8454258675078865,0.585,2.0041152263374484,,,0.974
1809,535,5,87.4,577090,6729326,3,0.48333333333333334,,,1.9193548387096775,0.595,2.0,,,0.9666666666666667
1810,535,5,125.0,577090,6729326,7,0.4857142857142857,,,1.9183673469387754,0.6042857142857143,2.0088235294117647,,,0.9757142857142858
1811,736,4,5.0,514199,4710516,4,0.61625,,,1.7587209302325582,0.75625,2.0,,,1.2325
1812,736,4,7.1,514199,4710516,3,0.43166666666666664,,,1.9184782608695652,0.5883333333333334,2.011583011583012,,,0.8683333333333333
1813,736,4,10.2,514199,4710516,3,0.5366666666666667,,,1.8141592920353982,0.6833333333333333,2.0062111801242235,,,1.0766666666666667
1814,736,4,14.6,514199,4710516,1,0.385,,,1.803921568627451,0.46,2.0,,,0.77
1815,736,4,20.9,514199,4710516,4,0.5275000000000001,,,1.7642857142857142,0.6175,2.0071090047393363,,,1.05875
1816,736,4,29.9,514199,4710516,5,0.48999999999999994,,,1.9147058823529413,0.651,2.0020408163265304,,,0.981
1817,736,4,42.7,514199,4710516,8,0.51375,0.42493749999999997,0.5843928571428572,1.8280701754385964,0.65125,2.004866180048662,2.001256313131313,2.009869979097808,1.03
1818,736,4,61.0,514199,4710516,5,0.4539999999999999,,,1.8286604361370717,0.587,2.0066079295154187,,,0.911
1819,736,4,87.4,514199,4710516,4,0.47125000000000006,,,1.832,0.5725,2.0,,,0.9425
1820,736,4,125.0,514199,4710516,4,0.3575,,,1.7715736040609138,0.43625,2.0,,,0.715
1821,374,7,5.0,1155673,6010507,6,0.44250000000000006,0.34390000000000004,0.5210166666666667,1.826470588235294,0.5175,2.0,2.0,2.0,0.885
1822,374,7,7.1,1155673,6010507,5,0.44000000000000006,,,1.9144736842105263,0.582,2.0,,,0.88
1823,374,7,10.2,1155673,6010507,3,0.43500000000000005,,,1.6783625730994152,0.47833333333333333,2.003831417624521,,,0.8716666666666667
1824,374,7,14.6,1155673,6010507,4,0.3975,,,1.7339449541284404,0.4725,2.00314465408805,,,0.79625
1825,374,7,20.9,1155673,6010507,4,0.47,,,1.7695167286245352,0.595,2.002659574468085,,,0.94125
1826,374,7,29.9,1155673,6010507,5,0.42699999999999994,,,1.7625899280575539,0.49,2.002341920374707,,,0.855
1827,374,7,42.7,1155673,6010507,3,0.48500000000000004,,,1.8385416666666667,0.5883333333333334,2.0,,,0.97
1828,374,7,61.0,1155673,6010507,9,0.5122222222222221,0.4423303571428572,0.5961,1.8128161888701517,0.5972222222222222,2.0,2.0,2.0,1.0244444444444445
1829,374,7,87.4,1155673,6010507,4,0.40375,,,1.723809523809524,0.4525,2.003095975232198,,,0.80875
1830,374,7,125.0,1155673,6010507,3,0.5233333333333333,,,1.8454106280193237,0.6366666666666667,2.0031847133757963,,,1.0483333333333333
1831,364,4,5.0,200318,2192063,4,0.505,,,1.8286713286713288,0.65375,2.007425742574257,,,1.01375
1832,364,4,7.1,200318,2192063,7,0.5035714285714286,0.40553125,0.6113214285714288,1.7677824267782427,0.6035714285714285,2.0042553191489363,2.0,2.011239221322185,1.0092857142857143
1833,364,4,10.2,200318,2192063,3,0.37999999999999995,,,1.900662251655629,0.47833333333333333,2.004385964912281,,,0.7616666666666667
1834,364,4,14.6,200318,2192063,4,0.56,,,1.8013468013468013,0.66875,2.0066964285714284,,,1.12375
1835,364,4,20.9,200318,2192063,4,0.49500000000000005,,,1.8,0.6075,2.005050505050505,,,0.9925
1836,364,4,29.9,200318,2192063,4,0.505,,,1.8303886925795052,0.6475,2.0,,,1.01
1837,364,4,42.7,200318,2192063,2,0.605,,,1.7409638554216869,0.7225,2.0041322314049586,,,1.2125
1838,364,4,61.0,200318,2192063,2,0.45499999999999996,,,1.8981481481481481,0.5125,2.0054945054945055,,,0.9125
1839,364,4,87.4,200318,2192063,4,0.45249999999999996,,,1.8644067796610169,0.55,2.0082872928176796,,,0.90875
1840,364,4,125.0,200318,2192063,5,0.538,,,1.794871794871795,0.63,2.0111524163568775,,,1.082
1841,571,6,5.0,1058443,3020113,3,0.55,,,1.8143459915611815,0.7166666666666667,2.003030303030303,,,1.1016666666666666
1842,571,6,7.1,1058443,3020113,4,0.56375,,,1.8501628664495113,0.71,2.0066518847006654,,,1.13125
1843,571,6,10.2,1058443,3020113,6,0.42916666666666664,0.37495,0.48405625,1.913888888888889,0.5741666666666667,2.0058252427184464,2.0,2.011764705882353,0.8608333333333333
1844,571,6,14.6,1058443,3020113,5,0.5780000000000001,0.48,0.6900833333333333,1.8296296296296297,0.741,2.0051903114186853,2.0,2.009304028420782,1.159
1845,571,6,20.9,1058443,3020113,3,0.5966666666666667,,,1.8835341365461848,0.7816666666666666,2.0027932960893855,,,1.195
1847,571,6,42.7,1058443,3020113,4,0.5874999999999999,,,1.8707692307692307,0.76,2.0042553191489363,,,1.1775
1848,571,6,61.0,1058443,3020113,3,0.5199999999999999,,,1.8341232227488151,0.645,2.003205128205128,,,1.0416666666666667
1849,571,6,87.4,1058443,3020113,5,0.48900000000000005,,,1.9525222551928783,0.658,2.002044989775051,,,0.979
1850,571,6,125.0,1058443,3020113,2,0.565,,,1.9403973509933774,0.7325,2.0132743362831858,,,1.1375
1851,411,7,5.0,179544,6266571,7,0.46642857142857147,0.365,0.5827625000000001,1.8217391304347825,0.5985714285714285,2.006125574272588,2.0021383116883116,2.010869565217391,0.9357142857142857
1853,411,7,10.2,179544,6266571,7,0.4678571428571429,0.379925,0.5510062499999999,1.8106904231625836,0.5807142857142857,2.0,2.0,2.0,0.9357142857142857
1854,411,7,14.6,179544,6266571,4,0.4275,,,1.8771186440677967,0.55375,2.002923976608187,,,0.85625
1855,411,7,20.9,179544,6266571,3,0.35333333333333333,,,1.7985074626865671,0.40166666666666667,2.0,,,0.7066666666666667
1856,411,7,29.9,179544,6266571,3,0.34500000000000003,,,1.7692307692307692,0.4216666666666667,2.004830917874396,,,0.6916666666666667
1857,411,7,42.7,179544,6266571,5,0.609,,,1.8274231678486998,0.773,2.0016420361247946,,,1.219
1858,411,7,61.0,179544,6266571,1,0.655,,,1.7326732673267327,0.875,2.0076335877862594,,,1.315
1859,411,7,87.4,179544,6266571,3,0.43,,,1.7526881720430108,0.5433333333333333,2.0,,,0.86
1860,411,7,125.0,179544,6266571,5,0.489,,,1.8327759197324414,0.548,2.002044989775051,,,0.979
1861,94,5,5.0,324157,1923230,4,0.5575,,,1.7460815047021943,0.69625,2.004484304932735,,,1.1175
1862,94,5,7.1,324157,1923230,4,0.42,,,1.7974137931034482,0.52125,2.005952380952381,,,0.8425
1863,94,5,10.2,324157,1923230,4,0.5075000000000001,,,1.7048611111111112,0.61375,2.002463054187192,,,1.01625
1864,94,5,14.6,324157,1923230,4,0.475,,,1.802325581395349,0.58125,2.0052631578947366,,,0.9525
1865,94,5,20.9,324157,1923230,4,0.5025000000000001,,,1.9191176470588236,0.6525,2.009950248756219,,,1.01
1866,94,5,29.9,324157,1923230,4,0.43999999999999995,,,1.798283261802575,0.52375,2.002840909090909,,,0.88125
1867,94,5,42.7,324157,1923230,4,0.52,,,1.7942238267148014,0.62125,2.0,,,1.04
1868,94,5,61.0,324157,1923230,4,0.54,,,1.8395904436860069,0.67375,2.002314814814815,,,1.08125
1869,94,5,87.4,324157,1923230,4,0.39749999999999996,,,1.7363636363636363,0.4775,2.006289308176101,,,0.7975
1870,94,5,125.0,324157,1923230,4,0.5800000000000001,,,1.892063492063492,0.745,2.0043103448275863,,,1.1625
1871,174,3,5.0,434845,4955019,2,0.5625,,,1.75,0.7175,2.008888888888889,,,1.13
1872,174,3,7.1,434845,4955019,3,0.4883333333333333,,,1.75,0.5366666666666666,2.0034129692832763,,,0.9783333333333334
1873,174,3,10.2,434845,4955019,3,0.5716666666666667,,,1.7860262008733625,0.6816666666666666,2.0058309037900877,,,1.1466666666666667
1874,174,3,14.6,434845,4955019,2,0.4575,,,1.5905511811023623,0.505,2.0054644808743167,,,0.9175
1875,174,3,20.9,434845,4955019,7,0.44214285714285717,0.3588642857142857,0.53584375,1.7590361445783131,0.5214285714285715,2.0064620355411953,2.0,2.013449186199509,0.8871428571428571
1876,174,3,29.9,434845,4955019,2,0.5575,,,1.62987012987013,0.6275,2.008968609865471,,,1.12
1877,174,3,42.7,434845,4955019,3,0.5399999999999999,,,1.697674418604651,0.6083333333333333,2.003086419753086,,,1.0816666666666668
1878,174,3,61.0,434845,4955019,2,0.5575,,,1.6870748299319729,0.62,2.0,,,1.115
1879,174,3,87.4,434845,4955019,3,0.5733333333333334,,,1.7623318385650224,0.655,2.0,,,1.1466666666666667
1880,174,3,125.0,434845,4955019,3,0.4883333333333333,,,1.8095238095238095,0.57,2.006825938566553,,,0.98
1881,517,2,5.0,532901,1432144,4,0.51125,,,1.6747967479674797,0.515,2.0611246943765282,,,1.05375
1882,517,2,7.1,532901,1432144,7,0.6078571428571428,0.5249285714285714,0.68175,1.6385767790262171,0.625,2.0376028202115157,2.0260735505767693,2.0501615522954975,1.2385714285714287
1883,517,2,10.2,532901,1432144,5,0.601,,,1.5567282321899736,0.59,2.021630615640599,,,1.215
1884,517,2,14.6,532901,1432144,4,0.57125,,,1.6413793103448275,0.595,2.010940919037199,,,1.14875
1885,517,2,20.9,532901,1432144,3,0.4633333333333334,,,1.5434782608695652,0.47333333333333333,2.0071942446043165,,,0.93
1886,517,2,29.9,532901,1432144,6,0.5241666666666666,0.42435,0.6714333333333334,1.5801526717557253,0.5175,2.0063593004769475,2.002527677737762,2.0111737618124175,1.0516666666666667
1887,517,2,42.7,532901,1432144,6,0.6150000000000001,0.45785000000000003,0.7400416666666666,1.5477272727272726,0.5675,2.0121951219512195,2.005697962075729,2.0162009569944166,1.2375
1888,517,2,61.0,532901,1432144,5,0.5740000000000001,,,1.5198863636363635,0.535,2.0034843205574915,,,1.15
1889,517,2,87.4,532901,1432144,4,0.605,,,1.5214285714285714,0.5325,2.0041322314049586,,,1.2125
1890,517,2,125.0,532901,1432144,4,0.6025,,,1.5323741007194245,0.5325,2.0,,,1.205
1891,996,8,5.0,366934,5387618,3,0.505,,,1.78743961352657,0.6166666666666667,2.0,,,1.01
1892,996,8,7.1,366934,5387618,3,0.2816666666666667,,,1.72,0.35833333333333334,2.0177514792899407,,,0.5683333333333334
1893,996,8,10.2,366934,5387618,3,0.4383333333333333,,,1.8297872340425532,0.5733333333333334,2.0,,,0.8766666666666667
1894,996,8,14.6,366934,5387618,2,0.645,,,1.8238636363636365,0.8025,2.003875968992248,,,1.2925
1895,996,8,20.9,366934,5387618,6,0.5724999999999999,0.4618875,0.651,1.8165938864628821,0.6933333333333334,2.002911208151383,2.0,2.0059592549096363,1.1466666666666667
1896,996,8,29.9,366934,5387618,4,0.5237499999999999,,,1.8115942028985508,0.625,2.0047732696897373,,,1.05
1897,996,8,42.7,366934,5387618,5,0.40800000000000003,0.26999999999999996,0.5016666666666667,1.8892857142857142,0.529,2.0049019607843137,2.0,2.014336917562724,0.818
1898,996,8,61.0,366934,5387618,2,0.49,,,2.0948905109489053,0.7175,2.0,,,0.98
1899,996,8,87.4,366934,5387618,5,0.461,,,1.8095238095238095,0.57,2.0065075921908893,,,0.925
1900,996,8,125.0,366934,5387618,4,0.51,,,1.7986798679867986,0.68125,2.0122549019607843,,,1.02625
1901,187,2,5.0,843589,1052878,3,0.6883333333333334,,,1.5,0.645,2.0072639225181597,,,1.3816666666666666
1902,187,2,7.1,843589,1052878,6,0.6491666666666667,,,1.532544378698225,0.6475,2.001283697047497,,,1.2991666666666666
1903,187,2,10.2,843589,1052878,3,0.6066666666666667,,,1.5751072961373391,0.6116666666666667,2.0,,,1.2133333333333334
1904,187,2,14.6,843589,1052878,7,0.6014285714285714,,,1.496078431372549,0.545,2.005938242280285,,,1.2064285714285714
1905,187,2,20.9,843589,1052878,3,0.6433333333333333,,,1.5518672199170125,0.6233333333333333,2.0,,,1.2866666666666666
1906,187,2,29.9,843589,1052878,4,0.6125,,,1.5591397849462365,0.54375,2.0,,,1.225
1907,187,2,42.7,843589,1052878,3,0.5833333333333334,,,1.5,0.49,2.0,,,1.1666666666666667
1908,187,2,61.0,843589,1052878,2,0.55,,,1.537313432835821,0.515,2.0,,,1.1
1909,187,2,87.4,843589,1052878,4,0.6075,,,1.5551601423487544,0.54625,2.0,,,1.215
1910,187,2,125.0,843589,1052878,6,0.6033333333333334,0.52496875,0.652544642857143,1.5024271844660195,0.5158333333333334,2.001381215469613,2.0,2.0043956043956044,1.2075
1911,732,3,5.0,173782,4804568,5,0.45600000000000007,0.35060416666666666,0.5742291666666667,1.774480712166172,0.598,2.0065789473684212,2.0,2.013333333333333,0.915
1912,732,3,7.1,173782,4804568,5,0.382,,,1.7588652482269505,0.496,2.0,,,0.764
1913,732,3,10.2,173782,4804568,3,0.42166666666666663,,,1.670520231213873,0.4816666666666667,2.0039525691699605,,,0.845
1914,732,3,14.6,173782,4804568,5,0.506,,,1.8384401114206128,0.66,2.0098814229249014,,,1.017
1915,732,3,20.9,173782,4804568,4,0.4125,,,1.7955555555555556,0.505,2.006060606060606,,,0.8275
1916,732,3,29.9,173782,4804568,5,0.556,,,1.7686567164179106,0.711,2.0071942446043165,,,1.116
1917,732,3,42.7,173782,4804568,2,0.5325,,,1.7608695652173914,0.6075,2.0,,,1.065
1918,732,3,61.0,173782,4804568,5,0.438,,,1.7313915857605178,0.535,2.006849315068493,,,0.879
1919,732,3,87.4,173782,4804568,5,0.409,,,1.8829787234042554,0.531,2.0097799511002443,,,0.822
1920,732,3,125.0,173782,4804568,5,0.398,,,1.7765151515151516,0.469,2.0025125628140703,,,0.797
1921,191,6,5.0,698641,5345873,4,0.57375,,,1.8693009118541033,0.76875,2.0043572984749454,,,1.15
1922,191,6,7.1,698641,5345873,4,0.515,,,1.8271186440677967,0.67375,2.0,,,1.03
1923,191,6,10.2,698641,5345873,5,0.517,,,1.8130311614730878,0.64,2.001934235976789,,,1.035
1924,191,6,14.6,698641,5345873,5,0.4879999999999999,,,1.7521126760563381,0.622,2.002049180327869,,,0.977
1925,191,6,20.9,698641,5345873,2,0.5375,,,1.8571428571428572,0.6825,2.013953488372093,,,1.0825
1926,191,6,29.9,698641,5345873,5,0.57,,,1.7994652406417113,0.673,2.0035087719298246,,,1.142
1927,191,6,42.7,698641,5345873,5,0.492,0.3475,0.6117250000000001,1.870253164556962,0.591,2.002032520325203,2.0,2.0045112781954884,0.985
1928,191,6,61.0,698641,5345873,4,0.42,,,1.7322175732217573,0.5175,2.0029761904761907,,,0.84125
1929,191,6,87.4,698641,5345873,3,0.5616666666666666,,,1.8296943231441047,0.6983333333333334,2.0,,,1.1233333333333333
1930,191,6,125.0,698641,5345873,3,0.43166666666666664,,,1.905027932960894,0.5683333333333334,2.0,,,0.8633333333333333
1931,178,4,5.0,488054,4844989,3,0.4833333333333334,,,1.8461538461538463,0.64,2.003448275862069,,,0.9683333333333334
1932,178,4,7.1,488054,4844989,2,0.3475,,,1.8865979381443299,0.4575,2.0,,,0.695
1933,178,4,10.2,488054,4844989,4,0.4275,,,1.7974683544303798,0.5325,2.008771929824561,,,0.85875
1934,178,4,14.6,488054,4844989,4,0.46124999999999994,,,1.88,0.52875,2.005420054200542,,,0.925
1935,178,4,20.9,488054,4844989,7,0.43857142857142856,0.35989285714285724,0.539138392857143,1.826302729528536,0.5257142857142857,2.00814332247557,2.0012404580152667,2.0149154983852022,0.8807142857142857
1936,178,4,29.9,488054,4844989,5,0.509,,,1.8474114441416893,0.678,2.005893909626719,,,1.021
1937,178,4,42.7,488054,4844989,2,0.405,,,1.8508771929824561,0.5275,2.0185185185185186,,,0.8175
1938,178,4,61.0,488054,4844989,3,0.49,,,1.9005235602094241,0.605,2.0,,,0.98
1939,178,4,87.4,488054,4844989,5,0.503,,,1.834688346883469,0.677,2.00596421471173,,,1.009
1940,178,4,125.0,488054,4844989,5,0.522,0.38755,0.6230357142857144,1.8775510204081634,0.644,2.003831417624521,2.0,2.0077970704410792,1.046
1941,491,6,5.0,927779,6224225,3,0.5066666666666667,,,1.9732142857142858,0.7366666666666667,2.0098684210526314,,,1.0183333333333333
1942,491,6,7.1,927779,6224225,3,0.4216666666666667,,,1.9064327485380117,0.5433333333333333,2.0039525691699605,,,0.845
1943,491,6,10.2,927779,6224225,6,0.4566666666666667,0.3452791666666667,0.595,1.9293478260869565,0.5916666666666667,2.0054744525547443,2.0,2.017543859649123,0.9158333333333334
1944,491,6,14.6,927779,6224225,2,0.4425,,,1.8407079646017699,0.52,2.005649717514124,,,0.8875
1945,491,6,20.9,927779,6224225,2,0.6975,,,1.8629441624365481,0.9175,2.007168458781362,,,1.4
1946,491,6,29.9,927779,6224225,4,0.49124999999999996,0.3299464285714286,0.61903125,1.796,0.56125,2.0025445292620865,2.0,2.0098039215686274,0.98375
1947,491,6,42.7,927779,6224225,3,0.49499999999999994,,,1.9368932038834952,0.665,2.0,,,0.99
1948,491,6,61.0,927779,6224225,3,0.445,,,1.8323699421965318,0.5283333333333333,2.0037453183520597,,,0.8916666666666667
1949,491,6,87.4,927779,6224225,3,0.48833333333333334,,,1.8256410256410256,0.5933333333333334,2.0,,,0.9766666666666667
1950,491,6,125.0,927779,6224225,3,0.4583333333333333,,,1.854054054054054,0.5716666666666667,2.0036363636363634,,,0.9183333333333333
1951,580,6,5.0,167827,3249308,4,0.38749999999999996,,,1.7257383966244726,0.51125,2.003225806451613,,,0.77625
1952,580,6,7.1,167827,3249308,4,0.32125000000000004,,,1.7989417989417988,0.425,2.0,,,0.6425
1953,580,6,10.2,167827,3249308,4,0.395,,,1.7834101382488479,0.48375,2.0,,,0.79
1954,580,6,14.6,167827,3249308,2,0.4,,,1.7377049180327868,0.53,2.00625,,,0.8025
1955,580,6,20.9,167827,3249308,3,0.34833333333333333,,,1.804054054054054,0.445,2.0,,,0.6966666666666667
1956,580,6,29.9,167827,3249308,8,0.34125,0.27493749999999995,0.4159375,1.8138297872340425,0.42625,2.001831501831502,2.0,2.0093167701863357,0.683125
1957,580,6,42.7,167827,3249308,4,0.5025,,,1.9417808219178083,0.70875,2.0024875621890548,,,1.00625
1958,580,6,61.0,167827,3249308,3,0.48666666666666664,,,1.964824120603015,0.6516666666666666,2.0034246575342465,,,0.975
1959,580,6,87.4,167827,3249308,2,0.46249999999999997,,,1.9090909090909092,0.5775,2.0108108108108107,,,0.93
1960,580,6,125.0,167827,3249308,3,0.61,,,1.9829787234042553,0.7766666666666666,2.0054644808743167,,,1.2233333333333334
1961,88,4,5.0,465040,1419318,4,0.5625,,,1.8366013071895424,0.7025,2.0,,,1.125
1962,88,4,7.1,465040,1419318,6,0.5358333333333335,0.4174017857142857,0.6488645833333334,1.8069767441860465,0.6475,2.0031104199066876,2.0,2.007857076866223,1.0733333333333333
1963,88,4,10.2,465040,1419318,6,0.6141666666666666,0.5499375,0.6613854166666667,1.8205645161290323,0.7525,2.0081411126187247,2.002342611704711,2.0159454586432273,1.2333333333333334
1964,88,4,14.6,465040,1419318,6,0.4533333333333333,0.37325,0.56,1.7235772357723578,0.53,2.0018382352941178,2.0,2.004523809523809,0.9075
1965,88,4,20.9,465040,1419318,3,0.6016666666666667,,,1.879668049792531,0.755,2.0083102493074794,,,1.2083333333333333
1966,88,4,29.9,465040,1419318,2,0.5025,,,1.84,0.69,2.0199004975124377,,,1.015
1967,88,4,42.7,465040,1419318,4,0.47000000000000003,,,1.8423076923076922,0.59875,2.00531914893617,,,0.9425
1968,88,4,61.0,465040,1419318,4,0.4275,,,1.8251121076233183,0.50875,2.0,,,0.855
1969,88,4,87.4,465040,1419318,5,0.527,,,1.8599439775910365,0.664,2.0075901328273247,,,1.058
1971,482,5,5.0,336668,3768166,5,0.331,,,1.7933884297520661,0.434,2.0060422960725077,,,0.664
1972,482,5,7.1,336668,3768166,4,0.53125,,,1.8112582781456954,0.68375,2.0094117647058822,,,1.0675
1973,482,5,10.2,336668,3768166,3,0.5083333333333334,,,1.9109947643979057,0.6083333333333333,2.00327868852459,,,1.0183333333333333
1974,482,5,14.6,336668,3768166,3,0.43,,,1.8876404494382022,0.56,2.007751937984496,,,0.8633333333333333
1975,482,5,20.9,336668,3768166,3,0.5666666666666667,,,1.8384279475982532,0.7016666666666667,2.0058823529411764,,,1.1366666666666667
1976,482,5,29.9,336668,3768166,5,0.40099999999999997,,,1.8221343873517786,0.461,2.0049875311720697,,,0.804
1977,482,5,42.7,336668,3768166,5,0.5419999999999999,0.44983333333333336,0.6133333333333333,1.8520547945205479,0.676,2.003690036900369,2.0,2.008782874617737,1.086
1978,482,5,61.0,336668,3768166,7,0.45857142857142863,0.36642410714285717,0.5533333333333333,1.8278301886792452,0.5535714285714286,2.001557632398754,2.0,2.0069444444444446,0.9178571428571428
1979,482,5,87.4,336668,3768166,5,0.508,,,1.791044776119403,0.6,2.0039370078740157,,,1.018
1980,482,5,125.0,336668,3768166,6,0.5108333333333334,,,1.9661835748792271,0.6783333333333333,2.0032626427406197,,,1.0233333333333334
1981,682,2,5.0,148856,5776151,3,0.38833333333333336,,,21.938303341902312,14.223333333333333,2.278969957081545,,,0.885
1982,682,2,7.1,148856,5776151,3,0.47333333333333333,,,18.93421052631579,11.991666666666667,2.23943661971831,,,1.06
1983,682,2,10.2,148856,5776151,6,0.5633333333333334,0.4899642857142857,0.65003125,14.52562417871222,9.211666666666666,2.2381656804733727,2.1854337956024423,2.3299416401397237,1.2608333333333333
1984,682,2,14.6,148856,5776151,5,0.8099999999999999,,,9.238670694864048,6.116,2.217283950617284,,,1.796
1985,682,2,20.9,148856,5776151,3,0.7783333333333333,,,5.182080924855492,2.9883333333333333,2.2055674518201287,,,1.7166666666666666
1986,682,2,29.9,148856,5776151,3,0.7383333333333333,,,3.8580246913580245,2.0833333333333335,2.130925507900677,,,1.5733333333333333
1987,682,2,42.7,148856,5776151,2,0.7475,,,2.864734299516908,1.4825,2.076923076923077,,,1.5525
1988,682,2,61.0,148856,5776151,4,0.755,,,2.367541766109785,1.24,2.0860927152317883,,,1.575
1989,682,2,87.4,148856,5776151,4,0.675,,,1.9444444444444444,0.875,2.062962962962963,,,1.3925
1990,682,2,125.0,148856,5776151,3,0.6966666666666667,,,1.7790262172284643,0.7916666666666666,2.0669856459330145,,,1.44
1991,358,3,5.0,1040225,5729202,3,0.39666666666666667,,,1.7610062893081762,0.4666666666666667,2.0,,,0.7933333333333333
1992,358,3,7.1,1040225,5729202,5,0.47700000000000004,0.3516666666666666,0.5841968750000001,1.7138643067846608,0.581,2.0020964360587,2.0,2.0068965517241377,0.955
1993,358,3,10.2,1040225,5729202,9,0.4488888888888889,0.34995000000000004,0.5609375000000001,1.7220216606498195,0.53,2.006188118811881,2.0010092149565835,2.0099064509831686,0.9005555555555556
1994,358,3,14.6,1040225,5729202,5,0.534,,,1.7586206896551724,0.612,2.00187265917603,,,1.069
1995,358,3,20.9,1040225,5729202,3,0.5166666666666667,,,1.689119170984456,0.5433333333333333,2.0129032258064514,,,1.04
1996,358,3,29.9,1040225,5729202,5,0.40700000000000003,,,1.8421052631578947,0.49,2.0024570024570023,,,0.815
1997,358,3,42.7,1040225,5729202,4,0.52,,,1.6717557251908397,0.5475,2.0072115384615383,,,1.04375
1998,358,3,61.0,1040225,5729202,4,0.5087499999999999,,,1.7397769516728625,0.585,2.004914004914005,,,1.02
1999,358,3,87.4,1040225,5729202,4,0.47875,,,1.789272030651341,0.58375,2.0182767624020888,,,0.96625
2000,358,3,125.0,1040225,5729202,5,0.42700000000000005,,,1.7597173144876326,0.498,2.002341920374707,,,0.855
2001,697,7,5.0,203528,6190154,4,0.605,,,1.8983516483516483,0.86375,2.0082644628099175,,,1.215
2002,697,7,7.1,203528,6190154,2,0.425,,,1.8760330578512396,0.5675,2.0058823529411764,,,0.8525
2003,697,7,10.2,203528,6190154,6,0.41,,,1.8644986449864498,0.5733333333333334,2.0101626016260163,,,0.8241666666666667
2004,697,7,14.6,203528,6190154,5,0.44299999999999995,,,1.9012345679012346,0.616,2.0112866817155757,,,0.891
2005,697,7,20.9,203528,6190154,5,0.46399999999999997,0.3073125,0.61,1.7946428571428572,0.603,2.002155172413793,2.0,2.005481557377049,0.929
2006,697,7,29.9,203528,6190154,4,0.44375000000000003,,,1.7407407407407407,0.52875,2.0,,,0.8875
2007,697,7,42.7,203528,6190154,4,0.5399999999999999,,,1.8442028985507246,0.63625,2.013888888888889,,,1.0875
2008,697,7,61.0,203528,6190154,2,0.62,,,1.9176470588235295,0.815,2.0,,,1.24
2009,697,7,87.4,203528,6190154,4,0.525,,,1.9157894736842105,0.6825,2.007142857142857,,,1.05375
2010,697,7,125.0,203528,6190154,5,0.45999999999999996,,,1.7731629392971247,0.555,2.0043478260869567,,,0.922
2011,418,6,5.0,1182806,753016,6,0.3858333333333333,0.3224375,0.4667142857142858,1.8362369337979094,0.43916666666666665,2.0,2.0,2.0,0.7716666666666666
2012,418,6,7.1,1182806,753016,5,0.5190000000000001,,,1.8487394957983194,0.66,2.003853564547206,,,1.04
2013,418,6,10.2,1182806,753016,2,0.5225,,,1.8476821192052981,0.6975,2.0047846889952154,,,1.0475
2014,418,6,14.6,1182806,753016,4,0.59625,,,1.8242811501597445,0.71375,2.0041928721174003,,,1.195
2015,418,6,20.9,1182806,753016,4,0.42624999999999996,,,1.7639484978540771,0.51375,2.0087976539589443,,,0.85625
2016,418,6,29.9,1182806,753016,1,0.36,,,1.6851851851851851,0.455,2.0,,,0.72
2017,418,6,42.7,1182806,753016,4,0.45875,,,1.9271255060728745,0.595,2.010899182561308,,,0.9225
2018,418,6,61.0,1182806,753016,4,0.505,,,1.9211469534050178,0.67,2.004950495049505,,,1.0125
2019,418,6,87.4,1182806,753016,4,0.40125,,,1.7906976744186047,0.48125,2.0031152647975077,,,0.80375
2020,418,6,125.0,1182806,753016,3,0.41,,,1.709090909090909,0.47,2.0,,,0.82
2021,833,2,5.0,833179,1221269,1,0.51,,,1.532258064516129,0.475,2.019607843137255,,,1.03
2022,833,2,7.1,833179,1221269,5,0.564,0.45369791666666665,0.6625125,1.6085626911314985,0.526,2.0407801418439715,2.024889292268411,2.066146767065193,1.151
2023,833,2,10.2,833179,1221269,3,0.6333333333333333,,,1.5774058577405858,0.6283333333333333,2.0236842105263158,,,1.2816666666666667
2024,833,2,14.6,833179,1221269,8,0.585,0.51484375,0.6492767857142858,1.5460526315789473,0.5875,2.013888888888889,2.0047174730325734,2.0234569105691054,1.178125
2025,833,2,20.9,833179,1221269,5,0.5399999999999999,,,1.527536231884058,0.527,2.012962962962963,,,1.087
2026,833,2,29.9,833179,1221269,3,0.615,,,1.5844155844155845,0.61,2.0,,,1.23
2027,833,2,42.7,833179,1221269,5,0.5790000000000001,,,1.5698630136986302,0.573,2.005181347150259,,,1.161
2028,833,2,61.0,833179,1221269,3,0.5650000000000001,,,1.6542056074766356,0.59,2.0088495575221237,,,1.135
2029,833,2,87.4,833179,1221269,5,0.616,,,1.5331632653061225,0.601,2.0032467532467533,,,1.234
2030,833,2,125.0,833179,1221269,4,0.57375,,,1.5387323943661972,0.54625,2.002178649237473,,,1.14875
2031,601,6,5.0,492078,4305921,2,0.3025,,,1.735632183908046,0.3775,2.0,,,0.605
2032,601,6,7.1,492078,4305921,4,0.38750000000000007,,,1.8294930875576036,0.49625,2.003225806451613,,,0.77625
2033,601,6,10.2,492078,4305921,2,0.43,,,1.8833333333333333,0.565,2.005813953488372,,,0.8625
2034,601,6,14.6,492078,4305921,5,0.518,,,1.9416909620991254,0.666,2.003861003861004,,,1.038
2035,601,6,20.9,492078,4305921,4,0.5549999999999999,,,1.8271604938271604,0.74,2.0045045045045047,,,1.1125
2036,601,6,29.9,492078,4305921,4,0.46875,,,1.7870722433460076,0.5875,2.002666666666667,,,0.93875
2037,601,6,42.7,492078,4305921,5,0.46799999999999997,0.275,0.6026041666666667,1.7836065573770492,0.544,2.002136752136752,2.0,2.006107723577236,0.937
2038,601,6,61.0,492078,4305921,4,0.4325,,,1.7219730941704037,0.48,2.0028901734104045,,,0.86625
2039,601,6,87.4,492078,4305921,5,0.4710000000000001,,,1.8704819277108433,0.621,2.010615711252654,,,0.947
2040,601,6,125.0,492078,4305921,7,0.47500000000000003,0.36117708333333337,0.5780500000000001,1.7692307692307692,0.6078571428571429,2.0030075187969927,2.0,2.007984901277584,0.9514285714285714
2041,632,3,5.0,781390,2024723,6,0.4633333333333334,0.3348125,0.6051500000000001,1.7340425531914894,0.5433333333333333,2.0053956834532376,2.0,2.0128464818763327,0.9291666666666667
2042,632,3,7.1,781390,2024723,3,0.49666666666666665,,,1.7891891891891891,0.5516666666666666,2.0067114093959733,,,0.9966666666666667
2043,632,3,10.2,781390,2024723,4,0.48249999999999993,,,1.833976833976834,0.59375,2.005181347150259,,,0.9675
2044,632,3,14.6,781390,2024723,4,0.55375,,,1.7625899280575539,0.6125,2.00451467268623,,,1.11
2045,632,3,20.9,781390,2024723,7,0.4992857142857143,0.35887500000000006,0.6131,1.7636363636363637,0.5542857142857143,2.0028612303290414,2.0,2.004635568181818,1.0
2046,632,3,29.9,781390,2024723,4,0.39749999999999996,,,1.6163793103448276,0.46875,2.00314465408805,,,0.79625
2047,632,3,42.7,781390,2024723,3,0.42333333333333334,,,1.7039106145251397,0.5083333333333333,2.0,,,0.8466666666666667
2048,632,3,61.0,781390,2024723,7,0.4921428571428571,0.37903125,0.5852083333333333,1.8372591006423984,0.6128571428571429,2.0058055152394774,2.001864446713265,2.0109623918786905,0.9871428571428571
2049,632,3,87.4,781390,2024723,7,0.4035714285714286,0.33992500000000003,0.46321666666666667,1.6887052341597797,0.43785714285714283,2.0035398230088495,2.0,2.007508116883117,0.8085714285714286
2050,632,3,125.0,781390,2024723,5,0.483,0.3414500000000001,0.62,1.731629392971246,0.542,2.0062111801242235,2.0,2.0120650406504064,0.969
2051,436,8,5.0,378199,984646,3,0.4183333333333334,,,1.7588235294117647,0.49833333333333335,2.0,,,0.8366666666666667
2052,436,8,7.1,378199,984646,3,0.52,,,1.8878048780487804,0.645,2.0,,,1.04
2053,436,8,10.2,378199,984646,4,0.5175,,,1.9198606271777003,0.68875,2.0,,,1.035
2054,436,8,14.6,378199,984646,3,0.44999999999999996,,,1.7670454545454546,0.5183333333333333,2.0037037037037035,,,0.9016666666666666
2055,436,8,20.9,378199,984646,6,0.44083333333333335,,,1.8155844155844156,0.5825,2.0,,,0.8816666666666667
2056,436,8,29.9,378199,984646,4,0.5175000000000001,,,1.8854166666666667,0.67875,2.004830917874396,,,1.0375
2057,436,8,42.7,378199,984646,5,0.514,,,1.8441926345609065,0.651,2.0,,,1.028
2058,436,8,61.0,378199,984646,4,0.32125000000000004,,,1.7660818713450293,0.3775,2.0,,,0.6425
2059,436,8,87.4,378199,984646,2,0.565,,,1.6887417218543046,0.6375,2.004424778761062,,,1.1325
2060,436,8,125.0,378199,984646,2,0.5225,,,1.9791666666666667,0.7125,2.0,,,1.045
2061,790,7,5.0,78612,2654643,5,0.357,,,1.7591240875912408,0.482,2.0,,,0.714
2062,790,7,7.1,78612,2654643,2,0.2675,,,1.8194444444444444,0.3275,2.0093457943925235,,,0.5375
2063,790,7,10.2,78612,2654643,4,0.5087499999999999,,,1.9036544850498338,0.71625,2.0098280098280097,,,1.0225
2064,790,7,14.6,78612,2654643,5,0.442,0.254875,0.6426041666666668,1.8316498316498318,0.544,2.006787330316742,2.0,2.0156615137573266,0.887
2065,790,7,20.9,78612,2654643,4,0.5437500000000001,,,1.8711864406779661,0.69,2.013793103448276,,,1.095
2066,790,7,29.9,78612,2654643,4,0.60875,0.51,0.6467499999999999,1.8695652173913044,0.7525,2.0,2.0,2.0,1.2175
2067,790,7,42.7,78612,2654643,4,0.44875000000000004,,,1.8299595141700404,0.565,2.011142061281337,,,0.9025
2068,790,7,61.0,78612,2654643,6,0.5166666666666667,,,1.9108910891089108,0.6433333333333333,2.003225806451613,,,1.035
2069,790,7,87.4,78612,2654643,3,0.4483333333333333,,,1.7377049180327868,0.53,2.007434944237918,,,0.9
2070,790,7,125.0,78612,2654643,3,0.36166666666666664,,,1.8057553956834533,0.41833333333333333,2.0092165898617513,,,0.7266666666666667
2071,319,6,5.0,808579,4735585,4,0.44,,,1.7276422764227641,0.53125,2.0,,,0.88
2072,319,6,7.1,808579,4735585,1,0.605,,,1.9625,0.785,2.024793388429752,,,1.225
2073,319,6,10.2,808579,4735585,6,0.4758333333333334,0.4281250000000001,0.5270125,1.8265306122448979,0.5966666666666667,2.003502626970228,2.0,2.009093851132686,0.9533333333333334
2074,319,6,14.6,808579,4735585,5,0.49800000000000005,,,1.903225806451613,0.649,2.002008032128514,,,0.997
2075,319,6,20.9,808579,4735585,7,0.5285714285714286,0.42247321428571427,0.6062937500000001,1.906374501992032,0.6835714285714286,2.004054054054054,2.0,2.0073648794142978,1.0592857142857144
2076,319,6,29.9,808579,4735585,7,0.4521428571428571,0.377925,0.5590000000000002,1.8153153153153154,0.5757142857142857,2.006319115323855,2.0,2.012337533774615,0.9071428571428571
2077,319,6,42.7,808579,4735585,6,0.52,,,1.8094170403587444,0.6725,2.0064102564102564,,,1.0433333333333332
2078,319,6,61.0,808579,4735585,3,0.425,,,1.8066298342541436,0.545,2.007843137254902,,,0.8533333333333334
2079,319,6,87.4,808579,4735585,6,0.4891666666666666,0.394975,0.57878125,1.8756613756613756,0.5908333333333333,2.0051107325383306,2.0,2.0107288200760776,0.9808333333333333
2080,319,6,125.0,808579,4735585,6,0.5216666666666666,0.348125,0.6650416666666668,1.723112128146453,0.6275,2.0,2.0,2.0,1.0433333333333332
2081,512,4,5.0,687763,6345894,5,0.442,,,1.786833855799373,0.57,2.01131221719457,,,0.889
2082,512,4,7.1,687763,6345894,4,0.5125,,,1.866412213740458,0.61125,2.0097560975609756,,,1.03
2083,512,4,10.2,687763,6345894,4,0.4,,,1.811659192825112,0.505,2.0125,,,0.805
2084,512,4,14.6,687763,6345894,8,0.5237499999999999,0.4175653409090909,0.6175208333333334,1.8458781362007168,0.64375,2.009546539379475,2.003654102789441,2.0174871101361305,1.0525
2085,512,4,20.9,687763,6345894,2,0.6174999999999999,,,1.8841463414634145,0.7725,2.0080971659919027,,,1.24
2086,512,4,29.9,687763,6345894,3,0.3983333333333334,,,1.8709677419354838,0.58,2.00836820083682,,,0.8
2087,512,4,42.7,687763,6345894,6,0.535,0.43045312499999994,0.617952380952381,1.8242009132420092,0.6658333333333334,2.001557632398754,2.0,2.0056179775280896,1.0708333333333333
2088,512,4,61.0,687763,6345894,3,0.4483333333333333,,,1.8797814207650274,0.5733333333333334,2.0185873605947955,,,0.905
2089,512,4,87.4,687763,6345894,7,0.45357142857142857,0.36051041666666667,0.5410204545454546,1.757847533632287,0.56,2.0062992125984254,2.0,2.0094569067296337,0.91
2090,512,4,125.0,687763,6345894,4,0.40499999999999997,,,1.7533632286995515,0.48875,2.006172839506173,,,0.8125
2091,454,4,5.0,326607,1373017,5,0.542,,,1.862258953168044,0.676,2.0129151291512914,,,1.091
2092,454,4,7.1,326607,1373017,2,0.3125,,,1.8333333333333333,0.385,2.0,,,0.625
2093,454,4,10.2,326607,1373017,5,0.533,,,1.8216216216216217,0.674,2.0018761726078798,,,1.067
2094,454,4,14.6,326607,1373017,4,0.48625,,,1.8155737704918034,0.55375,2.0,,,0.9725
2095,454,4,20.9,326607,1373017,6,0.49750000000000005,0.41625,0.6053750000000001,1.7862232779097387,0.6266666666666667,2.006700167504188,2.0,2.0168463553412206,0.9983333333333333
2096,454,4,29.9,326607,1373017,2,0.3925,,,1.6732673267326732,0.4225,2.0,,,0.785
2097,454,4,42.7,326607,1373017,6,0.5191666666666667,,,1.8055555555555556,0.65,2.009630818619583,,,1.0433333333333332
2098,454,4,61.0,326607,1373017,7,0.41571428571428565,0.31654166666666667,0.520175,1.794344473007712,0.49857142857142855,2.0017182130584192,2.0,2.006418053777209,0.8321428571428572
2099,454,4,87.4,326607,1373017,5,0.4,0.27706250000000004,0.54,1.8636363636363635,0.492,2.0075,2.0,2.014432514706487,0.803
2100,454,4,125.0,326607,1373017,4,0.41500000000000004,,,1.8421052631578947,0.525,2.0060240963855422,,,0.8325
2101,235,7,5.0,801870,7204118,2,0.61,,,1.9567567567567568,0.905,2.0040983606557377,,,1.2225
2102,235,7,7.1,801870,7204118,5,0.43000000000000005,,,1.7624113475177305,0.497,2.0023255813953487,,,0.861
2103,235,7,10.2,801870,7204118,6,0.48666666666666664,0.4139,0.5535500000000002,1.8241469816272966,0.5791666666666667,2.0034246575342465,2.0,2.007674186179326,0.975
2104,235,7,14.6,801870,7204118,1,0.615,,,1.89247311827957,0.88,2.0,,,1.23
2105,235,7,20.9,801870,7204118,4,0.49375,,,1.9328063241106719,0.61125,2.0,,,0.9875
2106,235,7,29.9,801870,7204118,4,0.38625,,,1.8866995073891626,0.47875,2.0,,,0.7725
2107,235,7,42.7,801870,7204118,4,0.5175,,,1.8925925925925926,0.63875,2.002415458937198,,,1.03625
2108,235,7,61.0,801870,7204118,5,0.514,,,1.85752688172043,0.691,2.0038910505836576,,,1.03
2109,235,7,87.4,801870,7204118,6,0.44916666666666666,0.34325,0.5450357142857142,1.872628726287263,0.5758333333333333,2.0018552875695734,2.0,2.004331896551724,0.8991666666666667
2110,235,7,125.0,801870,7204118,6,0.5141666666666667,,,1.8818181818181818,0.69,2.0,,,1.0283333333333333
2111,664,5,5.0,442214,2069828,3,0.465,,,1.7524752475247525,0.59,2.007168458781362,,,0.9333333333333333
2112,664,5,7.1,442214,2069828,5,0.546,,,1.8527918781725887,0.73,2.0073260073260073,,,1.096
2113,664,5,10.2,442214,2069828,5,0.34500000000000003,,,1.8114035087719298,0.413,2.0057971014492755,,,0.692
2114,664,5,14.6,442214,2069828,2,0.6675,,,1.949748743718593,0.97,2.00749063670412,,,1.34
2115,664,5,20.9,442214,2069828,3,0.62,,,1.8095238095238095,0.76,2.013440860215054,,,1.2483333333333333
2116,664,5,29.9,442214,2069828,3,0.5133333333333333,,,1.7707317073170732,0.605,2.0032467532467533,,,1.0283333333333333
2117,664,5,42.7,442214,2069828,2,0.3275,,,1.853658536585366,0.38,2.0076335877862594,,,0.6575
2118,664,5,61.0,442214,2069828,4,0.50625,,,1.837037037037037,0.62,2.004938271604938,,,1.015
2119,664,5,87.4,442214,2069828,3,0.525,,,1.7918552036199096,0.66,2.0,,,1.05
2120,664,5,125.0,442214,2069828,2,0.4025,,,1.8224299065420562,0.4875,2.0,,,0.805
2121,700,6,5.0,247217,1805565,5,0.429,,,1.7885906040268456,0.533,2.0023310023310024,,,0.859
2122,700,6,7.1,247217,1805565,1,0.67,,,1.736842105263158,0.825,2.0,,,1.34
2123,700,6,10.2,247217,1805565,4,0.56375,,,1.9897610921501707,0.72875,2.002217294900222,,,1.12875
2124,700,6,14.6,247217,1805565,2,0.49750000000000005,,,1.7697841726618706,0.615,2.0100502512562812,,,1.0
2125,700,6,20.9,247217,1805565,6,0.3858333333333333,,,1.768545994065282,0.49666666666666665,2.0064794816414686,,,0.7741666666666667
2126,700,6,29.9,247217,1805565,6,0.5375,0.47979166666666667,0.6025625,1.8076923076923077,0.6266666666666667,2.0031007751937984,2.0,2.0079916815210934,1.0766666666666667
2127,700,6,42.7,247217,1805565,5,0.48500000000000004,,,1.858934169278997,0.593,2.004123711340206,,,0.972
2128,700,6,61.0,247217,1805565,5,0.45599999999999996,0.31734999999999997,0.5966666666666667,1.8451612903225807,0.572,2.0,2.0,2.0,0.912
2129,700,6,87.4,247217,1805565,3,0.3566666666666667,,,1.7248322147651007,0.42833333333333334,2.0,,,0.7133333333333334
2130,700,6,125.0,247217,1805565,3,0.5416666666666667,,,1.8053097345132743,0.68,2.006153846153846,,,1.0866666666666667
2131,81,6,5.0,316968,2365480,4,0.51625,,,1.8215488215488216,0.67625,2.0072639225181597,,,1.03625
2132,81,6,7.1,316968,2365480,4,0.45375,,,1.8888888888888888,0.595,2.002754820936639,,,0.90875
2133,81,6,10.2,316968,2365480,3,0.5866666666666667,,,1.7366255144032923,0.7033333333333334,2.008522727272727,,,1.1783333333333332
2134,81,6,14.6,316968,2365480,4,0.52,,,1.8109965635738832,0.65875,2.0072115384615383,,,1.04375
2135,81,6,20.9,316968,2365480,4,0.5437500000000001,,,1.7874564459930313,0.64125,2.0022988505747126,,,1.08875
2136,81,6,29.9,316968,2365480,3,0.48666666666666675,,,1.8743718592964824,0.6216666666666667,2.0034246575342465,,,0.975
2137,81,6,42.7,316968,2365480,7,0.48857142857142855,0.4055885416666667,0.565075,1.8625,0.6385714285714286,2.0058479532163744,2.0,2.011654907849268,0.98
2138,81,6,61.0,316968,2365480,5,0.526,,,1.9432432432432432,0.719,2.0038022813688214,,,1.054
2139,81,6,87.4,316968,2365480,6,0.46833333333333327,0.3476903409090909,0.6052500000000001,1.763157894736842,0.5583333333333333,2.008896797153025,2.002,2.015040936549598,0.9408333333333333
2140,81,6,125.0,316968,2365480,3,0.525,,,1.9190476190476191,0.6716666666666666,2.0063492063492063,,,1.0533333333333332
2141,264,6,5.0,1188411,5498682,7,0.38500000000000006,0.3199375,0.42837500000000006,1.7659574468085106,0.4742857142857143,2.0,2.0,2.0,0.77
2142,264,6,7.1,1188411,5498682,2,0.5549999999999999,,,1.9256756756756757,0.7125,2.0,,,1.11
2143,264,6,10.2,1188411,5498682,4,0.37875,,,1.820754716981132,0.4825,2.0,,,0.7575
2144,264,6,14.6,1188411,5498682,9,0.46222222222222226,0.40453124999999995,0.52125,1.8574007220216606,0.5716666666666667,2.003605769230769,2.0,2.0072358374653967,0.9261111111111111
2145,264,6,20.9,1188411,5498682,4,0.47875,,,1.840637450199203,0.5775,2.0052219321148823,,,0.96
2146,264,6,29.9,1188411,5498682,6,0.5791666666666667,,,1.8752642706131077,0.7391666666666666,2.0057553956834533,,,1.1616666666666666
2147,264,6,42.7,1188411,5498682,2,0.3625,,,1.62,0.405,2.0,,,0.725
2148,264,6,61.0,1188411,5498682,4,0.505,,,1.856060606060606,0.6125,2.0024752475247523,,,1.01125
2149,264,6,87.4,1188411,5498682,2,0.32999999999999996,,,1.7816091954022988,0.3875,2.007575757575758,,,0.6625
2150,264,6,125.0,1188411,5498682,4,0.5475,0.4,0.6605000000000002,1.7665505226480835,0.63375,2.006849315068493,2.0,2.018348623853211,1.09875
2151,332,6,5.0,183548,654336,1,0.595,,,2.032258064516129,0.945,2.033613445378151,,,1.21
2152,332,6,7.1,183548,654336,3,0.4183333333333333,,,1.811764705882353,0.5133333333333333,2.0,,,0.8366666666666667
2153,332,6,10.2,183548,654336,3,0.37833333333333335,,,1.729032258064516,0.44666666666666666,2.0,,,0.7566666666666667
2154,332,6,14.6,183548,654336,6,0.4725,,,1.8236842105263158,0.5775,2.005291005291005,,,0.9475
2155,332,6,20.9,183548,654336,4,0.48250000000000004,,,1.8150943396226416,0.60125,2.005181347150259,,,0.9675
2156,332,6,29.9,183548,654336,5,0.43100000000000005,,,1.7884615384615385,0.558,2.0069605568445477,,,0.865
2157,332,6,42.7,183548,654336,5,0.476,0.32655,0.605125,1.8018018018018018,0.6,2.0021008403361344,2.0,2.0056598062954,0.953
2158,332,6,61.0,183548,654336,5,0.5730000000000001,,,1.8783068783068784,0.71,2.005235602094241,,,1.149
2159,332,6,87.4,183548,654336,5,0.475,,,1.8388059701492536,0.616,2.0042105263157897,,,0.952
2160,332,6,125.0,183548,654336,4,0.525,,,1.8493150684931507,0.675,2.007142857142857,,,1.05375
2161,825,5,5.0,175925,5979388,5,0.433,,,1.8567073170731707,0.609,2.0069284064665127,,,0.869
2162,825,5,7.1,175925,5979388,6,0.4833333333333334,0.32645,0.6074999999999999,1.8930232558139535,0.6783333333333333,2.003448275862069,2.0,2.005861220472441,0.9683333333333334
2163,825,5,10.2,175925,5979388,3,0.5866666666666668,,,1.8203125,0.7766666666666666,2.002840909090909,,,1.175
2164,825,5,14.6,175925,5979388,3,0.4783333333333333,,,1.8653846153846154,0.6466666666666666,2.010452961672474,,,0.9616666666666667
2165,825,5,20.9,175925,5979388,5,0.493,,,1.8633720930232558,0.641,2.002028397565923,,,0.987
2166,825,5,29.9,175925,5979388,1,0.3,,,1.6666666666666667,0.4,2.0,,,0.6
2167,825,5,42.7,175925,5979388,3,0.5433333333333333,,,1.8847736625514404,0.7633333333333333,2.0092024539877302,,,1.0916666666666666
2168,825,5,61.0,175925,5979388,9,0.45999999999999996,0.3531150568181818,0.5576041666666667,1.7619047619047619,0.5755555555555556,2.004830917874396,2.001747076023392,2.0104946393762186,0.9222222222222223
2169,825,5,87.4,175925,5979388,5,0.527,,,1.7787114845938374,0.635,2.001897533206831,,,1.055
2170,825,5,125.0,175925,5979388,5,0.492,,,1.96,0.686,2.0060975609756095,,,0.987
2171,262,5,5.0,1160842,921931,4,0.5237499999999999,,,1.8411552346570397,0.6375,2.0047732696897373,,,1.05
2172,262,5,7.1,1160842,921931,6,0.40833333333333327,0.3499166666666667,0.468421875,1.8012048192771084,0.49833333333333335,2.0,2.0,2.0,0.8166666666666667
2173,262,5,10.2,1160842,921931,8,0.50375,0.393325,0.6300125,1.855357142857143,0.649375,2.0062034739454093,2.001058201058201,2.0106067413365456,1.010625
2174,262,5,14.6,1160842,921931,3,0.38166666666666665,,,1.81437125748503,0.505,2.004366812227074,,,0.765
2175,262,5,20.9,1160842,921931,1,0.345,,,1.6046511627906976,0.345,2.0,,,0.69
2176,262,5,29.9,1160842,921931,3,0.2783333333333333,,,1.7826086956521738,0.3416666666666667,2.0059880239520957,,,0.5583333333333333
2177,262,5,42.7,1160842,921931,3,0.4633333333333333,,,1.7329842931937174,0.5516666666666666,2.0,,,0.9266666666666666
2178,262,5,61.0,1160842,921931,4,0.49874999999999997,,,1.7849462365591398,0.6225,2.0025062656641603,,,0.99875
2179,262,5,87.4,1160842,921931,1,0.365,,,1.6122448979591837,0.395,2.0,,,0.73
2180,262,5,125.0,1160842,921931,6,0.3516666666666666,,,1.7625899280575539,0.4083333333333333,2.0,,,0.7033333333333334
2181,37,7,5.0,225012,7920954,2,0.385,,,1.9174311926605505,0.5225,2.0,,,0.77
2182,37,7,7.1,225012,7920954,2,0.3275,,,1.6382978723404256,0.385,2.0076335877862594,,,0.6575
2183,37,7,10.2,225012,7920954,5,0.501,,,1.7734138972809668,0.587,2.003992015968064,,,1.004
2184,37,7,14.6,225012,7920954,2,0.42,,,1.8130081300813008,0.5575,2.005952380952381,,,0.8425
2185,37,7,20.9,225012,7920954,3,0.5333333333333333,,,1.9090909090909092,0.7,2.003125,,,1.0683333333333334
2186,37,7,29.9,225012,7920954,6,0.43333333333333335,0.3,0.5183750000000001,1.8403614457831325,0.5091666666666667,2.003846153846154,2.0,2.011516046751905,0.8683333333333333
2187,37,7,42.7,225012,7920954,1,0.355,,,1.6724137931034482,0.485,2.0,,,0.71
2188,37,7,61.0,225012,7920954,4,0.47875,,,1.8421052631578947,0.56875,2.0026109660574414,,,0.95875
2189,37,7,87.4,225012,7920954,4,0.53,,,1.8668941979522184,0.68375,2.0047169811320753,,,1.0625
2190,37,7,125.0,225012,7920954,9,0.4722222222222221,0.39277083333333335,0.5499999999999999,1.8824503311258278,0.6316666666666667,2.0047058823529413,2.0,2.0099808980405993,0.9466666666666667
2191,496,3,5.0,469525,6532850,2,0.33999999999999997,,,1.7254901960784315,0.44,2.0073529411764706,,,0.6825
2192,496,3,7.1,469525,6532850,6,0.5033333333333333,,,1.8649289099526067,0.6558333333333334,2.0,,,1.0066666666666666
2193,496,3,10.2,469525,6532850,5,0.45299999999999996,,,1.7359735973597359,0.526,2.0044150110375276,,,0.908
2194,496,3,14.6,469525,6532850,4,0.44375,,,1.831858407079646,0.5175,2.0028169014084507,,,0.88875
2195,496,3,20.9,469525,6532850,1,0.57,,,1.8591549295774648,0.66,2.008771929824561,,,1.1449999999999998
2196,496,3,29.9,469525,6532850,5,0.497,,,1.6450617283950617,0.533,2.0020120724346078,,,0.995
2197,496,3,42.7,469525,6532850,3,0.47,,,1.6941176470588235,0.48,2.00709219858156,,,0.9433333333333334
2198,496,3,61.0,469525,6532850,3,0.44333333333333336,,,1.7682926829268293,0.48333333333333334,2.0037593984962405,,,0.8883333333333333
2199,496,3,87.4,469525,6532850,4,0.49500000000000005,,,1.705223880597015,0.57125,2.005050505050505,,,0.9925
2200,496,3,125.0,469525,6532850,3,0.57,,,1.7108433734939759,0.71,2.0058479532163744,,,1.1433333333333333
2201,785,3,5.0,256971,1560624,4,0.52875,,,1.7777777777777777,0.6,2.0118203309692673,,,1.06375
2202,785,3,7.1,256971,1560624,4,0.41624999999999995,,,1.7974137931034482,0.52125,2.012012012012012,,,0.8375
2203,785,3,10.2,256971,1560624,6,0.4483333333333333,0.3174125,0.5863020833333334,1.7588075880758807,0.5408333333333334,2.0055762081784385,2.0,2.0117994100294987,0.8991666666666667
2204,785,3,14.6,256971,1560624,4,0.42625,,,1.7092511013215859,0.485,2.002932551319648,,,0.85375
2205,785,3,20.9,256971,1560624,2,0.4525,,,1.85,0.555,2.0110497237569063,,,0.91
2206,785,3,29.9,256971,1560624,5,0.421,,,1.8456375838926173,0.55,2.002375296912114,,,0.843
2207,785,3,42.7,256971,1560624,4,0.47375,,,1.7096774193548387,0.53,2.0079155672823217,,,0.95125
2208,785,3,61.0,256971,1560624,5,0.37300000000000005,0.3,0.4675,1.7286821705426356,0.446,2.0,2.0,2.0,0.746
2209,785,3,87.4,256971,1560624,2,0.42000000000000004,,,1.743801652892562,0.5275,2.011904761904762,,,0.845
2210,785,3,125.0,256971,1560624,3,0.5499999999999999,,,1.705128205128205,0.665,2.003030303030303,,,1.1016666666666666
2211,310,5,5.0,1088708,5926810,3,0.49333333333333335,,,1.8851674641148326,0.6566666666666666,2.0,,,0.9866666666666667
2212,310,5,7.1,1088708,5926810,2,0.3375,,,1.8695652173913044,0.43,2.0,,,0.675
2213,310,5,10.2,1088708,5926810,2,0.3625,,,1.7380952380952381,0.365,2.0068965517241377,,,0.7275
2214,310,5,14.6,1088708,5926810,5,0.453,,,1.893687707641196,0.57,2.0044150110375276,,,0.908
2215,310,5,20.9,1088708,5926810,3,0.6383333333333333,,,1.9803921568627452,0.8416666666666667,2.0026109660574414,,,1.2783333333333333
2216,310,5,29.9,1088708,5926810,4,0.46625,,,1.7966804979253113,0.54125,2.002680965147453,,,0.93375
2217,310,5,42.7,1088708,5926810,3,0.4666666666666666,,,1.7671957671957672,0.5566666666666666,2.017857142857143,,,0.9416666666666667
2218,310,5,61.0,1088708,5926810,1,0.385,,,1.8113207547169812,0.48,2.012987012987013,,,0.775
2219,310,5,87.4,1088708,5926810,4,0.43124999999999997,,,1.860759493670886,0.55125,2.0,,,0.8625
2220,310,5,125.0,1088708,5926810,3,0.36166666666666664,,,1.8639455782312926,0.45666666666666667,2.0046082949308754,,,0.725
2221,558,7,5.0,500866,527209,3,0.49666666666666676,,,1.8074866310160427,0.5633333333333334,2.0033557046979866,,,0.995
2222,558,7,7.1,500866,527209,8,0.43624999999999997,0.3454431818181818,0.5026,1.7965738758029979,0.524375,2.005730659025788,2.0,2.009438652120956,0.875
2223,558,7,10.2,500866,527209,2,0.45999999999999996,,,1.9682539682539681,0.62,2.005434782608696,,,0.9225
2224,558,7,14.6,500866,527209,3,0.47833333333333333,,,1.7783505154639174,0.575,2.0,,,0.9566666666666667
2225,558,7,20.9,500866,527209,2,0.5325,,,1.9447852760736197,0.7925,2.0,,,1.065
2226,558,7,29.9,500866,527209,4,0.46,,,1.8666666666666667,0.595,2.0027173913043477,,,0.92125
2227,558,7,42.7,500866,527209,8,0.45,0.33996875000000004,0.5578333333333333,1.8092243186582808,0.539375,2.0027777777777778,2.0,2.0087719298245617,0.90125
2228,558,7,61.0,500866,527209,5,0.571,0.4525,0.6833333333333332,1.904884318766067,0.741,2.0192644483362523,2.0062357324911346,2.0390164622988833,1.153
2229,558,7,87.4,500866,527209,3,0.46833333333333327,,,1.9175257731958764,0.62,2.00711743772242,,,0.94
2230,558,7,125.0,500866,527209,4,0.41875,,,1.7991266375545851,0.515,2.002985074626866,,,0.83875
2231,294,3,5.0,123066,693586,5,0.515,,,1.7485549132947977,0.605,2.0019417475728156,,,1.031
2232,294,3,7.1,123066,693586,2,0.5800000000000001,,,1.7616279069767442,0.7575,2.0086206896551726,,,1.165
2233,294,3,10.2,123066,693586,7,0.5321428571428571,,,1.687116564417178,0.5892857142857143,2.004026845637584,,,1.0664285714285715
2234,294,3,14.6,123066,693586,4,0.41874999999999996,,,1.6521739130434783,0.475,2.002985074626866,,,0.83875
2235,294,3,20.9,123066,693586,3,0.5,,,1.803921568627451,0.6133333333333333,2.0033333333333334,,,1.0016666666666667
2236,294,3,29.9,123066,693586,3,0.4633333333333334,,,1.6228571428571428,0.47333333333333333,2.014388489208633,,,0.9333333333333333
2237,294,3,42.7,123066,693586,5,0.506,,,1.7975077881619939,0.577,2.0019762845849804,,,1.013
2238,294,3,61.0,123066,693586,5,0.4210000000000001,0.26943750000000005,0.5485000000000001,1.6940298507462686,0.454,2.002375296912114,2.0,2.006813063063063,0.843
2239,294,3,87.4,123066,693586,3,0.4616666666666666,,,1.6914285714285715,0.49333333333333335,2.0,,,0.9233333333333333
2240,294,3,125.0,123066,693586,3,0.46166666666666667,,,1.6310160427807487,0.5083333333333333,2.0072202166064983,,,0.9266666666666666
2241,62,2,5.0,338325,3825828,4,0.595,0.41,0.7671250000000001,1.6352201257861636,0.65,2.0357142857142856,2.0261015618183404,2.0531963470319634,1.21125
2242,62,2,7.1,338325,3825828,5,0.5820000000000001,,,1.672,0.627,2.0395189003436425,,,1.187
2243,62,2,10.2,338325,3825828,3,0.5066666666666667,,,1.532258064516129,0.475,2.026315789473684,,,1.0266666666666666
2244,62,2,14.6,338325,3825828,6,0.5691666666666666,0.493275,0.6436821428571429,1.57981220657277,0.5608333333333333,2.005856515373353,2.0021416624501045,2.008264928621928,1.1416666666666666
2245,62,2,20.9,338325,3825828,2,0.62,,,1.6567164179104477,0.555,2.0080645161290325,,,1.245
2246,62,2,29.9,338325,3825828,4,0.6225,,,1.5927152317880795,0.60125,2.004016064257028,,,1.2475
2247,62,2,42.7,338325,3825828,3,0.5566666666666666,,,1.5324074074074074,0.5516666666666666,2.002994011976048,,,1.115
2248,62,2,61.0,338325,3825828,4,0.60625,,,1.5838926174496644,0.59,2.0123711340206185,,,1.22
2249,62,2,87.4,338325,3825828,5,0.642,,,1.6016260162601625,0.591,2.0031152647975077,,,1.286
2250,62,2,125.0,338325,3825828,5,0.613,,,1.5633423180592991,0.58,2.0032626427406197,,,1.228
2251,965,5,5.0,89017,1799588,4,0.5975,,,1.8494318181818181,0.81375,2.010460251046025,,,1.20125
2252,965,5,7.1,89017,1799588,7,0.4307142857142857,0.3337291666666667,0.5307797619047618,1.8646080760095012,0.5607142857142857,2.0066334991708126,2.0009908536585366,2.0186975672611323,0.8642857142857143
2253,965,5,10.2,89017,1799588,4,0.5437500000000001,,,1.8187702265372168,0.7025,2.0022988505747126,,,1.08875
2254,965,5,14.6,89017,1799588,6,0.42916666666666664,0.354875,0.4979999999999999,1.8523676880222841,0.5541666666666667,2.0038834951456312,2.0,2.008695652173913,0.86
2255,965,5,20.9,89017,1799588,2,0.6375,,,2.026595744680851,0.9525,2.003921568627451,,,1.2775
2256,965,5,29.9,89017,1799588,6,0.46249999999999997,0.295,0.63009375,1.8627968337730871,0.5883333333333334,2.001801801801802,2.0,2.010197740112994,0.9258333333333333
2258,965,5,61.0,89017,1799588,4,0.58,,,1.9297124600638977,0.755,2.0107758620689653,,,1.16625
2259,965,5,87.4,89017,1799588,3,0.4283333333333334,,,1.8333333333333333,0.495,2.0038910505836576,,,0.8583333333333333
2260,965,5,125.0,89017,1799588,4,0.55625,,,1.8853503184713376,0.74,2.004494382022472,,,1.115
2261,257,3,5.0,309281,1301282,3,0.4083333333333334,,,1.7262569832402235,0.515,2.0040816326530613,,,0.8183333333333334
2262,257,3,7.1,309281,1301282,6,0.4683333333333333,0.33241964285714287,0.585,1.7226666666666666,0.5383333333333333,2.001779359430605,2.0,2.0051084183673473,0.9375
2263,257,3,10.2,309281,1301282,2,0.5900000000000001,,,1.7358490566037736,0.69,2.01271186440678,,,1.1875
2264,257,3,14.6,309281,1301282,3,0.6533333333333333,,,1.7857142857142858,0.7916666666666666,2.010204081632653,,,1.3133333333333332
2265,257,3,20.9,309281,1301282,3,0.38833333333333336,,,1.7058823529411764,0.435,2.0085836909871246,,,0.78
2266,257,3,29.9,309281,1301282,2,0.5375,,,1.7602739726027397,0.6425,2.0093023255813955,,,1.08
2268,257,3,61.0,309281,1301282,8,0.48125,0.35325,0.5960583333333332,1.7458333333333333,0.52375,2.003896103896104,2.0,2.0076825865137216,0.964375
2269,257,3,87.4,309281,1301282,8,0.4793750000000001,0.38745312500000006,0.5837946428571429,1.699203187250996,0.533125,2.0039113428943938,2.0,2.00787987012987,0.960625
2270,257,3,125.0,309281,1301282,6,0.45916666666666667,0.37854464285714284,0.5662499999999999,1.85989010989011,0.5641666666666667,2.0090744101633393,2.0,2.023582947785856,0.9225
2271,793,6,5.0,406364,5204107,6,0.43,0.32328124999999996,0.5367083333333335,1.837696335078534,0.585,2.003875968992248,2.0,2.0089229200030503,0.8616666666666667
2272,793,6,7.1,406364,5204107,9,0.4644444444444445,0.3960125000000001,0.5425125,1.8637137989778534,0.6077777777777778,2.0035885167464116,2.0,2.007043638754045,0.9305555555555556
2273,793,6,10.2,406364,5204107,7,0.457142857142857,,,1.8085585585585586,0.5735714285714286,2.0015625,,,0.915
2274,793,6,14.6,406364,5204107,5,0.44799999999999995,,,1.826086956521739,0.546,2.002232142857143,,,0.897
2275,793,6,20.9,406364,5204107,5,0.42300000000000004,,,1.8355704697986577,0.547,2.00709219858156,,,0.849
2276,793,6,29.9,406364,5204107,5,0.462,,,1.790273556231003,0.589,2.0043290043290045,,,0.926
2277,793,6,42.7,406364,5204107,5,0.548,,,1.8248587570621468,0.646,2.0018248175182483,,,1.097
2278,793,6,61.0,406364,5204107,3,0.49,,,1.8743718592964824,0.6216666666666667,2.0,,,0.98
2279,793,6,87.4,406364,5204107,4,0.52625,,,1.8020477815699658,0.66,2.004750593824228,,,1.055
2280,793,6,125.0,406364,5204107,6,0.4891666666666667,0.40106250000000004,0.6013687500000001,1.8788659793814433,0.6075,2.0034071550255534,2.0,2.010463768115942,0.98
2281,271,4,5.0,433420,2827792,6,0.49416666666666664,,,1.8325242718446602,0.6291666666666667,2.0050590219224285,,,0.9908333333333333
2282,271,4,7.1,433420,2827792,2,0.47250000000000003,,,1.8623188405797102,0.6425,2.0,,,0.945
2283,271,4,10.2,433420,2827792,5,0.44299999999999995,,,1.9025974025974026,0.586,2.0067720090293455,,,0.889
2284,271,4,14.6,433420,2827792,4,0.52,,,1.9217081850533808,0.675,2.012019230769231,,,1.04625
2285,271,4,20.9,433420,2827792,8,0.559375,0.4799772727272727,0.6366666666666667,1.7922705314009661,0.695625,2.004469273743017,2.0,2.011558749516067,1.12125
2286,271,4,29.9,433420,2827792,4,0.5587500000000001,,,1.8664383561643836,0.68125,2.0067114093959733,,,1.12125
2287,271,4,42.7,433420,2827792,1,0.56,,,2.051282051282051,0.8,2.0089285714285716,,,1.1250000000000002
2288,271,4,61.0,433420,2827792,4,0.46124999999999994,,,1.8293650793650793,0.57625,2.005420054200542,,,0.925
2289,271,4,87.4,433420,2827792,4,0.54375,,,1.775244299674267,0.68125,2.0068965517241377,,,1.09125
2290,271,4,125.0,433420,2827792,4,0.5025000000000001,,,1.8430656934306568,0.63125,2.0024875621890548,,,1.00625
2291,24,3,5.0,244382,5539304,3,0.5199999999999999,,,1.6208530805687205,0.57,2.0064102564102564,,,1.0433333333333332
2292,24,3,7.1,244382,5539304,4,0.5825,,,1.7483870967741935,0.6775,2.0128755364806867,,,1.1725
2293,24,3,10.2,244382,5539304,5,0.527,,,1.7298850574712643,0.602,2.0208728652751424,,,1.065
2294,24,3,14.6,244382,5539304,3,0.4683333333333333,,,1.619289340101523,0.5316666666666666,2.00355871886121,,,0.9383333333333334
2295,24,3,20.9,244382,5539304,2,0.4225,,,1.6216216216216217,0.45,2.0,,,0.845
2296,24,3,29.9,244382,5539304,2,0.6325000000000001,,,1.75,0.735,2.007905138339921,,,1.27
2297,24,3,42.7,244382,5539304,5,0.5269999999999999,,,1.617910447761194,0.542,2.0037950664136623,,,1.056
2298,24,3,61.0,244382,5539304,4,0.45999999999999996,,,1.6808510638297873,0.49375,2.005434782608696,,,0.9225
2299,24,3,87.4,244382,5539304,5,0.497,,,1.7119205298013245,0.517,2.0080482897384306,,,0.998
2300,24,3,125.0,244382,5539304,4,0.45499999999999996,,,1.640495867768595,0.49625,2.008241758241758,,,0.91375
2301,708,6,5.0,678329,1019555,3,0.41333333333333333,,,1.7790697674418605,0.51,2.0,,,0.8266666666666667
2302,708,6,7.1,678329,1019555,1,0.545,,,2.0533333333333332,0.77,2.0,,,1.09
2303,708,6,10.2,678329,1019555,1,0.475,,,1.8888888888888888,0.595,2.0105263157894737,,,0.955
2304,708,6,14.6,678329,1019555,3,0.3933333333333333,,,1.8356164383561644,0.44666666666666666,2.0084745762711864,,,0.79
2305,708,6,20.9,678329,1019555,5,0.526,,,1.9299719887955182,0.689,2.0019011406844105,,,1.053
2306,708,6,29.9,678329,1019555,3,0.5299999999999999,,,1.8786407766990292,0.645,2.00314465408805,,,1.0616666666666668
2307,708,6,42.7,678329,1019555,2,0.345,,,1.75,0.4025,2.0,,,0.69
2308,708,6,61.0,678329,1019555,4,0.51125,,,1.8281786941580755,0.665,2.0,,,1.0225
2309,708,6,87.4,678329,1019555,5,0.4170000000000001,,,1.8178571428571428,0.509,2.002398081534772,,,0.835
2310,708,6,125.0,678329,1019555,4,0.49624999999999997,,,1.8555555555555556,0.62625,2.005037783375315,,,0.995
2311,101,4,5.0,721196,7599214,3,0.635,,,1.890625,0.8066666666666666,2.005249343832021,,,1.2733333333333334
2312,101,4,7.1,721196,7599214,5,0.501,,,1.884012539184953,0.601,2.003992015968064,,,1.004
2313,101,4,10.2,721196,7599214,3,0.5883333333333334,,,1.9237668161434978,0.715,2.0056657223796033,,,1.18
2314,101,4,14.6,721196,7599214,2,0.635,,,1.81875,0.7275,2.0078740157480315,,,1.275
2315,101,4,20.9,721196,7599214,6,0.5133333333333333,,,1.8284313725490196,0.6216666666666667,2.0113636363636362,,,1.0325
2316,101,4,29.9,721196,7599214,5,0.485,0.3949375,0.6134041666666668,1.7754491017964071,0.593,2.0082474226804123,2.0,2.0133361928832865,0.974
2317,101,4,42.7,721196,7599214,5,0.547,,,1.7675,0.707,2.003656307129799,,,1.096
2318,101,4,61.0,721196,7599214,3,0.5750000000000001,,,1.9191489361702128,0.7516666666666667,2.008695652173913,,,1.155
2319,101,4,87.4,721196,7599214,2,0.55,,,1.7333333333333334,0.65,2.0045454545454544,,,1.1025
2320,101,4,125.0,721196,7599214,1,0.27,,,1.4848484848484849,0.245,2.0,,,0.54
2321,116,3,5.0,875891,7017791,3,0.415,,,1.736842105263158,0.495,2.0,,,0.83
2322,116,3,7.1,875891,7017791,4,0.38125,,,1.679245283018868,0.445,2.0,,,0.7625
2324,116,3,14.6,875891,7017791,4,0.5075000000000001,,,1.7626459143968871,0.56625,2.002463054187192,,,1.01625
2325,116,3,20.9,875891,7017791,8,0.526875,0.4248541666666667,0.6250340909090909,1.7215411558669003,0.614375,2.00711743772242,2.0019017094017095,2.014609828592609,1.0575
2326,116,3,29.9,875891,7017791,5,0.543,,,1.8147058823529412,0.617,2.0,,,1.086
2327,116,3,42.7,875891,7017791,4,0.51,,,1.7625899280575539,0.6125,2.0049019607843137,,,1.0225
2328,116,3,61.0,875891,7017791,2,0.3975,,,1.607843137254902,0.41,2.006289308176101,,,0.7975
2329,116,3,87.4,875891,7017791,5,0.449,0.3069375,0.5802916666666667,1.7306397306397305,0.514,2.002227171492205,2.0,2.0132675438596497,0.899
2330,116,3,125.0,875891,7017791,6,0.4475,0.35899375000000006,0.5391499999999999,1.7021857923497268,0.5191666666666667,2.007448789571695,2.0,2.013000442897817,0.8983333333333333
2331,379,5,5.0,610314,7355052,4,0.47875,,,1.837037037037037,0.62,2.0052219321148823,,,0.96
2332,379,5,7.1,610314,7355052,4,0.465,,,1.7538461538461538,0.57,2.0080645161290325,,,0.93375
2333,379,5,10.2,610314,7355052,4,0.52125,,,1.8373702422145328,0.66375,2.0071942446043165,,,1.04625
2334,379,5,14.6,610314,7355052,4,0.5875,,,1.7962962962962963,0.7275,2.0042553191489363,,,1.1775
2335,379,5,20.9,610314,7355052,4,0.4925,,,1.937984496124031,0.625,2.0076142131979697,,,0.98875
2336,379,5,29.9,610314,7355052,4,0.6,,,1.8761329305135952,0.77625,2.0,,,1.2
2337,379,5,42.7,610314,7355052,4,0.39749999999999996,,,1.8370044052863437,0.52125,2.006289308176101,,,0.7975
2338,379,5,61.0,610314,7355052,4,0.45625000000000004,,,1.8638132295719845,0.59875,2.0054794520547947,,,0.915
2339,379,5,87.4,610314,7355052,4,0.51125,,,1.8037037037037038,0.60875,2.0,,,1.0225
2340,379,5,125.0,610314,7355052,4,0.44625000000000004,,,1.748917748917749,0.505,2.0056022408963585,,,0.895
2341,138,8,5.0,1171787,7528049,3,0.5633333333333334,,,1.841628959276018,0.6783333333333333,2.0088757396449703,,,1.1316666666666666
2342,138,8,7.1,1171787,7528049,2,0.47,,,1.7886178861788617,0.55,2.0,,,0.94
2343,138,8,10.2,1171787,7528049,5,0.41400000000000003,,,1.7956989247311828,0.501,2.002415458937198,,,0.829
2344,138,8,14.6,1171787,7528049,4,0.5125,,,1.8022388059701493,0.60375,2.004878048780488,,,1.0275
2345,138,8,20.9,1171787,7528049,6,0.41916666666666663,,,1.7740112994350283,0.5233333333333333,2.0019880715705765,,,0.8391666666666666
2346,138,8,29.9,1171787,7528049,5,0.5429999999999999,0.4624875,0.6275,1.8627450980392157,0.665,2.007366482504604,2.0,2.0117396991497714,1.09
2347,138,8,42.7,1171787,7528049,2,0.5825,,,1.7687074829931972,0.65,2.0085836909871246,,,1.1700000000000002
2348,138,8,61.0,1171787,7528049,4,0.42625,,,1.8497652582159625,0.4925,2.002932551319648,,,0.85375
2349,138,8,87.4,1171787,7528049,3,0.5333333333333333,,,1.8156682027649769,0.6566666666666666,2.003125,,,1.0683333333333334
2350,138,8,125.0,1171787,7528049,3,0.5850000000000001,,,1.7551867219917012,0.705,2.0,,,1.17
2351,812,2,5.0,1165666,4518912,5,0.617,0.5375000000000001,0.719025,2.580402010050251,1.027,2.1166936790923825,2.0821564259288463,2.158273381294964,1.306
2352,812,2,7.1,1165666,4518912,3,0.7383333333333333,,,2.043010752688172,0.95,2.072234762979684,,,1.53
2353,812,2,10.2,1165666,4518912,5,0.6599999999999999,,,1.9809069212410502,0.83,2.0575757575757576,,,1.358
2354,812,2,14.6,1165666,4518912,3,0.6183333333333333,,,1.7149532710280373,0.6116666666666667,2.059299191374663,,,1.2733333333333334
2355,812,2,20.9,1165666,4518912,1,0.61,,,1.6875,0.54,2.0491803278688523,,,1.2499999999999998
2356,812,2,29.9,1165666,4518912,4,0.52,,,1.5374149659863945,0.565,2.03125,,,1.05625
2357,812,2,42.7,1165666,4518912,4,0.505,,,1.6394052044609666,0.55125,2.0297029702970297,,,1.025
2358,812,2,61.0,1165666,4518912,5,0.639,0.47000000000000003,0.7527291666666667,1.5176151761517616,0.56,2.0156494522691704,2.00691251596424,2.024019470775196,1.288
2359,812,2,87.4,1165666,4518912,2,0.73,,,1.5935828877005347,0.745,2.0136986301369864,,,1.47
2360,812,2,125.0,1165666,4518912,5,0.5970000000000001,0.4615714285714286,0.711,1.5247252747252746,0.555,2.003350083752094,2.0,2.008475141808475,1.196
2361,861,5,5.0,931901,5044129,4,0.47625,0.35,0.665,1.7545787545787546,0.59875,2.0026246719160103,2.0,2.008426966292135,0.95375
2362,861,5,7.1,931901,5044129,4,0.44875000000000004,,,1.748898678414097,0.49625,2.0055710306406684,,,0.9
2363,861,5,10.2,931901,5044129,3,0.5233333333333333,,,1.966824644549763,0.6916666666666667,2.0063694267515926,,,1.05
2364,861,5,14.6,931901,5044129,5,0.414,,,1.7552447552447552,0.502,2.004830917874396,,,0.83
2365,861,5,20.9,931901,5044129,5,0.44200000000000006,0.364875,0.507544642857143,1.810289389067524,0.563,2.004524886877828,2.0,2.0092698180636774,0.886
2366,861,5,29.9,931901,5044129,9,0.4361111111111111,0.3530972222222222,0.5162901785714284,1.808193668528864,0.5394444444444444,2.0089171974522295,2.000834028356964,2.017118985585333,0.8761111111111111
2367,861,5,42.7,931901,5044129,4,0.40875,,,1.929245283018868,0.51125,2.003058103975535,,,0.81875
2368,861,5,61.0,931901,5044129,1,0.375,,,1.8909090909090909,0.52,2.013333333333333,,,0.755
2369,861,5,87.4,931901,5044129,2,0.53,,,1.8646616541353382,0.62,2.009433962264151,,,1.065
2370,861,5,125.0,931901,5044129,5,0.51,,,1.892753623188406,0.653,2.0058823529411764,,,1.023
2371,523,3,5.0,87049,6051201,3,0.68,,,1.96140350877193,0.9316666666666666,2.017156862745098,,,1.3716666666666666
2372,523,3,7.1,87049,6051201,4,0.5549999999999999,,,1.8390410958904109,0.67125,2.015765765765766,,,1.11875
2373,523,3,10.2,87049,6051201,3,0.5183333333333334,,,1.776190476190476,0.6216666666666667,2.012861736334405,,,1.0433333333333332
2374,523,3,14.6,87049,6051201,7,0.43142857142857144,0.3325,0.5231718750000001,1.7333333333333334,0.5571428571428572,2.0049668874172184,2.0,2.0081631504627686,0.865
2375,523,3,20.9,87049,6051201,2,0.3875,,,1.6728971962616823,0.4475,2.0064516129032257,,,0.7775
2376,523,3,29.9,87049,6051201,1,0.29,,,1.9534883720930232,0.42,2.0,,,0.58
2377,523,3,42.7,87049,6051201,5,0.40499999999999997,0.27249999999999996,0.49350000000000005,1.9014598540145986,0.521,2.0074074074074075,2.0,2.022549019607843,0.813
2378,523,3,61.0,87049,6051201,4,0.5237499999999999,,,1.8111888111888113,0.6475,2.0,,,1.0475
2379,523,3,87.4,87049,6051201,5,0.525,,,1.7908847184986596,0.668,2.001904761904762,,,1.051
2380,523,3,125.0,87049,6051201,3,0.4716666666666667,,,1.7083333333333333,0.5466666666666666,2.0070671378091873,,,0.9466666666666667
2381,629,6,5.0,380820,2391488,4,0.43124999999999997,,,1.9156626506024097,0.59625,2.008695652173913,,,0.86625
2382,629,6,7.1,380820,2391488,5,0.325,,,1.669683257918552,0.369,2.0,,,0.65
2383,629,6,10.2,380820,2391488,3,0.37833333333333335,,,1.7364864864864864,0.42833333333333334,2.004405286343612,,,0.7583333333333333
2384,629,6,14.6,380820,2391488,5,0.47400000000000003,,,1.8557046979865772,0.553,2.00210970464135,,,0.949
2385,629,6,20.9,380820,2391488,4,0.55875,,,1.9087947882736156,0.7325,2.0067114093959733,,,1.12125
2386,629,6,29.9,380820,2391488,2,0.2925,,,1.7464788732394365,0.31,2.0085470085470085,,,0.5875
2387,629,6,42.7,380820,2391488,5,0.508,,,1.8925373134328358,0.634,2.0039370078740157,,,1.018
2388,629,6,61.0,380820,2391488,4,0.4175,,,1.7584745762711864,0.51875,2.002994011976048,,,0.83625
2389,629,6,87.4,380820,2391488,4,0.40375000000000005,,,1.7298578199052133,0.45625,2.003095975232198,,,0.80875
2390,629,6,125.0,380820,2391488,7,0.5185714285714286,0.41039166666666665,0.6227500000000001,1.8618556701030928,0.645,2.002754820936639,2.0,2.0092755102040813,1.0385714285714285
2391,96,4,5.0,594459,4227296,3,0.6066666666666666,,,1.859375,0.7933333333333333,2.008241758241758,,,1.2183333333333333
2392,96,4,7.1,594459,4227296,5,0.461,0.28990625000000003,0.5949000000000002,1.8,0.594,2.0108459869848154,2.0,2.0268975468975468,0.927
2393,96,4,10.2,594459,4227296,2,0.485,,,1.7642857142857142,0.6175,2.015463917525773,,,0.9775
2394,96,4,14.6,594459,4227296,3,0.43166666666666664,,,1.8655913978494623,0.5783333333333334,2.0,,,0.8633333333333333
2395,96,4,20.9,594459,4227296,3,0.54,,,1.7866666666666666,0.67,2.003086419753086,,,1.0816666666666668
2396,96,4,29.9,594459,4227296,5,0.514,,,1.8222222222222222,0.656,2.001945525291829,,,1.029
2397,96,4,42.7,594459,4227296,5,0.5289999999999999,,,1.8112676056338028,0.643,2.0,,,1.058
2398,96,4,61.0,594459,4227296,3,0.6033333333333333,,,1.7791164658634537,0.7383333333333333,2.005524861878453,,,1.21
2399,96,4,87.4,594459,4227296,3,0.5366666666666667,,,1.816425120772947,0.6266666666666667,2.012422360248447,,,1.08
2400,96,4,125.0,594459,4227296,7,0.5064285714285715,,,1.8577319587628867,0.6435714285714286,2.0042313117066293,,,1.015
2401,771,5,5.0,276448,724741,5,0.465,,,1.861952861952862,0.553,2.0129032258064514,,,0.936
2402,771,5,7.1,276448,724741,3,0.57,,,1.8945147679324894,0.7483333333333333,2.002923976608187,,,1.1416666666666666
2403,771,5,10.2,276448,724741,5,0.5349999999999999,,,1.8953168044077136,0.688,2.0018691588785047,,,1.071
2404,771,5,14.6,276448,724741,6,0.5275,0.39790000000000003,0.6549999999999999,1.8456521739130434,0.7075,2.0031595576619274,2.0,2.006174387858592,1.0566666666666666
2405,771,5,20.9,276448,724741,4,0.4425,,,1.8571428571428572,0.53625,2.0084745762711864,,,0.88875
2406,771,5,29.9,276448,724741,2,0.3075,,,1.7261904761904763,0.3625,2.016260162601626,,,0.62
2407,771,5,42.7,276448,724741,1,0.63,,,2.0,0.91,2.0238095238095237,,,1.275
2408,771,5,61.0,276448,724741,1,0.365,,,1.7173913043478262,0.395,2.0,,,0.73
2409,771,5,87.4,276448,724741,3,0.4166666666666667,,,1.8034682080924855,0.52,2.004,,,0.835
2410,771,5,125.0,276448,724741,2,0.4375,,,1.638095238095238,0.43,2.0114285714285716,,,0.88
2411,605,5,5.0,400588,1176586,2,0.44499999999999995,,,1.8584070796460177,0.525,2.0,,,0.89
2412,605,5,7.1,400588,1176586,4,0.43875,,,1.9276595744680851,0.56625,2.0085470085470085,,,0.88125
2413,605,5,10.2,400588,1176586,3,0.4366666666666667,,,1.7555555555555555,0.5266666666666666,2.00381679389313,,,0.875
2414,605,5,14.6,400588,1176586,3,0.4633333333333333,,,1.9217877094972067,0.5733333333333334,2.014388489208633,,,0.9333333333333333
2415,605,5,20.9,400588,1176586,3,0.5316666666666667,,,1.8866995073891626,0.6383333333333333,2.006269592476489,,,1.0666666666666667
2416,605,5,29.9,400588,1176586,5,0.4590000000000001,,,1.8987341772151898,0.6,2.0043572984749454,,,0.92
2417,605,5,42.7,400588,1176586,3,0.5183333333333333,,,1.8669950738916257,0.6316666666666667,2.009646302250804,,,1.0416666666666667
2418,605,5,61.0,400588,1176586,6,0.395,,,1.7592592592592593,0.475,2.00210970464135,,,0.7908333333333334
2419,605,5,87.4,400588,1176586,5,0.48199999999999993,0.39655555555555555,0.5882968749999999,1.987841945288754,0.654,2.0062240663900415,2.0,2.012598338559718,0.967
2420,605,5,125.0,400588,1176586,5,0.55,0.45125,0.6417,1.860655737704918,0.681,2.0090909090909093,2.0,2.0160413468264275,1.105
2421,387,4,5.0,863832,2127595,1,0.515,,,1.92,0.72,2.0,,,1.03
2422,387,4,7.1,863832,2127595,4,0.3625,,,1.7696078431372548,0.45125,2.0,,,0.725
2423,387,4,10.2,863832,2127595,7,0.4721428571428571,0.3448333333333333,0.5609375,1.8105726872246697,0.5871428571428572,2.004538577912254,2.0,2.007863313828356,0.9464285714285714
2424,387,4,14.6,863832,2127595,3,0.6033333333333334,,,1.8142292490118577,0.765,2.0027624309392267,,,1.2083333333333333
2425,387,4,20.9,863832,2127595,3,0.535,,,1.9800995024875623,0.6633333333333333,2.0062305295950154,,,1.0733333333333333
2426,387,4,29.9,863832,2127595,7,0.49714285714285716,0.41665625,0.5625625,1.8045738045738047,0.62,2.0043103448275863,2.0,2.0070933551476,0.9964285714285714
2427,387,4,42.7,863832,2127595,4,0.4975,,,1.8362989323843417,0.645,2.0025125628140703,,,0.99625
2428,387,4,61.0,863832,2127595,2,0.5225,,,1.9932885906040267,0.7425,2.028708133971292,,,1.06
2429,387,4,87.4,863832,2127595,7,0.5221428571428572,0.4474652777777777,0.5808464285714287,1.7515789473684211,0.5942857142857143,2.0054719562243504,2.0,2.010385041877614,1.0471428571428572
2430,387,4,125.0,863832,2127595,2,0.575,,,2.018987341772152,0.7975,2.008695652173913,,,1.155
2431,485,6,5.0,850807,295537,5,0.45899999999999996,,,1.8478260869565217,0.595,2.008714596949891,,,0.922
2432,485,6,7.1,850807,295537,2,0.585,,,1.8734939759036144,0.7775,2.0128205128205128,,,1.1775
2433,485,6,10.2,850807,295537,2,0.495,,,1.912751677852349,0.7125,2.005050505050505,,,0.9925
2434,485,6,14.6,850807,295537,2,0.4125,,,1.7606837606837606,0.515,2.012121212121212,,,0.83
2435,485,6,20.9,850807,295537,7,0.5564285714285714,0.4479875,0.6220125,1.8429906542056074,0.7042857142857143,2.001283697047497,2.0,2.003305785123967,1.1135714285714287
2436,485,6,29.9,850807,295537,4,0.42874999999999996,,,1.7552742616033756,0.52,2.008746355685131,,,0.86125
2437,485,6,42.7,850807,295537,3,0.3383333333333334,,,1.7244094488188977,0.365,2.0,,,0.6766666666666666
2438,485,6,61.0,850807,295537,5,0.41400000000000003,,,1.8308823529411764,0.498,2.004830917874396,,,0.83
2439,485,6,87.4,850807,295537,5,0.5589999999999999,,,1.8571428571428572,0.689,2.0107334525939176,,,1.124
2440,485,6,125.0,850807,295537,2,0.48,,,1.8257575757575757,0.6025,2.0,,,0.96
2441,414,4,5.0,771964,7743600,7,0.45357142857142857,0.3138958333333333,0.5942083333333333,1.7995495495495495,0.5707142857142857,2.0062992125984254,2.0,2.0095531891506413,0.91
2442,414,4,7.1,771964,7743600,8,0.466875,0.34871875,0.5933958333333332,1.8491295938104448,0.5975,2.0080321285140563,2.0015844922039614,2.0132217211441277,0.9375
2443,414,4,10.2,771964,7743600,3,0.43,,,1.723756906077348,0.52,2.003875968992248,,,0.8616666666666667
2444,414,4,14.6,771964,7743600,3,0.5616666666666666,,,1.7754237288135593,0.6983333333333334,2.00593471810089,,,1.1266666666666667
2445,414,4,20.9,771964,7743600,5,0.47400000000000003,,,1.8557993730407523,0.592,2.0084388185654007,,,0.952
2446,414,4,29.9,771964,7743600,4,0.3875,,,1.9099526066350712,0.50375,2.003225806451613,,,0.77625
2447,414,4,42.7,771964,7743600,4,0.37,,,1.7384615384615385,0.42375,2.0,,,0.74
2448,414,4,61.0,771964,7743600,3,0.43333333333333335,,,1.8571428571428572,0.5416666666666666,2.003846153846154,,,0.8683333333333333
2449,414,4,87.4,771964,7743600,5,0.514,,,1.841359773371105,0.65,2.0058365758754864,,,1.031
2450,414,4,125.0,771964,7743600,9,0.4355555555555556,0.3139681818181818,0.5246818181818182,1.8323809523809524,0.5344444444444445,2.00765306122449,2.001778273809524,2.0124654159020166,0.8744444444444445
2451,288,8,5.0,455990,4214430,5,0.49300000000000005,,,1.9413489736070382,0.662,2.0,,,0.986
2452,288,8,7.1,455990,4214430,4,0.50125,,,1.9130434782608696,0.66,2.002493765586035,,,1.00375
2453,288,8,10.2,455990,4214430,5,0.39899999999999997,0.3224375,0.5166666666666666,1.8280701754385964,0.521,2.0050125313283207,2.0,2.0116304347826084,0.8
2454,288,8,14.6,455990,4214430,5,0.376,,,1.8267716535433072,0.464,2.0,,,0.752
2455,288,8,20.9,455990,4214430,2,0.5725,,,1.825,0.73,2.004366812227074,,,1.1475
2456,288,8,29.9,455990,4214430,5,0.529,,,1.8988439306358382,0.657,2.0094517958412097,,,1.063
2457,288,8,42.7,455990,4214430,4,0.48375,,,1.8398576512455516,0.64625,2.0025839793281652,,,0.96875
2458,288,8,61.0,455990,4214430,5,0.45899999999999996,,,1.8717105263157894,0.569,2.0,,,0.918
2459,288,8,87.4,455990,4214430,6,0.49499999999999994,,,1.8221153846153846,0.6316666666666667,2.0016835016835017,,,0.9908333333333333
2460,288,8,125.0,455990,4214430,4,0.36124999999999996,0.265,0.4533333333333333,1.8578947368421053,0.44125,2.01038062283737,2.0,2.0193383805134957,0.72625
2461,281,4,5.0,164553,7278692,2,0.34750000000000003,,,1.6145833333333333,0.3875,2.0071942446043165,,,0.6975
2462,281,4,7.1,164553,7278692,4,0.31875,,,1.8465608465608465,0.43625,2.007843137254902,,,0.64
2463,281,4,10.2,164553,7278692,5,0.458,,,1.8005952380952381,0.605,2.004366812227074,,,0.918
2464,281,4,14.6,164553,7278692,4,0.4625,,,1.7992565055762082,0.605,2.0,,,0.925
2465,281,4,20.9,164553,7278692,2,0.3875,,,1.7387387387387387,0.4825,2.0,,,0.775
2466,281,4,29.9,164553,7278692,4,0.37,,,1.8056872037914693,0.47625,2.0067567567567566,,,0.7425
2467,281,4,42.7,164553,7278692,5,0.41900000000000004,,,1.795774647887324,0.51,2.0047732696897373,,,0.84
2468,281,4,61.0,164553,7278692,6,0.41250000000000003,0.31996875,0.5090500000000001,1.7569060773480663,0.53,2.0,2.0,2.0,0.825
2469,281,4,87.4,164553,7278692,1,0.345,,,1.94,0.485,2.0,,,0.69
2470,281,4,125.0,164553,7278692,8,0.5375,0.44672812500000003,0.6279107142857143,1.7811447811447811,0.66125,2.0046511627906978,2.0,2.0145815388196953,1.0775
2471,445,4,5.0,95834,3926454,5,0.501,,,1.803370786516854,0.642,2.0159680638722555,,,1.01
2472,445,4,7.1,95834,3926454,2,0.455,,,1.955223880597015,0.655,2.010989010989011,,,0.915
2473,445,4,10.2,95834,3926454,2,0.43000000000000005,,,1.9593495934959348,0.6025,2.011627906976744,,,0.865
2474,445,4,14.6,95834,3926454,4,0.48,,,1.723021582733813,0.59875,2.0026041666666665,,,0.96125
2475,445,4,20.9,95834,3926454,5,0.454,0.3254880952380952,0.5516428571428571,1.871473354231975,0.597,2.0088105726872247,2.0,2.013969081765692,0.912
2476,445,4,29.9,95834,3926454,5,0.466,0.3325,0.62375,1.7687687687687688,0.589,2.0085836909871246,2.0,2.018530997304582,0.936
2477,445,4,42.7,95834,3926454,3,0.5166666666666667,,,1.9061032863849765,0.6766666666666666,2.0064516129032257,,,1.0366666666666666
2478,445,4,61.0,95834,3926454,6,0.4466666666666666,,,1.8204419889502763,0.5491666666666667,2.0074626865671643,,,0.8966666666666666
2479,445,4,87.4,95834,3926454,5,0.37,,,1.8482490272373542,0.475,2.002702702702703,,,0.741
2481,306,6,5.0,848302,7005107,5,0.5229999999999999,0.49,0.5653750000000001,1.8846153846153846,0.686,2.0076481835564053,2.0,2.018550193361263,1.05
2482,306,6,7.1,848302,7005107,4,0.6325,,,1.9235127478753542,0.84875,2.0019762845849804,,,1.26625
2483,306,6,10.2,848302,7005107,4,0.4387500000000001,,,1.748,0.54625,2.005698005698006,,,0.88
2484,306,6,14.6,848302,7005107,4,0.49249999999999994,,,1.8088235294117647,0.615,2.00507614213198,,,0.9875
2485,306,6,20.9,848302,7005107,4,0.35125,,,1.814070351758794,0.45125,2.00355871886121,,,0.70375
2486,306,6,29.9,848302,7005107,3,0.4183333333333333,,,1.7619047619047619,0.49333333333333335,2.0119521912350598,,,0.8416666666666667
2487,306,6,42.7,848302,7005107,6,0.43333333333333335,,,1.9098360655737705,0.5825,2.0057692307692307,,,0.8691666666666666
2488,306,6,61.0,848302,7005107,3,0.5616666666666666,,,1.9823788546255507,0.75,2.0029673590504453,,,1.125
2489,306,6,87.4,848302,7005107,4,0.48250000000000004,,,1.8566037735849057,0.615,2.0077720207253886,,,0.96875
2490,306,6,125.0,848302,7005107,5,0.491,0.39000000000000007,0.5983333333333333,1.7924528301886793,0.57,2.0,2.0,2.0,0.982
2491,649,5,5.0,548096,267648,3,0.4033333333333333,,,1.7469135802469136,0.4716666666666667,2.0,,,0.8066666666666666
2492,649,5,7.1,548096,267648,2,0.5425,,,1.9333333333333333,0.6525,2.0092165898617513,,,1.09
2493,649,5,10.2,548096,267648,2,0.4325,,,1.829059829059829,0.535,2.0115606936416186,,,0.87
2494,649,5,14.6,548096,267648,4,0.6025,,,1.7976190476190477,0.755,2.008298755186722,,,1.21
2495,649,5,20.9,548096,267648,8,0.43562500000000004,0.3642202380952381,0.4980083333333333,1.8709677419354838,0.54375,2.0014347202295553,2.0,2.0042460317460318,0.871875
2496,649,5,29.9,548096,267648,6,0.5258333333333333,0.41165624999999995,0.6119500000000001,1.8772321428571428,0.7008333333333333,2.0063391442155307,2.0,2.0119577308120133,1.055
2497,649,5,42.7,548096,267648,6,0.5316666666666666,0.3875,0.6375624999999999,1.8772321428571428,0.7008333333333333,2.006269592476489,2.0019322663834953,2.0093418790453077,1.0666666666666667
2498,649,5,61.0,548096,267648,6,0.47833333333333344,,,1.812169312169312,0.5708333333333333,2.0017421602787455,,,0.9575
2499,649,5,87.4,548096,267648,2,0.3025,,,1.7294117647058824,0.3675,2.0082644628099175,,,0.6075
2500,649,5,125.0,548096,267648,3,0.45999999999999996,,,1.945273631840796,0.6516666666666666,2.010869565217391,,,0.925
